id,text,label,subtype,source,received,notes
e00042,Your Viber code <CODE>.Close this message and enter the code into Viber to activate your account.,scam,other_scam,exais,2014-01-15,REVIEW: fraud or marketing?
e00047,REPLY WITH SMS,scam,other_scam,exais,2016-03-10,REVIEW: fraud or marketing?
e00055,01 10 1992,scam,other_scam,exais,2013-06-02,REVIEW: fraud or marketing?
e00057,ODEOMU; OSUN STATE,scam,other_scam,exais,2013-06-02,REVIEW: fraud or marketing?
e00062,EPL Is Here Again. Text Sport to 35241 For Sport News Update. Cost N100/30days,scam,other_scam,exais,2014-09-04,REVIEW: fraud or marketing?
e00063,Join the winning team now & enjoy unlimited instant airtime when you answer 3 question in the Brain-Wave game. Text WAVE to 5032 to get started now. N10/SMS and stop to unsubcribe,scam,other_scam,exais,2014-09-04,REVIEW: fraud or marketing?
e00064,Nigeria's 100 years!Celebrate with us &you can win the 'Nigeria Centenary 100 Million Naira Mega Jackpot'!Send WIN to 35777 and participate now!N100/SMS,scam,other_scam,exais,2014-09-04,REVIEW: fraud or marketing?
e00065,"Today is Bimbola Kenny's birthday. Reply to post on her Timeline or reply 1 to post ""Happy Birthday!"".",scam,other_scam,exais,2014-09-04,REVIEW: fraud or marketing?
e00066,"Today is Oluwafunke Jawolusi's birthday. Reply to post on her Timeline or reply 1 to post ""Happy Birthday!"".",scam,other_scam,exais,2014-07-05,REVIEW: fraud or marketing?
e00067,"Egbetola Olanrewaju: who wants a free ipad? <URL> (Sent to you, Aisosa, Bakare, Williams, Oguntoye, Joke, and 27 others. Reply to msg all, ""mute"" to stop convo. Info: <URL>",scam,other_scam,exais,2014-05-28,REVIEW: fraud or marketing?
e00068,"If you are in need of more creative, inventive thinking at work or school, here are ways to boost your creativity. Text CREATIVE to 700. N50/week.",scam,other_scam,exais,2014-09-04,REVIEW: fraud or marketing?
e00114,How Nigerian are you? Prove it! Answer 3 Questions correctly & be rewarded with DSTV Walka7s & more. Text GOL to 5030 T&Cs apply and stop to unsubcribe,scam,other_scam,exais,2014-09-03,REVIEW: fraud or marketing?
e00151,Receive healing prophesies from Bishop David Oyedepo every day. Send BDO to 5029 to subscribe at N50 Weekly.,scam,other_scam,exais,2014-09-02,REVIEW: fraud or marketing?
e00152,Your friends have posted 480 updates this week. Reply to post your own status on Facebook or go to <URL>,scam,other_scam,exais,2014-09-02,REVIEW: fraud or marketing?
e00153,Your friends have posted 401 updates this week. Reply to post your own status on Facebook or go to <URL>,scam,other_scam,exais,2014-09-02,REVIEW: fraud or marketing?
e00154,Subscribe to Genevieve Magazine for 7 days free and get two other news and gist products for 7 days free. Text GMW to 4900. Renewal at N30/week.,scam,other_scam,exais,2014-09-02,REVIEW: fraud or marketing?
e00155,Get the Leadership Newspaper delivered to your mobile phone everyday! Text LDW to 4900 to subscribe @N30 weekly,scam,other_scam,exais,2014-02-18,REVIEW: fraud or marketing?
e00157,"Catch the latest gossip, news and hot gist on Linda Ikeji, Text LIW to 4900 to subscribe @ N30 weekly.",scam,other_scam,exais,2013-08-25,REVIEW: fraud or marketing?
e00158,Get the Sun Newspaper delivered to your mobile phone everyday! Text SNW to 4900 @N30 weekly.,scam,other_scam,exais,2013-06-13,REVIEW: fraud or marketing?
e00159,Get the Vanguard Newspaper delivered to your mobile phone everyday! Text VNM to 4900 @ N120 monthly.,scam,other_scam,exais,2013-05-16,REVIEW: fraud or marketing?
e00160,"Seaweed is a superfood that makes a great snack.. To get your daily dose of health tips text Medplus to 5021 to subscribe, N50/weekly,text STOP to unsubscribe.",scam,other_scam,exais,2014-09-02,REVIEW: fraud or marketing?
e00224,"Today is Seyi Odusanya's birthday. Reply to post on his Timeline or reply 1 to post ""Happy Birthday!"".",scam,other_scam,exais,2014-09-02,REVIEW: fraud or marketing?
e00227,"1,000 times congrats!<PHONE> this offer is personal and not transferable:enjoy our exclusive Relationship Tips service! To start:Call *585*6*1# now!N20/day.",scam,other_scam,exais,2014-09-01,REVIEW: fraud or marketing?
e00234,SMILE :) You would be having an incredibly excellent result this time. We haven't forgotten about you. Our prayers are with you.PresidentEsther. N,scam,other_scam,exais,2014-08-31,REVIEW: fraud or marketing?
e00237,"100% South Africa visa guaranteed+residence to stay, (upon request).Canada and USA visas available. Are you interested? If yes then call <PHONE>.",scam,other_scam,exais,2014-08-31,REVIEW: fraud or marketing?
e00238,"Today is Igbinlola Olatunde Tinuola's birthday. Reply to post on his Timeline or reply 1 to post ""Happy Birthday!"".",scam,other_scam,exais,2014-08-31,REVIEW: fraud or marketing?
e00239,"Today is Yusuff Idris Adebayo's birthday. Reply to post on his Timeline or reply 1 to post ""Happy Birthday!"".",scam,other_scam,exais,2014-08-30,REVIEW: fraud or marketing?
e00240,"For the latest Breaking News and Top Stories, subscribe to News Headlines. Send NEWS to 33330 at N50/week. For the latest Football News, text FOOT to 33330",scam,other_scam,exais,2014-08-29,REVIEW: fraud or marketing?
e00241,"Today is Afuape Mayowa St Mayox's birthday. Reply to post on his Timeline or reply 1 to post ""Happy Birthday!"".",scam,other_scam,exais,2014-08-29,REVIEW: fraud or marketing?
e00244,"HELLO FINALIST, DIS IS TO INFORM US DAT D DEADLINE FOR OUR T-SHIRT IS FRIDAY 29/08/14, PLS PAY UP COS THIS WILL BE D LAST BATCH... CALL <PHONE>... THANKS",scam,other_scam,exais,2014-08-27,REVIEW: fraud or marketing?
e00245,"GOOD DAY TO U,DIS IS TO REMIND U OF OUR FINAL YEAR DINNER PAYMENT & TO INFORM U DAT OUR T-SHIRT MEASUREMENT WILL BE TAKING ON MONDAY 18/08/14... NO ONE IS EXEMPTED...PLS PAY UP... THANKS",scam,other_scam,exais,2014-08-12,REVIEW: fraud or marketing?
e00246,"Pls pay up ya dinner fee,INSTALLMENTAL PAYMENT IS HIGHLY ALLOWED,we need money to start planning ...Thanks in anticipation...UNITED WE STAND",scam,other_scam,exais,2014-08-05,REVIEW: fraud or marketing?
e00247,"DIS IS TO REMIND US OF OUR FINAL YEAR DINNER&AWARD NITE,TOTAL PACKAGE IS NOW N6,500 INCLUDING T-SHIRT,COME WIT A FRIEND,ABEOKUTA IS D VENUE..EXCURSION TO OLUMO #1000..COME ONE COME ALL",scam,delivery_fee,exais,2013-01-01,REVIEW: fraud or marketing?
e00248,"Today is Ogunfeyitimi Keny's birthday. Reply to post on his Timeline or reply 1 to post ""Happy Birthday!"".",scam,other_scam,exais,2014-08-27,REVIEW: fraud or marketing?
e00249,"Today is Oyeniyi Olajide Emmanuel's birthday. Reply to post on his Timeline or reply 1 to post ""Happy Birthday!"".",scam,other_scam,exais,2014-08-26,REVIEW: fraud or marketing?
e00250,"Today is Heart Qoh's birthday. Reply to post on her Timeline or reply 1 to post ""Happy Birthday!"".",scam,other_scam,exais,2014-08-24,REVIEW: fraud or marketing?
e00251,"Today is Peter Perky's birthday. Reply to post on his Timeline or reply 1 to post ""Happy Birthday!"".",scam,other_scam,exais,2014-08-23,REVIEW: fraud or marketing?
e00252,"Today is Imran Khadijat's birthday. Reply to post on her Timeline or reply 1 to post ""Happy Birthday!"".",scam,other_scam,exais,2014-08-22,REVIEW: fraud or marketing?
e00254,"Today is Opeyemi Bose Oyeleye's birthday. Reply to post on her Timeline or reply 1 to post ""Happy Birthday!"".",scam,other_scam,exais,2014-08-21,REVIEW: fraud or marketing?
e00292,"Please call me. To get gists about your favorite celebrities with the Celebrity Gist service, text 'Gist' to 35566. Costs N50 weekly",scam,other_scam,exais,2013-01-01,REVIEW: fraud or marketing?
e00295,"Today is Rita Lorena Garcia Larco's birthday. Reply to post on her Timeline or reply 1 to post ""Happy Birthday!"".",scam,other_scam,exais,2014-08-20,REVIEW: fraud or marketing?
e00296,N100.00 was transferred to you from <ACCT> via share n sell service.,scam,other_scam,exais,2014-08-17,REVIEW: fraud or marketing?
e00297,You transferred N100.00 to 2348XXXXX598. Your new account balance is N0.00. Thanks for using share n sell service.,scam,other_scam,exais,2014-08-13,REVIEW: fraud or marketing?
e00298,You transferred N100 to 0814XXXXX98 on 06/08/14 00:16. Your new account balance is N0. Thanks for using Share & Sell.,scam,other_scam,exais,2014-08-06,REVIEW: fraud or marketing?
e00299,N65 was transferred to you from 0814XXXX98 on 27/07/14 14:56 via Share & Sell. Your new account balance is N65.,scam,other_scam,exais,2014-07-27,REVIEW: fraud or marketing?
e00300,You transferred N100 to <PHONE> on 24/07/14 20:23. Your new account balance is N0. Thanks for using Share & Sell.,scam,other_scam,exais,2014-07-24,REVIEW: fraud or marketing?
e00301,"Today is Oladipupo Ismaheel Adekunle's birthday. Reply to post on his Timeline or reply 1 to post ""Happy Birthday!"".",scam,other_scam,exais,2014-08-15,REVIEW: fraud or marketing?
e00308,"Today is Oladipupo Olawale Adisa's birthday. Reply to post on his Timeline or reply 1 to post ""Happy Birthday!"".",scam,other_scam,exais,2014-08-12,REVIEW: fraud or marketing?
e00309,Do you know that both men and women can suffer from breast cancer? But it can be prevented. Text BCP to 33070 for Breast cancer prevention messages. N50/7days.,scam,other_scam,exais,2014-08-11,REVIEW: fraud or marketing?
e00310,"Today is Akintunde Oluyomi Ariyor's birthday. Reply to post on his Timeline or reply 1 to post ""Happy Birthday!"".",scam,other_scam,exais,2014-08-11,REVIEW: fraud or marketing?
e00311,"Today is Oguntoyinbo Esther's birthday. Reply to post on her Timeline or reply 1 to post ""Happy Birthday!"".",scam,other_scam,exais,2014-08-10,REVIEW: fraud or marketing?
e00313,"Today is Oni Olaoluwa's birthday. Reply to post on his Timeline or reply 1 to post ""Happy Birthday!"".",scam,other_scam,exais,2014-08-08,REVIEW: fraud or marketing?
e00328,"Did you know that employers only spend 6 seconds scanning through CVs? Make the most of it! To receive daily job search tips from SHORTLIST,text TIPS to 5031",scam,other_scam,exais,2014-07-27,REVIEW: fraud or marketing?
e00329,"Great news! New jobs have just been added to the Phillips Consulting Job listing, be the first to apply. Subscribe to daily job alerts, text ALERTS to 5031",scam,other_scam,exais,2014-07-27,REVIEW: fraud or marketing?
e00331,Try out today the LOVE METER to calculate whether you two are the perfect match! Send your name + your partner name to 33550. N50 Ex: Bello + Passion,scam,other_scam,exais,2014-07-24,REVIEW: fraud or marketing?
e00349,"World Sport - within your reach! Text 3 to 33555 And subscribe to receive live sports coverage, news, results, and more. @ 50N/week",scam,other_scam,exais,2014-06-19,REVIEW: fraud or marketing?
e00385,Deborah Thomas accepted your friend request.Reply to send her a message or visit her timeline at <URL>,scam,other_scam,exais,2014-05-13,REVIEW: fraud or marketing?
e00394,Your Google verification code <CODE>,scam,other_scam,exais,2014-04-30,REVIEW: fraud or marketing?
e00464,"Wish ur Callers a Merry Xmas! For WE WISH YOU A MERRY XMAS, txt 046630 to 4100. For Handel's HALLELUJAH, txt 046600 to 4100. For O HOLY NIGHT txt 046609 to 4100",scam,other_scam,exais,2013-12-15,REVIEW: fraud or marketing?
e00469,Stand a chance to Win a trip to Obudu Cattle Ranch and Colouful Calabar Carnival for 6 nights. Text XMAS to 35050 at N100 only!,scam,other_scam,exais,2013-12-09,REVIEW: fraud or marketing?
e00475,"BIG Games in association with Toyota, is giving away a Corolla this week, in the BIG Toyota Corolla giveaway. Text BIG to 5045 to qualify (N100/SMS)",scam,other_scam,exais,2013-11-26,REVIEW: fraud or marketing?
e00485,"Being the best parent is the best gift to give your children. To get parental tips twice a week that will guide you always, text PARENT to 35329 @ N100/30days.",scam,other_scam,exais,2013-11-07,REVIEW: fraud or marketing?
e00486,"Prophet Muhammed (SAW) lived a perfect Islamic life, trying to perfect ur ways just like the Prophet (SAW); text HADITH to 35321 to receive daily. N100/30days",scam,other_scam,exais,2013-10-22,REVIEW: fraud or marketing?
e00519,GENERAL: A woman reportedly committed suicide over her husband's refusal to buy her an Ipad. <URL>,scam,other_scam,exais,2013-09-02,REVIEW: fraud or marketing?
e00520,"A personal gift has been awarded to <PHONE>! You have 7 FREE ""Financial Tips""! Congrats! To claim it, text FIN to 38431 NOW! SMS is free!",scam,other_scam,exais,2013-09-02,REVIEW: fraud or marketing?
e00526,"USA,S/Africa,Dubai& Qatar Visa available. Submission of Passport now till Sept, 2nd 2013 Visa out in 4wks.Call <PHONE> for more information.E-BOOKINGTEAM",scam,other_scam,exais,2013-08-29,REVIEW: fraud or marketing?
e00528,"FREE LIVEWELL TIPS! Health is wealth and with LiveWell tips, you will find yourself becoming more healthy. To get HEALTH Tips, text STARTWELL to 35075. FREE!",scam,other_scam,exais,2013-08-23,REVIEW: fraud or marketing?
e00537,Play the BRAIN-WAVE easy Game and Win instant airtime recharge pins. Answer 3 questions only. Text WAVE to 31077. N10/SMS. T&C apply. Txt END to 4080 to optout,scam,other_scam,exais,2013-08-06,REVIEW: fraud or marketing?
e00538,"Today is Olajide Folasade Janet's birthday. Reply to post on her Timeline or reply 1 to post ""Happy Birthday!"".",scam,other_scam,exais,2013-01-01,REVIEW: fraud or marketing?
e00540,"At hand,CANADA,Uk,US, S/Africa tour of group travling. Start procesing now and cheek-out before EASTHER period. Limited SPACE.Call in to lern more <PHONE>.",scam,other_scam,exais,2012-01-20,REVIEW: fraud or marketing?
e00545,"PING, Chat, Share with friends on BlackBerry Messenger To download BBM on your compatible Android or iPhone, go to <URL> Everybody needs internet!",scam,other_scam,exais,2014-07-25,REVIEW: fraud or marketing?
e00547,"Answer these questions on Nigeria and stand a chance to win up to N500,000. Nigerian Flag has how many colours? A.Two B.Three C. One. SMS A,B,C to 35020.",scam,other_scam,exais,2014-08-08,REVIEW: fraud or marketing?
e00587,Transfer 0806XXXXXX76 80 1414,scam,other_scam,exais,2014-07-24,REVIEW: fraud or marketing?
e00588,N150 was transferred to you from the <PHONE> on 28/07/14 07:08 via Share & Sell. Your new account balance is N150.19.,scam,other_scam,exais,2014-07-24,REVIEW: fraud or marketing?
e00589,N150 was transferred to you from the <PHONE> on 23/07/14 18:55 via Share & Sell. Your new account balance is N150.19.,scam,other_scam,exais,2014-07-23,REVIEW: fraud or marketing?
e00590,N100 was transferred to you from the <PHONE> on 19/07/14 07:48 via Share & Sell. Your new account balance is N120.39.,scam,other_scam,exais,2014-07-19,REVIEW: fraud or marketing?
e00591,N200 was transferred to you from the <PHONE> on 18/07/14 16:51 via Share & Sell. Your new account balance is N200.09.,scam,other_scam,exais,2014-07-18,REVIEW: fraud or marketing?
e00592,You transferred N90 to <PHONE> on 28/04/14 23:00. Your new account balance is N0.89. Thanks for using Share & Sell.,scam,other_scam,exais,2014-04-28,REVIEW: fraud or marketing?
e00593,"You are sending N90 airtime to <PHONE>. To confirm, text YES to 777 within the next 15 minutes.",scam,other_scam,exais,2014-04-28,REVIEW: fraud or marketing?
e00594,Transfer 080XXXXX76 90 1414,scam,other_scam,exais,2014-04-28,REVIEW: fraud or marketing?
e00595,You transferred N150 to <PHONE> on 17/04/14 18:24. Your new account balance is N251.22. Thanks for using Share & Sell.,scam,other_scam,exais,2014-04-17,REVIEW: fraud or marketing?
e00596,"You are sending N150 airtime to <PHONE>. To confirm, text YES to 777 within the next 15 minutes.",scam,other_scam,exais,2014-04-17,REVIEW: fraud or marketing?
e00597,Transfer 080XXXXXXX76 150 1414,scam,other_scam,exais,2014-04-17,REVIEW: fraud or marketing?
e00598,"Hurry 2mro&Tue(12,3&6)C B 'OGIRI O LANU"" feat:JideKosoko,MercyAigbe,Odunlade Kolade,AfezeOyetor@Capricorn Cinemas,Cultural Ctr,Kuto,Abk4N500only.Enq:<PHONE>",scam,other_scam,exais,2014-07-23,REVIEW: fraud or marketing?
e00763,Gttrfftyg:-) lmmihjj,scam,other_scam,exais,2014-04-11,REVIEW: fraud or marketing?
e00764,N500 Airtime is Up for Grabs today! Dial 14120 to get yours,scam,other_scam,exais,2014-08-07,REVIEW: fraud or marketing?
e00766,EBOLA VIRUS IS SPREAD BY CONTACT WITH BODY FLUIDS OF GRAVELY ILL INFECTED PERSONS OR ANIMALS LIKE BAT AND MONKEY. PLEASE CALL 6222 TOLL-FREE FOR GUIDANCE,scam,other_scam,exais,2014-08-05,REVIEW: fraud or marketing?
e00834,"MB free data valid till 2014-04-14,Thank you.",scam,other_scam,exais,2014-04-07,REVIEW: fraud or marketing?
e00835,"Dear Customer you recharged 100.00 naira and you have been rewarded with 50.00 naira for national calls.For recharging this week,you have 5",scam,other_scam,exais,2014-04-07,REVIEW: fraud or marketing?
e00843,"Dear Customer you recharged 200.00 naira and you have been rewarded with 200.00 naira for national calls For recharging this week,you have",scam,other_scam,exais,2014-03-27,REVIEW: fraud or marketing?
e00845,"Dear Subscriber,You are almost there!Ur cumulative daily usage is N 16.00,Use additional N 9.00 to start calling at HALF price to all",scam,other_scam,exais,2014-03-26,REVIEW: fraud or marketing?
e00847,"Dear customer, your request was not successful due to insufficient balance. Please, recharge and try again",scam,other_scam,exais,2014-03-19,REVIEW: fraud or marketing?
e00851,Dear Customer you recharged 1000.00 naira and you have been rewarded with 1000.00 naira for national calls,scam,other_scam,exais,2014-03-19,REVIEW: fraud or marketing?
e00853,"Dear Customer you recharged 1000.00 naira and you have been rewarded with 1000.00 naira for national calls For recharging this week,you",scam,other_scam,exais,2014-03-19,REVIEW: fraud or marketing?
e00854,"Dear Subscriber,You are almost there!Ur cumulative daily usage is N 12.00,Use additional N 13.00 to start calling at HALF price to all",scam,other_scam,exais,2014-03-12,REVIEW: fraud or marketing?
e00855,"MB free data valid till 2014-03-18,Thank you.",scam,other_scam,exais,2014-03-11,REVIEW: fraud or marketing?
e00856,"Dear Customer you recharged 100.00 naira and you have been rewarded with 50.00 naira for national calls For recharging this week,you have 5",scam,other_scam,exais,2014-03-11,REVIEW: fraud or marketing?
e00857,"Dear Subscriber,You are almost there!Ur cumulative daily usage is N 11.60,Use additional N 13.40 to start calling at HALF price to all",scam,other_scam,exais,2014-03-09,REVIEW: fraud or marketing?
e00858,"Dear Subscriber,You are almost there!Ur cumulative daily usage is N 20.80,Use additional N 4.20 to start calling at HALF price to all",scam,other_scam,exais,2014-03-08,REVIEW: fraud or marketing?
e00864,data between 1AM &5AM for 7days.Text ON to 229 @N100.,scam,other_scam,exais,2014-02-28,REVIEW: fraud or marketing?
e00870,help to 229 for more info.,scam,other_scam,exais,2014-02-22,REVIEW: fraud or marketing?
e00880,"You are almost there!Ur cumulative daily usage is N 16.40,Use additional N 8.60 to start calling at HALF price to all networks in 9ja",scam,other_scam,exais,2014-01-03,REVIEW: fraud or marketing?
e00881,"If your number ends in 8,you are chosen to participate in 'Nigeria Mega Jackpot'.N110,000 will be given in total TODAY!Send WIN to 35777 now.N100/SMS",scam,other_scam,exais,2014-08-04,REVIEW: fraud or marketing?
e00882,Does your number end in 8?TODAY 28/07you're chosen to participate for the 'Nigeria Centenary 100 Million Naira Mega Jackpot'!Send WIN to 35777!N100/SMS,scam,other_scam,exais,2014-07-27,REVIEW: fraud or marketing?
e00883,Does your number end in 8?TODAY 22/07you're chosen to participate for the 'Nigeria Centenary 100 Million Naira Mega Jackpot'!Send WIN to 35777!N100/SMS,scam,other_scam,exais,2014-07-21,REVIEW: fraud or marketing?
e00885,"If your number ends in 1,you are chosen to participate in 'Nigeria Mega Jackpot'.N110,000 will be given in total TODAY!Send WIN to 35777 now.N100/SMS",scam,other_scam,exais,2014-08-02,REVIEW: fraud or marketing?
e00886,Dear Customer you recharged 200.00 naira and you have been rewarded with 200.00 naira for national calls.,scam,other_scam,exais,2014-08-01,REVIEW: fraud or marketing?
e00890,"If you have a fever, it maybe malaria. Visit your local health centre to get tested. Play your Part for a Malaria Free Nigeria! Supported by FMoH/Total.",scam,other_scam,exais,2014-06-11,REVIEW: fraud or marketing?
e00893,"Dear Subscriber,You are almost there!Ur cumulative daily usage is N 10.40,Use additional N 14.60 to start calling at HALF price to all",scam,other_scam,exais,2014-05-21,REVIEW: fraud or marketing?
e00898,"Dear customer,you have used up your Recharged Data Account.Buy additional data to continue enjoying the service or Text HELP to 229 to get",scam,other_scam,exais,2014-02-22,REVIEW: fraud or marketing?
e00905,"Dear customer, your service settings will arrive soon. Kindly open the message and save. Get daily headlines from Guardian newspaper Text TGW to 655. N30/week",scam,other_scam,exais,2014-01-09,REVIEW: fraud or marketing?
e00908,MB MORE,scam,other_scam,exais,2013-12-30,REVIEW: fraud or marketing?
e00910,Fee Applies.,scam,other_scam,exais,2013-12-18,REVIEW: fraud or marketing?
e00913,"Dear Customer you recharged 500.00 naira and you have been rewarded with 500.00 naira for national calls.For recharging this week,you have",scam,other_scam,exais,2012-01-01,REVIEW: fraud or marketing?
e00914,Get your Share of our Airtime. Dial 14120 to get yours Now.,scam,other_scam,exais,2014-08-01,REVIEW: fraud or marketing?
e00915,GET yours NOW!!! Call 1413 for FREE to find out..,scam,other_scam,exais,2014-07-29,REVIEW: fraud or marketing?
e00916,"Call 14120 to get N500 AIRTIME today, It's FREE to Call",scam,other_scam,exais,2014-07-09,REVIEW: fraud or marketing?
e00921,Enjoy your share of N500 Airteime today. Call 14120 for FREE to get it Now,scam,other_scam,exais,2014-07-27,REVIEW: fraud or marketing?
e00924,"FREE FOR 5 DAYS!Get breaking news,line-ups & goal alerts for Arsenal FC direct to your phone all season. Text MU to 38400 service cost N50/5days.",scam,other_scam,exais,2014-07-25,REVIEW: fraud or marketing?
e00925,"FREE FOR 5 DAYS!Get breaking news,line-ups & goal alerts for Manchester United direct to your phone all season. Text MU to 38400 service cost N50/5days.",scam,other_scam,exais,2014-07-25,REVIEW: fraud or marketing?
e00926,"FREE FOR 5 DAYS!Get breaking news,line-ups & goal alerts for Chelsea FC direct to your phone all season. Text MU to 38400 service cost N50/5days.",scam,other_scam,exais,2014-07-25,REVIEW: fraud or marketing?
e00928,Improve your productivity by understanding how to manage stress. Text SMT to 38400 to receive STRESS MANAGEMENT TIPS for the next 7 days. Text now! it is FREE,scam,other_scam,exais,2014-07-24,REVIEW: fraud or marketing?
e00929,This is a special gift for u!Receive interesting facts that form a part of your everyday life.Send Ball to 38400 to subscribe to Amazing Facts.FREE for 7 days,scam,other_scam,exais,2014-07-24,REVIEW: fraud or marketing?
e00934,"Get World Cup alerts free for 3days & Predict the scores of 6 World Cup matches for FREE to win N1,0,000. Visit <URL> or text wc to 38400",scam,other_scam,exais,2014-06-28,REVIEW: fraud or marketing?
e00935,"Bosnia V Iran 5PM, Nigeria V Arg 5PM,Ecuador V Fra 9PM,Hond V Switz 9PM",scam,other_scam,exais,2014-06-24,REVIEW: fraud or marketing?
e00940,Free gift! 09XXXXXXX21. Never lose yr important SMS again. Backup and restore them with SMSBackup at N100/m. Text SUB to 38111 at no cost for 7 day FREE trial.,scam,other_scam,exais,2014-07-25,REVIEW: fraud or marketing?
e00942,Good health is the best investment you can make. Get 5 health and fitness tips FREE then N50/5days. Text SUB to 38777 at no cost!,scam,other_scam,exais,2014-07-17,REVIEW: fraud or marketing?
e00949,"Is <ACCT>your number? If yes, send ""YES"" to 38255 to get expert Football match analysis from SUNDAY OLISEH, live from Brazil. Service is FREE for 2 days!",scam,other_scam,exais,2014-07-06,REVIEW: fraud or marketing?
e00951,Thrill your callers with 1 FREE tune for 30days. Text 3 to 251 for Limpopo by Kcee or text 8 to 251 for Oya Wait by Dbanj. Text MORE to 251 for a list of tunes,scam,other_scam,exais,2014-06-25,REVIEW: fraud or marketing?
e00952,Easytunez is FREE for 30days! Text GOAL to 251 for Free Activation & get a list of FREE Super Eagles Tunes. Text 51 to 251 for Fly Like Eagles by Ice prince,scam,other_scam,exais,2014-06-23,REVIEW: fraud or marketing?
e00953,"Up Super Eagles! Text 51 to 251 for Fly Like Eagles by Dammy Krane, Seyi Shay & Ice prince. This tune is FREE for 7days or text GOAL to 251 for more FREE tunes",scam,other_scam,exais,2014-06-20,REVIEW: fraud or marketing?
e00954,"Go Super Eagles! To get your callers dancing to Fly like Eagles by Ice Prince FREE, text 51 to 251. 30 days FREE Subscription. Text GOAL to 251 for more tunes",scam,other_scam,exais,2014-06-11,REVIEW: fraud or marketing?
e00955,Get 1 FREE Ring Back Tune for 30days. Text 17 to 251 for Double Wahala by Oritse Femi or text FREE to 251 for a list of more free tunes. Valid till April 30th,scam,other_scam,exais,2014-04-30,REVIEW: fraud or marketing?
e00956,Get 1 FREE Ring Back Tune for 30days. Text 2 to 251 for Bother You by Dbanj or Text FREE to 251 for a list of more free tunes. Valid till April 30th,scam,other_scam,exais,2014-04-28,REVIEW: fraud or marketing?
e00957,Get 1 FREE Ring Back Tune for 30days. Text 10 to 251 for Ghen Ghen Love by Yemi Alade or Text MORE to 251 for a list of more free tunes. Valid till April 30th,scam,other_scam,exais,2014-04-27,REVIEW: fraud or marketing?
e00958,Get 1 FREE Ring Back Tune for 30days. Text 14 to 251 for Daddy Mi by Reminise Ft Davido or text MORE to 251 for a List of more free tunes. Valid till April 30th,scam,other_scam,exais,2014-04-24,REVIEW: fraud or marketing?
e00959,Get 1 FREE Ring Back Tune for 30days. Text 13 to 251 for Rich & Famous by Praiz or Text FREE to 251 for a list of more free tunes. Valid till April 30th,scam,other_scam,exais,2014-04-22,REVIEW: fraud or marketing?
e00960,Get 1 FREE Ring Back Tune for 30days. Text 15 to 251 for Psalm 23 by Korede or txt FREE to 251 for a list of free tunes. Valid till April 30th,scam,other_scam,exais,2014-04-20,REVIEW: fraud or marketing?
e00961,Get 1 FREE Ring Back Tune for 30days. Text 16 to 251 for Allahu Allah by Sami Yusuf or text MORE to 251 for a list of more free tunes. Valid till April 30th,scam,other_scam,exais,2014-04-18,REVIEW: fraud or marketing?
e00962,Get 1 FREE Ring Back Tune for 30days. Text 4 to 251 for Ukwu by Timaya or Text FREE to 251 for a list of more free tunes. Valid till April 30th,scam,other_scam,exais,2014-04-16,REVIEW: fraud or marketing?
e00963,Get 1 FREE Ring Back Tune for 30days. Text 7 to 251 for Chante Alleluyah by Ajuju or Text FREE to 251 for a list of more free tunes. Valid till April 30th,scam,other_scam,exais,2014-04-14,REVIEW: fraud or marketing?
e00964,Get 1 FREE Ring Back Tune for 30days. Text 5 to 251 for Eminado by Tiwa Savage or Text FREE to 251 for a list of more free tunes. Valid till April 30th,scam,other_scam,exais,2014-04-08,REVIEW: fraud or marketing?
e00966,It's a Season of Love! Get 1 FREE tune for 30 days. Text 1 to 251 for Love You by Maleek Berry ft Wizkid or text LOVE to 251 for more free tunes. Valid till Feb 28,scam,other_scam,exais,2014-02-01,REVIEW: fraud or marketing?
e00967,"Dear customer, your account will be charged for the RBT monthly fee on 17/01/2014",scam,other_scam,exais,2014-01-14,REVIEW: fraud or marketing?
e00968,"Dear Customer, you have been granted 1 month FREE EasyTunez service. Dial 251 to download hot tunes from top artists.",scam,other_scam,exais,2013-12-18,REVIEW: fraud or marketing?
e00969,"Support 9ija at the WorldCup,get your Callers listening to We Are Nigerians by Paul Play. Txt 6111 to 251 now at N50/Mnt.",scam,other_scam,exais,2014-06-29,REVIEW: fraud or marketing?
e00970,"Your FREE trial of GENERALNEWS ends today.To continue enjoying the service,send GENERALNEWS to 38296,N5/day.To stop receiving free offers,send STOP FREE to 3000",scam,other_scam,exais,2014-06-15,REVIEW: fraud or marketing?
e00971,"1.Thailand's junta lifts curfew after last month's coup 2.US moves aircraft carrier to the gulf, closer to Iraq 3.Russia and Ukraine to hold new gas talks today",scam,other_scam,exais,2014-06-14,REVIEW: fraud or marketing?
e00972,1.Thailand military junta to set-up interim govt by September 2.Afghanistan 2nd round presidential vote due to be held today 3.Russia has sent tanks into Ukraine-US,scam,other_scam,exais,2014-06-13,REVIEW: fraud or marketing?
e00973,1.Ivory Coast's Gbagbo to be tried at Hague for election violence 2.Iran deploys forces to fight insurgents in Iraq as U.S rule out putting troops back on the ground,scam,other_scam,exais,2014-06-12,REVIEW: fraud or marketing?
e00974,"Rwanda,DRC exchange fire on border 2Iraq request for US air strike as terrorist advance toward Baghdad 3Ugandas FM SamKutesa elected to head UN General Assembly",scam,other_scam,exais,2014-06-11,REVIEW: fraud or marketing?
e00975,1.South Sudan leaders agree to form new govt 2.Iraq loses 2nd-largest city to terrorist;Hundred thousands flee Mosul 3.Reuven Rivlin elected president of Israel,scam,other_scam,exais,2014-06-10,REVIEW: fraud or marketing?
e00976,"1.South African President discharged from hospital 2.Terrorist attack Pakistan's largest airport,23 dead 3.Kosovo's Prime Minister Hashim Thaci wins 3rd term",scam,other_scam,exais,2014-06-09,REVIEW: fraud or marketing?
e00977,"Dear Customer, you will receive 7 days FREE trial of General News. To stop the service, send STOP RHNEWS to 38296 . To stop FREE offers, send STOP FREE to 3000",scam,other_scam,exais,2014-06-08,REVIEW: fraud or marketing?
e00978,"Your FREE trial of INSPIRATIONAL TIPS ends today.To continue enjoying the service,send INSP to 38296,N5/day.To stop receiving free offers,send STOP FREE to 3000",scam,other_scam,exais,2014-06-05,REVIEW: fraud or marketing?
e00979,Joy weathers any storm: Happiness rides the waves - Todd Stocker,scam,other_scam,exais,2014-06-05,REVIEW: fraud or marketing?
e00980,"Joy is a marvellous increasing of what exists, a pure addition out of nothingness - Rainer Maria Rilke",scam,other_scam,exais,2014-06-04,REVIEW: fraud or marketing?
e00981,You can't give somebody faith. They either got it or they don't - Karen Marie Moning,scam,other_scam,exais,2014-06-03,REVIEW: fraud or marketing?
e00982,"Sorrow looks back, Worry looks around, Faith looks up - Ralph Waldo Emerson",scam,other_scam,exais,2014-06-02,REVIEW: fraud or marketing?
e00983,"It is not the number of prayers that will give you happiness, but the number you answer for another person - Shannon L. Alder",scam,other_scam,exais,2014-06-01,REVIEW: fraud or marketing?
e00984,Life has a way of shining on people who stand in the sunshine of kind actions. - Bryant McGill,scam,other_scam,exais,2014-05-31,REVIEW: fraud or marketing?
e00985,"Wisdom is knowing I am nothing, love is knowing I am everything, and between the two my life moves - Sri Nisargadatta Maharaj",scam,other_scam,exais,2014-05-30,REVIEW: fraud or marketing?
e00986,"The path to success is to take massive, determined action - Anthony Robbins",scam,other_scam,exais,2014-05-29,REVIEW: fraud or marketing?
e00987,"Dear Customer, you will receive 7 days FREE trial of INSPIRATIONAL. To stop the service, send STOP RHINSP to 38296 . To stop FREE offers, send STOP FREE to 3000",scam,other_scam,exais,2014-05-29,REVIEW: fraud or marketing?
e00993,Congrats! All numbers ending in **321 have been personally granted 7 FREE days of Wellness SMS & Fitness SMS & then N200/week membership. Text 1 to 7804!,scam,other_scam,exais,2014-06-03,REVIEW: fraud or marketing?
e00995,"**Celebrate! ** 090XXXXXX21 answer this & get 7 FREE days of ""Wellness"" SMS & then N100/week. ""Can you make garri with cassava? "" Text YES to 7804 at no cost!",scam,other_scam,exais,2014-03-12,REVIEW: fraud or marketing?
e00997,"America - land of opportunity. Learn about America - how to visit, school, work or relocate. Get 5 days FREE and then N50/5 day. Text AME to 38888.",scam,other_scam,exais,2014-06-02,REVIEW: fraud or marketing?
e00998,Are you pregnant or do you have a new infant or have family that has? Get 5 FREE days of baby and pregnancy tips then N50/5 days. Text BABY to 38888.,scam,other_scam,exais,2014-04-24,REVIEW: fraud or marketing?
e01001,Get 1 FREE Ring Back Tune for 30days. Text 2 to 251 for Aye by Davido or text MORE to 251 for a list of more free tunes. N50 activation fee appli<<Content not supported>>,scam,other_scam,exais,2014-05-24,REVIEW: fraud or marketing?
e01002,"Finally, health tips at your finger tips. For your daily guide to healthier living,SMS FREE to 4949.3 FREE days included. Service costs N10",scam,other_scam,exais,2014-05-19,REVIEW: fraud or marketing?
e01004,"Get the latest sports news daily ranging from football, athletics, boxing to tennis FREE for 2wks, then N20 for 2days after; to subscribe",scam,other_scam,exais,2014-05-14,REVIEW: fraud or marketing?
e01005,"Start everyday with God words; 4 Bible Promises, text PROMISE to 30327; for Open Doors Devotional, text OPEN to 30327. Free for 2wks, then N20 every 3days after",scam,other_scam,exais,2014-04-24,REVIEW: fraud or marketing?
e01006,"Start ur day with Gods words; for Bible Promise, text PROMISE to 30327; for Open Doors Daily Devotional, text OPEN to 30327. N20/3days. To stop,text NO to 38321",scam,other_scam,exais,2014-03-20,REVIEW: fraud or marketing?
e01014,Enjoy 7 day FREE trial to spread the good laugh & smile around with some rib-tickling jokes!! SMS JOKES to 38567. HURRY !! Limited period offer!!,scam,other_scam,exais,2014-03-22,REVIEW: fraud or marketing?
e01015,Free Free!! Spread the good laugh & smile around with some rib-tickling jokes!! For 7 days free trial SMS JOKES to 38567.Limited period offer!!,scam,other_scam,exais,2014-03-06,REVIEW: fraud or marketing?
e01016,Free Free!!! Get the latest gossips & hot news in the world of Hollywood stars on your mobile!! SMS HNP to 38567 for 7 days FREE trial!!Hurry limited offer!!,scam,other_scam,exais,2014-02-04,REVIEW: fraud or marketing?
e01022,Reg*<ACCT>#,scam,other_scam,exais,2013-12-19,REVIEW: fraud or marketing?
e01023,Reg*<ACCT>*,scam,other_scam,exais,2013-12-18,REVIEW: fraud or marketing?
e01024,Y?ello! Wow your partner with the best dress sense with daily fashion tips. Send HIM to 33388 if you?re a guy or send HER to 33388 if you?re a lady. N50 weekly only.,scam,other_scam,exais,2014-08-08,REVIEW: fraud or marketing?
e01026,Want to win a Walker? Click here <URL> to like the GOtv Facebook page; you?ll be entered for a raffle draw and could win one of 50 Walkers!,scam,other_scam,exais,2014-08-07,REVIEW: fraud or marketing?
e01027,GREAT NEWS!We celebrate Nigeria's 100 years &we give away the 'Nigeria Centenary 100 Million Naira Mega Jackpot'!Send WIN to 35777 & participate!N100/SMS,scam,other_scam,exais,2014-08-07,REVIEW: fraud or marketing?
e01028,"Enjoy uninterrupted chatting and PINGing on BBM, for only N100 weekly. To activate, text BBMW to 21600.",scam,other_scam,exais,2014-08-06,REVIEW: fraud or marketing?
e01030,"Due to a planned network upgrade, you might experience difficulty with making calls tonight b/w 10pm . 3am. We deeply regret any inconvenience this will cause",scam,other_scam,exais,2014-08-03,REVIEW: fraud or marketing?
e01033,Yhello! You can now get up to date ALJAZEERA News directly to your mobile handsets. Text ALJ to 700 now! For NAIJA GIST text NGOSSIP to 700.,scam,other_scam,exais,2014-08-04,REVIEW: fraud or marketing?
e01034,You transferred N350 to 070XXXXXX17 on 03/08/14 12:14. Your new account balance is N10.15. Thanks for using Share & Sell.,scam,other_scam,exais,2014-08-03,REVIEW: fraud or marketing?
e01035,N350 was transferred to you from 081XXXXXX71 on 03/08/14 12:14 via Share & Sell. Your new account balance is N371.6.,scam,other_scam,exais,2014-08-03,REVIEW: fraud or marketing?
e01036,You transferred N200 to 081XXXXX992 on 30/07/14 16:42. Your new account balance is N206.09. Thanks for using Share & Sell.,scam,other_scam,exais,2014-07-30,REVIEW: fraud or marketing?
e01039,"MCB&CSC Dinner 2014,1st of its Kind in FUNAAB.2nd,Aug.2014 Have you Picked up your ticket(s) VIP=#1,500 COUPLE=#2,800 TABLE for 6=#8,500.CALL 081XXXXX18 4tckts",scam,other_scam,exais,2014-07-30,REVIEW: fraud or marketing?
e01040,LOVE TO MEET NEW FRIENDS? FunDate Is 4 You. FunDate Makes Finding New Friends Easy. Text FD to 35241 to start. cost N100 /30days,scam,other_scam,exais,2014-07-30,REVIEW: fraud or marketing?
e01045,Reduce your stress.Stress/anxiety can temporarily increase blood pressure.More Tips on How to Control High Blood Pressure.Txt Bp to 35240. Cost N100 /30 days,scam,other_scam,exais,2014-07-15,REVIEW: fraud or marketing?
e01047,Easytunez Service offers you 1 FREE Ring Back Tune & FREE Activation for 30 days. Text 1 to 251 for Esupofo by Olamide or text 3 to 251 for Limpopo by Kcee.,scam,other_scam,exais,2014-07-12,REVIEW: fraud or marketing?
e01063,"Are you a graduate or professional looking for a new job? To get daily Job Vacancies from Phillips Consulting, text YES to 5039 or STOPALERTS to unsubscribe",scam,other_scam,exais,2014-06-29,REVIEW: fraud or marketing?
e01064,"Looking for a new job?A good CV should be short/relevant;no more than 3pages.For more Job tips from Phillips Consulting,text JOBS to 5039 or STOP to unsubscribe",scam,other_scam,exais,2014-06-29,REVIEW: fraud or marketing?
e01065,"God will bless you richly,so that in all things at all times,you will abound in every good work.For more prayers from Pastor Chris Oyakhilome,text ROR to 5036.",scam,other_scam,exais,2014-06-29,REVIEW: fraud or marketing?
e01066,RAMADAN THE MONTH OF FORGIVENESS AND BONANZA.For Ramadan Daily Prayer Guide. Text Ramadan to 35242.cost N100 /Ramadan Period.Content delivery starts next day,scam,other_scam,exais,2014-06-29,REVIEW: fraud or marketing?
e01067,Making money can be made easier with the right information and skills so text Money Shop Today.Text YES to 5038 to subscribe. N50/wkly.Text STOP to unsubscribe,scam,other_scam,exais,2014-06-29,REVIEW: fraud or marketing?
e01069,Visit <URL> login 2347XXXXXX17 password thkDys to access your saved data,scam,other_scam,exais,2014-06-28,REVIEW: fraud or marketing?
e01082,"Get the latest breaking local & international news, text NEWS to 30327; for latest news & gossips on artistes & celebrities, text CELEB to 30327. N20 for 5days",scam,other_scam,exais,2014-06-08,REVIEW: fraud or marketing?
e01084,"Be healthy & safe at all times, text HSE to 30328 to start getting safety tips; Be healthy & beautiful all day, text HBE to 30328 to get started. Cost:N20/3days",scam,other_scam,exais,2014-04-30,REVIEW: fraud or marketing?
e01085,Our precious gifts require the most delicate care & attention. Find out the best tips on how to Take Care of Your Baby. Send 6 to 33555 @ N50/week.,scam,other_scam,exais,2014-06-06,REVIEW: fraud or marketing?
e01090,OKGenuine Lumartem.Your PIN:200XXXXXXX755 NRN:A4-4845Problem? Call <ACCT>NAFDAC & CIPLA CareSproxil SMS,scam,other_scam,exais,2014-05-19,REVIEW: fraud or marketing?
e01091,2.00E+12,scam,other_scam,exais,2014-05-18,REVIEW: fraud or marketing?
e01104,"Tonight 7.45 Champions Lge Semi Final 1st Leg Ath. Madrid v Chelsea. For live match SMS/news and Mp3s, first text SUB to 30181 to register. Just N50/wk!",scam,other_scam,exais,2014-04-22,REVIEW: fraud or marketing?
e01106,"John invited you to Facebook. Learn more: <URL> . Reply ""stop"" to stop getting Facebook texts",scam,other_scam,exais,2014-04-20,REVIEW: fraud or marketing?
e01110,WhatsApp code 144-419,scam,other_scam,exais,2014-03-14,REVIEW: fraud or marketing?
e01121,"Breaking News! Get the World Cup live match alerts text WC to 38400 N50/3days & you can play to Win N1,0,000 for Free. Visit <URL> to play.",scam,other_scam,exais,2014-06-20,REVIEW: fraud or marketing?
e01122,get all the ogbonge football gist and live scores from una favorite clubs dem. Text PIDGIN to 38400,scam,other_scam,exais,2014-04-06,REVIEW: fraud or marketing?
e01123,"Free for 1 week, Keep up to date with all the 2014 World Cup news, Simply text WC to enjoy all the breaking news, goals, fixtures, world cup facts & many more.",scam,other_scam,exais,2014-04-06,REVIEW: fraud or marketing?
e01124,Enjoy free live football scores on your phone from all the major clubs & leagues for 7 days. Text BALL to 38400. We would keep you LIVE in the game,scam,other_scam,exais,2014-04-06,REVIEW: fraud or marketing?
e01125,"If your number ends in 7,you are chosen to participate in 'Nigeria Mega Jackpot'.N110,000 will be given in total TODAY!Send WIN to 35777 now.N100/SMS",scam,other_scam,exais,2014-08-08,REVIEW: fraud or marketing?
e01127,"God demonstrates his own love for us in this: While we were still sinners, Christ died for us. For 5 days FREE trial of Holy Bible verses, send BIBLE to 38500",scam,other_scam,exais,2014-08-06,REVIEW: fraud or marketing?
e01128,"Laugh till you drop with rib cracking, hilarious and spicy Adult jokes on your Mobile. To Enjoy 5 days FREE trial on subscription, send AJOKE to 38500",scam,other_scam,exais,2014-08-01,REVIEW: fraud or marketing?
e01129,"Building a sandcastle together at beach is a great way to enjoy romantic day. To get 5 Days FREE trial of Love Msgs, Romantic Tips & Ideas, send LOVE to 38500",scam,other_scam,exais,2014-07-27,REVIEW: fraud or marketing?
e01130,"Missing someone you love? Send them Missing You Quotes so that they will know that you miss them. To Enjoy 5 days FREE Alerts on trial, send MISS to 38500",scam,other_scam,exais,2014-07-22,REVIEW: fraud or marketing?
e01131,"If ur outfit has a color in it, ur footwear can be any shade of that color. To get 5 Days FREE Trial of latest Fashion, Style & Career Tips, send YOUTH to 38500",scam,other_scam,exais,2014-07-17,REVIEW: fraud or marketing?
e01132,"Enjoy World Cup right on you Mobile! Scores, Gossips, Line Ups & Much More. Send FOOTBALL to 38500 and enjoy FREE trial for 5 days. Hurry!!",scam,other_scam,exais,2014-07-12,REVIEW: fraud or marketing?
e01133,"Cop: Didnt you hear my whistle,Madam. Girl:I did. But I dont like folks flirting with me while I am driving. To Get Jokes FREE for 5 Days, send JOKES to 38500",scam,other_scam,exais,2014-06-27,REVIEW: fraud or marketing?
e01134,"Keeping up to date with breaking news on Politics, current affairs, business and sports is so simple now. To Enjoy 5 days FREE trial, send NEWS to 38500",scam,other_scam,exais,2014-06-18,REVIEW: fraud or marketing?
e01135,"Keep gum or Tic Tacs in your purse. ""Want one?"" is the world easiest icebreaker! For 5 Days FREE Trial for Flirting Tips and Msgs , send FLIRT to 38500",scam,other_scam,exais,2014-06-14,REVIEW: fraud or marketing?
e01136,"Now get the most reliable weather forecast for Lagos including sun, rain, wind and temperature. To Enjoy 5 days FREE trial on sub, send WEATHER to 38500",scam,other_scam,exais,2014-06-05,REVIEW: fraud or marketing?
e01137,Don? e?t Miss the SuperCool Updates of Most Awaited World Cup 2014. Send FOOTBALL to 38500 and get each and every update of Match.Its FREE for you for 5 days.,scam,other_scam,exais,2014-05-31,REVIEW: fraud or marketing?
e01138,"Discover the secrets to adding romance to your relationship. Small things that make a lot of difference. To Enjoy 5 days FREE trial on sub, send LOVE to 38500",scam,other_scam,exais,2014-05-22,REVIEW: fraud or marketing?
e01139,"A funny joke is the the best way to bring smile on your friend face. To Enjoy 5 days FREE trial of cool, funny Jokes, send JOKES to 38500",scam,other_scam,exais,2014-05-14,REVIEW: fraud or marketing?
e01140,"Missing someone you love? Send them Missing You Quotes so that they will know that you miss them.. To Enjoy 5 days FREE Alerts on trial, send MISS to 38500",scam,other_scam,exais,2014-04-22,REVIEW: fraud or marketing?
e01141,"Now enjoy a laughter therapy right on your phone! Get your daily dose of humour with hilarious jokes via SMS. To Enjoy 5 days FREE trial, send JOKES to 38500",scam,other_scam,exais,2014-04-17,REVIEW: fraud or marketing?
e01142,"I wish that you were here, or I were there, or we were together anywhere... For free Miss You alerts for 5 Days, send MISS to 38500",scam,other_scam,exais,2014-04-04,REVIEW: fraud or marketing?
e01143,"Be funny. Using humor when u flirt is effective technique. For 5Days free Trial for creative dating tips, pick-up lines & flirty text msgs, send FLIRT to 38500",scam,other_scam,exais,2014-01-25,REVIEW: fraud or marketing?
e01145,Your account was credited with N100 and service charge of N10 deducted. N100 will be deducted upon your next recharge. Please repay by 09/Aug/2014,scam,other_scam,exais,2014-08-06,REVIEW: fraud or marketing?
e01146,N100 has been successfully deducted from your airtime to cover your loan. You have no outstanding debt. You can now apply for a new loan,scam,loan_bait,exais,2014-08-01,REVIEW: fraud or marketing?
e01147,Your account was credited with N100 and service charge of N10 deducted. N100 will be deducted upon your next recharge. Please repay by 02/Aug/2014,scam,other_scam,exais,2014-07-30,REVIEW: fraud or marketing?
e01148,Your account was credited with N100 and service charge of N10 deducted. N100 will be deducted upon your next recharge. Please repay by 30/Jul/2014,scam,other_scam,exais,2014-07-27,REVIEW: fraud or marketing?
e01149,Your account was credited with N100 and service charge of N10 deducted. N100 will be deducted upon your next recharge. Please repay by 11/Jul/2014,scam,other_scam,exais,2014-07-08,REVIEW: fraud or marketing?
e01151,You need to refund the outstanding deficit to qualify for a new airtime loan,scam,loan_bait,exais,2014-07-03,REVIEW: fraud or marketing?
e01152,Your account was credited with N100 and service charge of N10 deducted. N100 will be deducted upon your next recharge. Please repay by 05/Jul/2014,scam,other_scam,exais,2014-07-02,REVIEW: fraud or marketing?
e01153,Your account was credited with N100 and service charge of N10 deducted. N100 will be deducted upon your next recharge. Please repay by 23/Jun/2014,scam,other_scam,exais,2014-06-20,REVIEW: fraud or marketing?
e01154,"WCF invites U 2 b our special guest @ 2day's Hosanna service @ Dewot centre, Camp by 4pm. Also, Wcf dinner Tickts r ready.price: #500. God bless U as U com IJN!",scam,other_scam,exais,2014-08-06,REVIEW: fraud or marketing?
e01156,COLNASSA WEEK IS HERE 4RM MON 4TH-8TH AUG Tagged Beyond D certificates.Mon;Awareness motion ground Wed;symposium proper.Guest speaker Prof ONIFADE Dir CENTS,scam,other_scam,exais,2014-08-03,REVIEW: fraud or marketing?
e01157,Dz is 2 invite u 4 COLNASSA excursn 2 ekiti state 2 xplore nature.Date;13-14 june Fee;4000(acc&feedin inclusive).Deadline 4 payment is 12/06/14 call <PHONE>,scam,other_scam,exais,2014-05-23,REVIEW: fraud or marketing?
e01158,"Govt action against Ebola: Identifying &monitoring exposed persons,air/seaports &land borders.Report cases to 08XXXXXX701,08XXXXXXX75. <EMAIL>",scam,other_scam,exais,2014-08-03,REVIEW: fraud or marketing?
e01160,"Contact with blood,sweat,urine &semen of infected persons/bats/monkeys transmits Ebola. Symptoms: fever,vomiting,diarrhea &bleeding. Wash hands always &stay alert.",scam,other_scam,exais,2014-08-02,REVIEW: fraud or marketing?
e01161,2985 is your verification code from Yahoo,scam,other_scam,exais,2014-08-01,REVIEW: fraud or marketing?
e01162,It takes between 2 & 21 days for someone infected with Ebola to show the symptoms. Get the preventive measures against Ebola today!Send HEALTH to 38296! Service cost N10 daily,scam,other_scam,exais,2014-08-01,REVIEW: fraud or marketing?
e01163,"Predegree form 15000 school fee- 150000 osiele form Is not out ,,,, dial 233.To Change Language, press 0",scam,other_scam,exais,2014-07-30,REVIEW: fraud or marketing?
e01164,How much is d pre degree 4m FUAB also d current sch fees . Tks eld Adegoke.,scam,other_scam,exais,2014-07-30,REVIEW: fraud or marketing?
e01165,"Femoo, hw ws ur journey back 2 sch ystday? And also ur nait. Splendid, good. Pls do not 4get the msg about Fed col of Edu Osiele an also pre degree 4m of ur sch. Tks and God bless.",scam,other_scam,exais,2014-07-30,REVIEW: fraud or marketing?
e01166,"Play, Learn & Enjoy. Polish up your knowledge of English language. Play Word Puzzle free for 5days. Send REG WP to 38233. T&C Apply.",scam,other_scam,exais,2014-07-27,REVIEW: fraud or marketing?
e01167,Free gift! 08XXXXXXX237. Never lose yr important SMS again. Backup and restore them with SMSBackup at N100/m. Text SUB to 38111 at no cost for 7 day FREE trial.,scam,other_scam,exais,2014-07-27,REVIEW: fraud or marketing?
e01174,"Dear Body Talks customer, please be informed that your subscription has been suspended due to insufficient balance. To re-subscribe send BT to 5800",scam,other_scam,exais,2014-07-19,REVIEW: fraud or marketing?
e01175,"Dear Body Talks customer, you have insufficient balance to renew your subscription. The service will continue for 1 day and will be cancelled thereafter.",scam,other_scam,exais,2014-07-17,REVIEW: fraud or marketing?
e01176,scratching ears shows lack of confidence,scam,other_scam,exais,2014-05-16,REVIEW: fraud or marketing?
e01177,"Bored people often repeat actions such as tapping toes, swinging feet or drumming fingers. The repetition may escalate as they try to signal their boredom.",scam,other_scam,exais,2014-05-15,REVIEW: fraud or marketing?
e01178,"Open arms, particularly when combined with showing palms, mean that someone is approachable and willing to communicate with others.",scam,other_scam,exais,2014-04-07,REVIEW: fraud or marketing?
e01179,"A person with folded / crossed arms is placing a barrier betwee,,,, plates n oda essentials.FAVOUR",scam,other_scam,exais,2014-04-06,REVIEW: fraud or marketing?
e01180,"Congrats! You have been personally granted 5 FREE days of Hellohealth Wellness and Fitness SMS and then N50/5days membership. Text 1 to 38777!,,,,favor of Obededom,excelent spirit of Daniel go wit u, go n suceed.",scam,other_scam,exais,2014-07-19,REVIEW: fraud or marketing?
e01186,Hurry! Enjoy 1 FREE Ring Back Tune & FREE Activation for 30days. Text FREE to 251 for a list of free tunes like Esupofo by Olamide & lots more. Offer ends TODAY,scam,other_scam,exais,2014-07-13,REVIEW: fraud or marketing?
e01187,"Get Aye by Davido FREE for 30 days. To get this tune, text 2 to 251 or text FREE to 251 for a list of more FREE tunes. FREE 30 days Activation for Non RBT users",scam,other_scam,exais,2014-06-10,REVIEW: fraud or marketing?
e01189,"Make yourself beautiful, text BEAUTY to 30328 to start getting daily beauty tips; Improve your pronunciation & grammar, text DICTION to 30328. Cost: N20/3days",scam,other_scam,exais,2014-07-12,REVIEW: fraud or marketing?
e01190,"Get the latest sports news daily ranging from football, athletics, boxing to tennis FREE for 2wks",scam,other_scam,exais,2014-05-20,REVIEW: fraud or marketing?
e01191,"Ladies, make 85% of ur food veggies,this way u'll be healthier & thinner. To get more tips FREE for 1wk on women health; text WHT to 30328. N20/3days thereafter",scam,other_scam,exais,2014-04-25,REVIEW: fraud or marketing?
e01192,"Start ur day with Gods words; for Bible Promise, text PROMISE to 30327; for Open Doors Daily Devotional, text OPEN to 30327. N20/3days. To stop",scam,other_scam,exais,2014-03-27,REVIEW: fraud or marketing?
e01193,"Listen to Sunday Oliseh, one of Nigeria's unforgettable footballers, as he shares his expert analysis on events in Brazil. Text SOFA to 38322. Service cost N50 weekly",scam,other_scam,exais,2014-07-11,REVIEW: fraud or marketing?
e01201,"Thank you for subscribing to Daily Amebo Service. To receive messages on Daily Amebo Service, text 1 to 28052.",scam,other_scam,exais,2014-07-02,REVIEW: fraud or marketing?
e01203,"Under pressure from Congress, celebrity doctor Mehmet Oz on offered to help drain the unscrupulous marketers using his name to peddle so called miracle pills",scam,other_scam,exais,2014-06-18,REVIEW: fraud or marketing?
e01204,Melanie Griffith is doing her best to erase Banderas from her life. she was seen covering Banderas's tattooed name on her arm at the Taormina Film Fest.,scam,other_scam,exais,2014-06-18,REVIEW: fraud or marketing?
e01206,"Dear Stress Management customer, please be informed that your subscription has been suspended due to insufficient balance. To re-subscribe send STRESS to 5800",scam,other_scam,exais,2014-06-25,REVIEW: fraud or marketing?
e01207,"Dear Stress Management customer, you have insufficient balance to renew your subscription. The service will continue for 1 day and will be cancelled thereafter.",scam,other_scam,exais,2014-06-23,REVIEW: fraud or marketing?
e01208,Uncomfortable clothes can make you feel more physically tense and contribute to the stress you feel,scam,other_scam,exais,2014-06-22,REVIEW: fraud or marketing?
e01209,Employ meditation and relaxation techniques to focus your thoughts on one relaxing thing for a sustained period of time,scam,other_scam,exais,2014-06-22,REVIEW: fraud or marketing?
e01210,Taking a walk can prove very beneficial during stressful times at work or after having had a heated debate,scam,other_scam,exais,2014-06-21,REVIEW: fraud or marketing?
e01211,Help others especially those less fortunate than yourself. Doing this gives you an opportunity to focus on matters other than your own,scam,other_scam,exais,2014-06-21,REVIEW: fraud or marketing?
e01212,"Drink herbal tea: Different herbal teas drinks are ideal for dealing with stress and other ailments including colds, flu and fatigue",scam,other_scam,exais,2014-02-10,REVIEW: fraud or marketing?
e01213,Experience the power of worship! Join us at 1440 feast of worship @RCCG Goshen parish Lekki 5th-6th July from 2:40pm. <URL> SARI-OKE,scam,other_scam,exais,2014-06-23,REVIEW: fraud or marketing?
e01214,"Is 81XXXXXX37your number? If yes, send ""YES"" to 38255 to get expert Football match analysis from SUNDAY OLISEH, live from Brazil. Service is FREE for 2 days!",scam,other_scam,exais,2014-06-22,REVIEW: fraud or marketing?
e01215,"Be a Patriot. Clear the road for Super Eagles! To get SUPER EAGLES by Solidstar as your Ring Back Tune, text 54436 to 251. Cost N50 only.",scam,other_scam,exais,2014-06-19,REVIEW: fraud or marketing?
e01216,Scared of Job interviews? No More Worries! Get that DREAM JOB today with daily INTERVIEW TIPS. Simply Text INT to 38080 @ N50 for 5days & enjoy first 2days FREE,scam,other_scam,exais,2014-05-23,REVIEW: fraud or marketing?
e01217,"Follow your favorite EPL club & get first 2days FREE! Text MAN U, CHELSEA, MAN CITY",scam,other_scam,exais,2014-04-22,REVIEW: fraud or marketing?
e01229,You transferred N50 to 08XXXXXX508 on 17/06/14 08:46. Your new account balance is N0. Thanks for using Share & Sell.,scam,other_scam,exais,2014-06-17,REVIEW: fraud or marketing?
e01230,Fun talks are not the only interesting things that you can have here. Call me now :) +<ACCT>,scam,other_scam,exais,2014-06-16,REVIEW: fraud or marketing?
e01235,Get Nolly Gist update free for 1 week. Text J to 655 & get 2 Products FREE for 30 days,scam,other_scam,exais,2014-05-26,REVIEW: fraud or marketing?
e01236,Get 1 FREE Ring Back Tune for 30days. Text 2 to 251 for Aye by Davido or text MORE to 251 for a list of more free tunes. N50 activation fee appli,scam,other_scam,exais,2014-05-26,REVIEW: fraud or marketing?
e01237,Get 1 FREE Ring Back Tune & 7days FREE Easytunez Service. Text 9 to 251 For Johnny by Yemi Alade or Text free to 251 to get a list of other free tunes.,scam,other_scam,exais,2014-04-19,REVIEW: fraud or marketing?
e01239,Sorry you have sent a wrong keyword. To explore our services send MENU to 38295 and subscribe to your desired service.,scam,other_scam,exais,2014-05-25,REVIEW: fraud or marketing?
e01241,Everyone needs a good friend. Call now and you'll have the time of your life! +<ACCT>,scam,other_scam,exais,2014-05-19,REVIEW: fraud or marketing?
e01242,"Falling sick sometimes is inevitable but mostly caused by health negligence. To reduce your risk factors, SMS FREE to 4949 for 3 Free days. Service costs N10,, MANAGEMENT skills and RELATIONSHIP tips. Call 1413 now",scam,other_scam,exais,2014-05-16,REVIEW: fraud or marketing?
e01243,"Free Free!!! Exclusive for you get funny news and cool stories from around the world right on your mobile. SMS FNP to 38567. Offer valid for limited period.,,, so dial today",scam,other_scam,exais,2014-05-13,REVIEW: fraud or marketing?
e01245,Let the doctors help you become an even better parent. Send 121 to 5800. N35 every 2 days. First 2 days free,scam,other_scam,exais,2014-05-09,REVIEW: fraud or marketing?
e01268,"FMC MARKURDI SHUTS DOWN, EVACUATES 802 PATIENTS OVER ALLEGED ATTACK Click here <URL>",scam,other_scam,exais,2014-03-27,REVIEW: fraud or marketing?
e01271,JOKE. Teacher: Can somebody give me an example of a business failure due 2 careless management? Akpos: Ashawo wey carry belle,scam,other_scam,exais,2014-03-08,REVIEW: fraud or marketing?
e01273,"JOKE. Teacher: Amaka, What do u wanna be in life? Amaka: A successful multi billionaire business woman. Teacher:Akpos, U? Akpos: Amaka's husband",scam,other_scam,exais,2014-03-07,REVIEW: fraud or marketing?
e01274,JOKE. Wife: If i knew u were this poor I wouldnt hav married u! Akpos: what do u think I meant when I said u were d only thing I have in this world?,scam,other_scam,exais,2014-03-04,REVIEW: fraud or marketing?
e01275,TEACHER: What is the surname of Lazarus that Jesus rose from the dead? AKPORS: COMFORT! He called wit a loud voice saying LAZARUS COMFORT,scam,other_scam,exais,2014-03-03,REVIEW: fraud or marketing?
e01277,"JOKE. Akpos called the president, the convo goes thus. Akpos: I want to become the next president. Jonathan: Are u an idiot? Akpos: Is it compulsory?",scam,other_scam,exais,2014-02-20,REVIEW: fraud or marketing?
e01278,"U've been selected to get soccer news, fixture across major league FREE 4 2wks. To accept, text FOOTBALL to 38322. N10/day thereafter. To stop",scam,other_scam,exais,2014-03-05,REVIEW: fraud or marketing?
e01281,"FREE Romance & Relationship tips for 1 week! For Romance, send ROM to 38320, for Relationship",scam,other_scam,exais,2014-02-19,REVIEW: fraud or marketing?
e01288,It's the season of LOVE! Excite your callers with SPECIAL LOVE TUNES...Dial 791214 for Free...,scam,other_scam,exais,2014-02-11,REVIEW: fraud or marketing?
e01289,"Skillpolo invited you to Facebook. Learn more: <URL> Reply ""stop"" to stop getting Facebook texts",scam,other_scam,exais,2014-02-06,REVIEW: fraud or marketing?
e01292,"Thank you for using SMS Chat service. You have been successfully unsubscribed. You can re-join at anytime by sending ""1"" to 38490.",scam,other_scam,exais,2014-01-28,REVIEW: fraud or marketing?
e01293,"Stop,,,, EVERTON, ARSENAL, NEWCASTLE",scam,other_scam,exais,2014-01-28,REVIEW: fraud or marketing?
e01300,"For 7 FREE days of Loving!!! Get 1m ways to say I LOVE YOU to that special person. Text LOVE to 33326 to receive daily sms. To opt-out, text NO to 38321.",scam,other_scam,exais,2014-01-23,REVIEW: fraud or marketing?
e01301,"Watch your thoughts; they become words. Watch your words; they become actions. Watch your actions, they become habits. Inculcate a good one today!",scam,other_scam,exais,2014-08-08,REVIEW: fraud or marketing?
e01302,Our past is a series of lessons that advance us to higher levels of living and loving. The relationships we entered or ended taught us necessary lessons,scam,other_scam,exais,2014-08-08,REVIEW: fraud or marketing?
e01303,"If your daily life seems poor, do not blame it, but rather, blame yourself and know that you have not been poetic enough to capture its richness.",scam,other_scam,exais,2014-07-08,REVIEW: fraud or marketing?
e01304,"You were born with potential. You were born with goodness and trust. You were born with ideals. You were born with wings, so learn to use them and fly!",scam,other_scam,exais,2014-07-08,REVIEW: fraud or marketing?
e01305,God and men are like 2 lovers who have made a mistake on the location of their meeting place. Men waits for God in time and God waits for men in eternity.,scam,other_scam,exais,2014-06-08,REVIEW: fraud or marketing?
e01306,"The happiness of ur life depends upon the quality of ur thoughts so,guard accordingly and take care that u entertain no notions unsuitable to virtue.",scam,other_scam,exais,2014-06-08,REVIEW: fraud or marketing?
e01307,Be more concerned with ur character than with ur reputation. Ur character is what u really are while your reputation is merely what others think u are.,scam,other_scam,exais,2014-05-08,REVIEW: fraud or marketing?
e01308,Dont be afraid to fail or waste energy trying to cover up for it. Learn from it and go on to the next challenge. Its OK to fail. It helps you grow!,scam,other_scam,exais,2014-04-08,REVIEW: fraud or marketing?
e01309,"Life should be measured not by the number of years but rather by the love shared, the memories made, the joy given and the blessings received.",scam,other_scam,exais,2014-04-08,REVIEW: fraud or marketing?
e01310,You can have anything u want if you want it desperately enough. U must want it with an inner exuberance that erupts through the skin and joins the energy.,scam,other_scam,exais,2014-03-08,REVIEW: fraud or marketing?
e01311,"Life isnt about expecting and hoping, its about doing and becoming.Its about the choices uve made and the ones ure about to make.Pick wisely!",scam,other_scam,exais,2014-02-08,REVIEW: fraud or marketing?
e01312,Life is a great travel trip. The only problem is that it doesnt come with a map.We have to search for our own way to reach the destination.,scam,other_scam,exais,2014-02-08,REVIEW: fraud or marketing?
e01313,"Its not the strongest of species that survives, nor the most intelligent but the one most responsive to change. Change is the rule of life!",scam,other_scam,exais,2014-01-08,REVIEW: fraud or marketing?
e01314,"Always enjoy life, no matter how hard it seems. When life give you a thousand reasons to cry, show the world that you have million reasons to smile.",scam,other_scam,exais,2014-31-07,REVIEW: fraud or marketing?
e01315,"Its a good idea to leave your problems to God, but dont complain if they dont get resolved. For u know, its only YOU who can solve them.",scam,other_scam,exais,2014-31-07,REVIEW: fraud or marketing?
e01316,"Guard ur roving thoughts with a jealous care,for speech is but the dialer of thoughts and any1 can plainly read in ur words whats on ur mind.",scam,other_scam,exais,2014-29-07,REVIEW: fraud or marketing?
e01317,"We live in deeds, not years; in thoughts, not breaths; in feelings, not figures. He lives best, who thinks most, feels the noblest and acts the best.",scam,other_scam,exais,2014-29-07,REVIEW: fraud or marketing?
e01318,"Friendship is a prized gift that gives our heart a lift, a blessing we just cant do without because friendship is what living is all about!",scam,other_scam,exais,2014-28-07,REVIEW: fraud or marketing?
e01319,Every lucky happening and every lucky break are little gifts from God above that are ours to freely take.Always remember God is there for u.,scam,promo_win,exais,2014-28-07,REVIEW: fraud or marketing?
e01320,"Dreamers are the architects of greatness. Their wisdom lies within their souls.Dream long and hard, because someday your dream will come true.",scam,other_scam,exais,2014-27-07,REVIEW: fraud or marketing?
e01321,"The poet does not fear death,not coz he believes in the fantasy,but coz death constantly visits his thoughts and is thus an image of a serene dialogue.",scam,other_scam,exais,2014-27-07,REVIEW: fraud or marketing?
e01322,"Dont place ur mistakes on ur head, their weight may crush u. Instead,place them under ur feet and use them as a platform to view ur horizons.",scam,other_scam,exais,2014-26-07,REVIEW: fraud or marketing?
e01323,Dont be like a parrot; be like an eagle.A parrot speaks but cant fly high whereas an eagle is silent and has the willpower to touch the sky!,scam,other_scam,exais,2014-26-07,REVIEW: fraud or marketing?
e01324,Challenges are tough to those who never face them but easy to those who accept them. Accept every challenge with a smile and see it disappear!,scam,other_scam,exais,2014-25-07,REVIEW: fraud or marketing?
e01325,"Believe in the rewards that await u, believe in the harvest in store. Believe in the futures promise, each new day gives a new chance to u.",scam,other_scam,exais,2014-24-07,REVIEW: fraud or marketing?
e01326,Strength does not come from winning.Your struggles develop your strengths.When you go through hardships and decide not to surrender that is strength.,scam,other_scam,exais,2014-24-07,REVIEW: fraud or marketing?
e01327,"Being happy doesnt mean everything is perfect, it just means that u decided to look beyond the imperfections. Its a good way to live life.",scam,other_scam,exais,2014-23-07,REVIEW: fraud or marketing?
e01328,"Appreciation is the highest form of prayer, for it acknowledges the presence of good wherever you shine the light of your thankful thoughts.",scam,other_scam,exais,2014-23-07,REVIEW: fraud or marketing?
e01329,Do not spoil what you have by desiring what you do not have; and always remember that what you now have was once among the things you only hoped for.,scam,other_scam,exais,2014-22-07,REVIEW: fraud or marketing?
e01330,"An optimist is a person who sees a green light everywhere,while a pessimist sees only the red stoplight. The truly wise person is colorblind",scam,other_scam,exais,2014-22-07,REVIEW: fraud or marketing?
e01331,"Always dream and shoot higher than you know how to. Dont bother just to be better than your contemporaries, try to be better than yourself.",scam,other_scam,exais,2014-21-07,REVIEW: fraud or marketing?
e01332,"Disciplining yourself to do what you know is right and important, although difficult, is the highroad to pride, self-esteem, and personal satisfaction.",scam,other_scam,exais,2014-21-07,REVIEW: fraud or marketing?
e01333,"Fear less, hope more, eat less, chew more, whine less, breathe more, talk less, say more, hate less, love more and good things will be yours.",scam,other_scam,exais,2014-20-07,REVIEW: fraud or marketing?
e01334,"Stand upright, speak thy thoughts, declare The truth thou hast, that all may share; Be bold, proclaim it everywhere: They only live who dare.",scam,other_scam,exais,2014-19-07,REVIEW: fraud or marketing?
e01335,"Circumstances are difficult to change; but by changing yourself, you automatically change the effects of the circumstances and this you can do anytime.",scam,other_scam,exais,2014-19-07,REVIEW: fraud or marketing?
e01336,"To wait for someone else, or to expect someone else to make my life richer, or fuller, or more satisfying, puts you in a constant state of suspension.",scam,other_scam,exais,2014-18-07,REVIEW: fraud or marketing?
e01337,"What matters is to live in the present, live now, for every moment is now. It is your thoughts and acts of the moment that create your future.",scam,other_scam,exais,2014-17-07,REVIEW: fraud or marketing?
e01338,Time indeed heals. We just need the minute hand to move on and not let it stop for us to keep going on; without notice the past is far behind.,scam,other_scam,exais,2014-17-07,REVIEW: fraud or marketing?
e01339,"The most extraordinary thing about this life is that YOU are the author of your own destiny, and you get to decide whats in the next chapter.",scam,other_scam,exais,2014-16-07,REVIEW: fraud or marketing?
e01340,You can take from every experience what it has to offer you. And you cannot be defeated if you just keep taking one breath followed by another.,scam,other_scam,exais,2014-15-07,REVIEW: fraud or marketing?
e01341,"There are some people who live in a dream world, and there are some who face reality and then there are those who turn one into the other.",scam,other_scam,exais,2014-15-07,REVIEW: fraud or marketing?
e01342,"Real confidence comes from knowing and accepting yourself-your strengths and limitations, in contrast to depending on affirmation from others.",scam,other_scam,exais,2014-14-07,REVIEW: fraud or marketing?
e01343,A friend is someone who knows the song in your heart and sings it back to you when you have forgotten how it goes. Be a friend to someone!,scam,other_scam,exais,2014-14-07,REVIEW: fraud or marketing?
e01344,"What you lost in the past was a part of your destiny, but what you will get in future will be the combination of both your efforts and luck.",scam,other_scam,exais,2014-13-07,REVIEW: fraud or marketing?
e01345,"Troubles are like washing machines, they twist, turn and knock us around, but in the end we come out cleaner, brighter and better than before.",scam,other_scam,exais,2014-13-07,REVIEW: fraud or marketing?
e01346,"The game of life is the game of boomerangs. Our thoughts, deeds and words return to us sooner or later. Be kind to get kindness in return.",scam,other_scam,exais,2014-12-07,REVIEW: fraud or marketing?
e01347,"Strength-Hard work spotlights the character of people: Some turn up their sleeves, some turn up their noses and some dont turn up at all.",scam,other_scam,exais,2014-12-07,REVIEW: fraud or marketing?
e01349,"Given any condition anyone is in, good or bad, a man has only two choices to make: Change the condition or Adapt to it. Choose the latter.",scam,other_scam,exais,2014-10-07,REVIEW: fraud or marketing?
e01350,Unrest of spirit is a mark of life. One problem after another presents itself and in the solving of them we can find our greatest pleasure.,scam,other_scam,exais,2014-10-07,REVIEW: fraud or marketing?
e01351,"There is nothing in which the birds differ more from man, than the way in which they can build, and yet leave a landscape as it was before.",scam,other_scam,exais,2014-09-07,REVIEW: fraud or marketing?
e01352,"He is only advancing in life, whose heart is getting softer, his blood warmer, his brain quicker and his spirit entering into living peace.",scam,other_scam,exais,2014-09-07,REVIEW: fraud or marketing?
e01353,Within you lies the power to do things you never dreamed possible. This power becomes available to u just as soon as you change ur beliefs.,scam,other_scam,exais,2014-08-07,REVIEW: fraud or marketing?
e01354,"What matters in life is not what you think you can do, but what you really do. So put your thoughts to action and see what miracles you do.",scam,other_scam,exais,2014-08-07,REVIEW: fraud or marketing?
e01355,There will always be dreams grander or humbler than your own but there will never be a dream exactly like your own. Believe in your dreams!,scam,other_scam,exais,2014-07-07,REVIEW: fraud or marketing?
e01356,"The world is not a parking place; its a racetrack. Keep moving. No matter when and where u start, u can reach your goal and make a new record!",scam,other_scam,exais,2014-07-07,REVIEW: fraud or marketing?
e01358,"The remarkable thing about fearing God is that when you fear God you fear nothing else, whereas if you do not fear God you fear everything.",scam,other_scam,exais,2014-06-07,REVIEW: fraud or marketing?
e01359,"Tackle life with all your skills. Overcome each and every hill. If you persist with all your will, you will enjoy life and all its thrills.",scam,other_scam,exais,2014-05-07,REVIEW: fraud or marketing?
e01360,Sometimes apologizing doesnt mean that ure wrong and the other is right. It only means that u value the relationship much more than ur ego!,scam,other_scam,exais,2014-05-07,REVIEW: fraud or marketing?
e01361,Pure water is always colourless and crystal clear. Great human beings are always simple and transparent. Embrace the ones that bless your life!,scam,other_scam,exais,2014-04-07,REVIEW: fraud or marketing?
e01362,"Dont love the one who is beautiful for the world, love the one who makes your world beautiful.",scam,other_scam,exais,2014-04-07,REVIEW: fraud or marketing?
e01363,Our life begins with our cry our life ends with others cry. Try to utilize this gap and laugh as much as possible.,scam,other_scam,exais,2014-03-07,REVIEW: fraud or marketing?
e01364,"Happiness is when what you think, what you say and what you do are in harmony.",scam,other_scam,exais,2014-03-07,REVIEW: fraud or marketing?
e01365,"You are today where your thoughts have brought you, you will be tomorrow where your thoughts take you.",scam,other_scam,exais,2014-02-07,REVIEW: fraud or marketing?
e01366,"Success is not the key to happiness, instead happiness is the key to success. If you love what you are doing, you will be successful.",scam,other_scam,exais,2014-02-07,REVIEW: fraud or marketing?
e01367,There are only two people who can tell you the truth about yourself. A friend who has lost his temper and an enemy who starts loving you.,scam,other_scam,exais,2014-01-07,REVIEW: fraud or marketing?
e01368,Opportunity looks insignificant when its coming and big when its gone! Problem looks big when it coming and insignificant when its gone.,scam,other_scam,exais,2014-01-07,REVIEW: fraud or marketing?
e01370,"Company of good people is like the shop of perfume, whether you buy it or not, You are bound to receive the fragrance.",scam,other_scam,exais,2014-30-06,REVIEW: fraud or marketing?
e01372,If you cannot find the brighter side of life polish the darker side.,scam,other_scam,exais,2014-30-06,REVIEW: fraud or marketing?
e01373,"Its hard to wait on something we know might never be ours, but its even harder to give it up when you know it was the only thing you wanted.",scam,other_scam,exais,2014-29-06,REVIEW: fraud or marketing?
e01374,We do not make many mistakes. We repeat the same mistakes many times and keep expecting a different result every time.,scam,other_scam,exais,2014-29-06,REVIEW: fraud or marketing?
e01376,A leader is not a person who can perform better than his people- but someone who can inspire his people to perform better than himself.,scam,other_scam,exais,2014-28-06,REVIEW: fraud or marketing?
e01377,"While we were learning to speak, mom understood everything we tried to say. Today we say a lot and claim mom you dont understanding anything.",scam,other_scam,exais,2014-28-06,REVIEW: fraud or marketing?
e01378,"What is status? Its spending the money which we dont have, for the things which we dont need to show the people whom we dont know.",scam,other_scam,exais,2014-27-06,REVIEW: fraud or marketing?
e01379,Time makes us forget some people but there are some people who makes us forget the time.,scam,other_scam,exais,2014-27-06,REVIEW: fraud or marketing?
e01380,"Success also hurts when you dont have loved one to wish you, failure also looks beautiful when you have a loved to support you.",scam,other_scam,exais,2014-26-06,REVIEW: fraud or marketing?
e01381,"Its not important to go to heaven after we leave, but its important to create a heaven before we leave.",scam,other_scam,exais,2014-26-06,REVIEW: fraud or marketing?
e01382,"If you want happiness in your life then never be a beggar of love, but always be a donor of love.",scam,other_scam,exais,2014-25-06,REVIEW: fraud or marketing?
e01383,"Trust is like an elastic being stretched by two people. As long as you hold on to it, you will be happy. The moment one leaves the other gets terrible pain.",scam,other_scam,exais,2014-25-06,REVIEW: fraud or marketing?
e01384,There is no road in the world that goes to happiness. But happiness itself is the only way which goes anywhere in the world.,scam,other_scam,exais,2014-24-06,REVIEW: fraud or marketing?
e01385,"When you rise up, your friends know who you are. When you fall down, you know who your friends are!",scam,other_scam,exais,2014-24-06,REVIEW: fraud or marketing?
e01386,People can live without the person who says- You Are MINE but cant live without the person who says- I am YOURS.,scam,other_scam,exais,2014-23-06,REVIEW: fraud or marketing?
e01387,Negative thinkers focus on PROBLEMS- but positive thinkers focus on SOLUTIONS.,scam,other_scam,exais,2014-23-06,REVIEW: fraud or marketing?
e01388,Its just meaningless to expect your partner to be of your kind because you cannot hold their right hand in your right to walk together.,scam,other_scam,exais,2014-22-06,REVIEW: fraud or marketing?
e01389,"If someone points your mistake be happy that at least someone is there, who is interested in your betterment.",scam,other_scam,exais,2014-22-06,REVIEW: fraud or marketing?
e01390,An enemy occupies more space in the brain than a friend in the heart.,scam,other_scam,exais,2014-21-06,REVIEW: fraud or marketing?
e01391,There are only two sure ways to buy peace in life forgive what we cannot forget or forget what we cannot forgive.,scam,other_scam,exais,2014-21-06,REVIEW: fraud or marketing?
e01392,Positive thinking is not only about expecting the best to happen but it is also accepting whatever happens is for the best.,scam,other_scam,exais,2014-20-06,REVIEW: fraud or marketing?
e01393,Some reasons make relationships precious but only precious relationship are made without no reason.,scam,other_scam,exais,2014-20-06,REVIEW: fraud or marketing?
e01394,Success without positive attitude is called luck but success with positive attitude is called achievement.,scam,other_scam,exais,2014-19-06,REVIEW: fraud or marketing?
e01395,"When our nails are growing, we cut our nails and not our fingers similarly when ego starts rising, cut your ego not your relations.",scam,other_scam,exais,2014-19-06,REVIEW: fraud or marketing?
e01396,Two bulls always fight in a human mind- Good and Bad. Do you know which one wins? The one you feed the most.,scam,other_scam,exais,2014-18-06,REVIEW: fraud or marketing?
e01397,"Style is what should be shown to strangers, if it is showed to dear ones, it becomes attitude.",scam,other_scam,exais,2014-18-06,REVIEW: fraud or marketing?
e01398,"A small dot can stop a big sentence, but few more dots can give continuity. Every ending can be a new beginning!",scam,other_scam,exais,2014-17-06,REVIEW: fraud or marketing?
e01399,Life has no second edition to correct it later. It has only one edition which should be the best so be careful while writing every page.,scam,other_scam,exais,2014-15-06,REVIEW: fraud or marketing?
e01400,Speak only when you feel your words are better than the silence.,scam,other_scam,exais,2014-15-06,REVIEW: fraud or marketing?
e01401,"Life is the best school, god is the best teacher. Problem is the best assignment, Failure is the best revision.",scam,other_scam,exais,2014-13-06,REVIEW: fraud or marketing?
e01402,A relationship doesnt builds by just shaking hands in the best times. But it blossoms by holding the hands firmly in the critical times.,scam,other_scam,exais,2014-12-06,REVIEW: fraud or marketing?
e01403,"If your vision is for a year plant wheat, if your vision is for ten years plant trees, but if your vision is for a lifetime plant people.",scam,other_scam,exais,2014-12-06,REVIEW: fraud or marketing?
e01404,Failure is not when you dont reach your GOALS. It is when you dont have any goals to reach.,scam,other_scam,exais,2014-11-06,REVIEW: fraud or marketing?
e01405,The best defence to a verbal attack is silence. Try to control and curb your urge to answer back.,scam,other_scam,exais,2014-11-06,REVIEW: fraud or marketing?
e01406,"A good relation does not depends on how good understanding we have, but it depends on how better we avoid misunderstanding.",scam,other_scam,exais,2014-10-06,REVIEW: fraud or marketing?
e01407,Life is the art of drawing without an eraser so be careful while taking any small decisions about the valuable pages of life.,scam,other_scam,exais,2014-10-06,REVIEW: fraud or marketing?
e01408,"Vision without action is a day dream, Action without vision is a nightmare.",scam,other_scam,exais,2014-09-06,REVIEW: fraud or marketing?
e01409,"Life is like a novel and everyday is a new page, so if a page is sad dont worry just turn the page next one will be happy.",scam,other_scam,exais,2014-09-06,REVIEW: fraud or marketing?
e01410,"Living in the favourable and unfavourable situation is called a part of life, but smiling in all those situations is called art of life.",scam,other_scam,exais,2014-08-06,REVIEW: fraud or marketing?
e01411,"Forget your own sadness by creating a little happiness for others. Because when you are good to others, you are best to yourself.",scam,other_scam,exais,2014-08-06,REVIEW: fraud or marketing?
e01412,Life is a continuous challenge and a constant struggle from up to down. We are not made rich by what is in our pocket but by what is in our hearts.,scam,other_scam,exais,2014-07-06,REVIEW: fraud or marketing?
e01413,"People say find good people and leave the bad ones, but lets change it by finding the good in people and ignore the bad in them.",scam,other_scam,exais,2014-07-06,REVIEW: fraud or marketing?
e01414,"Trust is a like a paper- once it is crumpled, it cannot be perfect again.",scam,other_scam,exais,2014-06-06,REVIEW: fraud or marketing?
e01415,"Never expect things to happen, struggle and make them happen. Never expect yourself to be given a good value create a value of your own.",scam,other_scam,exais,2014-06-06,REVIEW: fraud or marketing?
e01416,Speaking truth but with anger in the background or truth with hatred does not bring success. Speak firmly with sweetness.,scam,other_scam,exais,2014-05-06,REVIEW: fraud or marketing?
e01417,"Darkest time of the day is the minute before sunrise. When you feel its the darkest moment in life, the bright moment is just a minute away.",scam,other_scam,exais,2014-05-06,REVIEW: fraud or marketing?
e01418,"Past mistakes and failures are like stern and compelling schoolteachers, pushing you to work even harder for great scholarship and success.",scam,other_scam,exais,2014-04-06,REVIEW: fraud or marketing?
e01419,Our life begins with our cry and ends with anothers cry. Try to fill this gap with as much laughter as possible. Live life to the fullest!,scam,other_scam,exais,2014-04-06,REVIEW: fraud or marketing?
e01420,Nothing worthwhile ever happens quickly and easily. You achieve only as you are determined to achieve and as you keep at it until you have.,scam,other_scam,exais,2014-03-06,REVIEW: fraud or marketing?
e01421,"If you can muster the courage to face problems, they will vanish soon. A ship at harbour is safe, but that is not what ships are built for.",scam,other_scam,exais,2014-03-06,REVIEW: fraud or marketing?
e01422,"Fear is a habit; so is defeat, anxiety, despair and hopelessness. Eliminate all these negative habits with 2 simple resolves: I can and I will!",scam,other_scam,exais,2014-02-06,REVIEW: fraud or marketing?
e01423,"Everyone has a voice deep inside; a voice that says, shine. The only difference-some have loud voices; some have quiet ones. Listen hard!",scam,other_scam,exais,2014-02-06,REVIEW: fraud or marketing?
e01424,"Dreaming what you want to dream, thats the beauty of the human mind. Doing anything you want to do, thats the strength of the human will.",scam,other_scam,exais,2014-01-06,REVIEW: fraud or marketing?
e01425,Does any one of us try to change the bad world we crib about? Lets do atleast 1 thing today that makes the world a better place to live in.,scam,other_scam,exais,2014-31-05,REVIEW: fraud or marketing?
e01426,Do not brood over your past mistakes and failures as this will only fill your mind with grief and regret. Just never repeat them in the future.,scam,other_scam,exais,2014-31-05,REVIEW: fraud or marketing?
e01427,A great thing a little lamp can do but the huge sun cannot is that it can spread light at night. No one is superior by size but by purpose.,scam,other_scam,exais,2014-30-05,REVIEW: fraud or marketing?
e01428,"When life seems tough, go on. When things go wrong, keep moving on. Bear in mind that God has given u strength to keep trying not surrender.",scam,other_scam,exais,2014-30-05,REVIEW: fraud or marketing?
e01429,What you get by achieving your goals is not as important as what you become by achieving your goals.How u change will stay with you forever!,scam,other_scam,exais,2014-29-05,REVIEW: fraud or marketing?
e01430,"Undertake something that is difficult, it will do u good. Unless u try to do something beyond what u have already mastered, ull never grow.",scam,other_scam,exais,2014-29-05,REVIEW: fraud or marketing?
e01431,There is a direct relationship between joy and effort. The joy of success is in the same ratio as the amount of effort expended to achieve it.,scam,other_scam,exais,2014-28-05,REVIEW: fraud or marketing?
e01432,"The will to win, the desire to succeed, the urge to reach ur full potential, these are the keys that unlock the door to personal excellence.",scam,other_scam,exais,2014-28-05,REVIEW: fraud or marketing?
e01433,"The ups and downs in life are what make us who we are. They teach us,give us insight on life lessons and give us the strength we need to hold on",scam,other_scam,exais,2014-27-05,REVIEW: fraud or marketing?
e01434,The road to success is always under construction.You could encounter potholes and delays but you must keep your eye on the goal and keep moving.,scam,other_scam,exais,2014-27-05,REVIEW: fraud or marketing?
e01435,The most important things in life have been accomplished by people who kept on trying when there seemed to be no hope at all. Never give up!,scam,other_scam,exais,2014-26-05,REVIEW: fraud or marketing?
e01436,The human brain is the most extraordinary computer of all times. Program it in the right way and your life will move in the right direction.,scam,other_scam,exais,2014-26-05,REVIEW: fraud or marketing?
e01438,"To live a little better, to always be forgiving, to add a little sunshine in this world were living.Never give up on ur desire to stride on",scam,other_scam,exais,2014-25-05,REVIEW: fraud or marketing?
e01439,"One hurts you so that you may find someone who can heal you, if nobody is there to hurt you, you will never know the person who cares for you.",scam,other_scam,exais,2014-24-05,REVIEW: fraud or marketing?
e01440,Obstacles are those frightful things you see when you take your eyes off your goal. Just fix your gaze on your aim and the hurdles will disappear.,scam,other_scam,exais,2014-24-05,REVIEW: fraud or marketing?
e01441,"No matter what your current situation is, youve never been more blessed than you are right now. Every second we get is an absolute miracle.",scam,other_scam,exais,2014-23-05,REVIEW: fraud or marketing?
e01442,"No matter how small and unimportant what were doing may seem, if we do it well, it may soon become the step thatll lead us to better things.",scam,other_scam,exais,2014-23-05,REVIEW: fraud or marketing?
e01443,"Look forward to tomorrow, only then you will be able to fix the mistakes you made today. With every sunrise, rises a new opportunity to succeed.",scam,other_scam,exais,2014-22-05,REVIEW: fraud or marketing?
e01444,"Live it up by smiling at the people you meet, knowing that those who do not return the smile need it the most.It costs nothing but gives much.",scam,other_scam,exais,2014-22-05,REVIEW: fraud or marketing?
e01445,"The enormity of your problems is nothing compared with your ability to solve them. By overestimating the problems, you underestimate yourself.",scam,other_scam,exais,2014-21-05,REVIEW: fraud or marketing?
e01446,"Start by doing whats necessary, then do whats possible and by the end of it, you will be doing the impossible. Never underestimate yourself!",scam,other_scam,exais,2014-20-05,REVIEW: fraud or marketing?
e01447,"Real beauty is found in oneself. Thats the tranquil beach,the beautiful sunset. To travel is to travel inward. Thats the ultimate vacation",scam,other_scam,exais,2014-20-05,REVIEW: fraud or marketing?
e01449,"Persist, persevere. Life is giving you the opportunity now so dont let one more moment escape your capacity to have, be or get what you want.",scam,other_scam,exais,2014-19-05,REVIEW: fraud or marketing?
e01450,"When things dont go right, when there is no ray of light and its hard to carry on, tell yourself- I will be STRONG!",scam,other_scam,exais,2014-18-05,REVIEW: fraud or marketing?
e01451,"Innocence is sweet, ignorance is sour, but negligence is bitter. Negligence is the worst way of deceiving yourself.",scam,other_scam,exais,2014-18-05,REVIEW: fraud or marketing?
e01452,Action may not always bring happiness but there is no happiness without action.,scam,other_scam,exais,2014-17-05,REVIEW: fraud or marketing?
e01453,Never go away from friends for their petty faults. Remember in a relationship you need affection and not perfection.,scam,other_scam,exais,2014-17-05,REVIEW: fraud or marketing?
e01454,A man of wealth has many enemies while a man of knowledge has many friends.,scam,other_scam,exais,2014-16-05,REVIEW: fraud or marketing?
e01455,"Staying far never breaks a relation, staying near never builds a relation! An invisible vibration between hearts keeps a relation special.",scam,other_scam,exais,2014-16-05,REVIEW: fraud or marketing?
e01456,"Be spontaneous in life, it brings the best out of you sometime it even surprises you too.",scam,other_scam,exais,2014-15-05,REVIEW: fraud or marketing?
e01457,"What is the secret of success? Right decisions, How do you make right decisions? Experience, How do you get experience? Wrong decisions.",scam,other_scam,exais,2014-15-05,REVIEW: fraud or marketing?
e01458,"An obstacle in the mind is worse than an obstacle on your path. If you think you can, may be you can but if you think you cant certainly you cant.",scam,other_scam,exais,2014-14-05,REVIEW: fraud or marketing?
e01459,Do not love the one who is beautiful for the world but love the one who makes your world beautiful.,scam,other_scam,exais,2014-14-05,REVIEW: fraud or marketing?
e01460,"BUT is a very tricky word, use it to question yourself and avoid using it on people you love and respect.",scam,other_scam,exais,2014-13-05,REVIEW: fraud or marketing?
e01461,Mans first and foremost duty is to bring blossoms. Idle curiosity is worse than ignorance.,scam,other_scam,exais,2014-13-05,REVIEW: fraud or marketing?
e01462,"The great Universe is open to us,but we are not always open to its blessings, its inspirations and its lessons.",scam,other_scam,exais,2014-12-05,REVIEW: fraud or marketing?
e01463,There is one way to reach the hearts of people and that is first by reaching our own depth.,scam,other_scam,exais,2014-12-05,REVIEW: fraud or marketing?
e01464,"When a person yields to selfish impulses, it shatters his moral fibre, weakens him and eventually the ego overcomes him.",scam,other_scam,exais,2014-11-05,REVIEW: fraud or marketing?
e01465,Only when we are ready to give up without calculation or fear of results we are able to do big things.,scam,other_scam,exais,2014-11-05,REVIEW: fraud or marketing?
e01466,People who fasten themselves to small things deprive themselves of the bigger things in life.,scam,other_scam,exais,2014-10-05,REVIEW: fraud or marketing?
e01467,Human beings become big or small according to the use they make of their opportunities.,scam,other_scam,exais,2014-10-05,REVIEW: fraud or marketing?
e01468,People who lack in fineness of feeling also lack in sense of sanctity.,scam,other_scam,exais,2014-09-05,REVIEW: fraud or marketing?
e01469,People who are interested in life and full of hope are more interesting and more attractive to others.,scam,other_scam,exais,2014-08-05,REVIEW: fraud or marketing?
e01470,"Never raise hand or voice when adverse things come. Try to endure all this, it will bring true strength.",scam,other_scam,exais,2014-08-05,REVIEW: fraud or marketing?
e01471,Hope flourishes when love abounds. Make a room for plenty of love in your life.,scam,other_scam,exais,2014-07-05,REVIEW: fraud or marketing?
e01473,Never get tired of doing little things for others because those little things occupy the biggest part in their heart.,scam,other_scam,exais,2014-06-05,REVIEW: fraud or marketing?
e01474,"Just think! In the past, nobody had a watch but everyone had time. Now every one has a watch but nobody has time.",scam,other_scam,exais,2014-05-05,REVIEW: fraud or marketing?
e01475,If your inner self is not satisfied with you then you will never be able to satisfy the outer circle.,scam,other_scam,exais,2014-05-05,REVIEW: fraud or marketing?
e01476,"If we are in tune, we can go through the greatest misfortune without being crushed. But if not in tune we are in danger.",scam,other_scam,exais,2014-04-05,REVIEW: fraud or marketing?
e01477,Never deprive someone of hope-it may be all they have.,scam,other_scam,exais,2014-04-05,REVIEW: fraud or marketing?
e01478,"Your relationship can be a beacon of hope to the outside world as you show devotion, love, humour and understanding to each other.",scam,other_scam,exais,2014-03-05,REVIEW: fraud or marketing?
e01479,"Remember we all stumble, every one of us. That is why it is a comfort to go hand in hand.",scam,other_scam,exais,2014-03-05,REVIEW: fraud or marketing?
e01480,The frame of mind you are in can dictate how you deal with people today and everyday.,scam,other_scam,exais,2014-02-05,REVIEW: fraud or marketing?
e01481,Find out what you really want by looking at what you envy in others. Your envious feelings can be used to unearth your secret hopes.,scam,other_scam,exais,2014-02-05,REVIEW: fraud or marketing?
e01482,Remember to show your support and appreciation for the people who place their hope in you. These are the most important people in your life.,scam,other_scam,exais,2014-01-05,REVIEW: fraud or marketing?
e01483,To be successful you need friends but to be very successful you need enemies.,scam,other_scam,exais,2014-01-05,REVIEW: fraud or marketing?
e01484,When your mind is unsteady it is impossible to have a true vision.,scam,other_scam,exais,2014-30-04,REVIEW: fraud or marketing?
e01485,"There is no single ingredient alone for happiness, it can come from so many small things.",scam,other_scam,exais,2014-30-04,REVIEW: fraud or marketing?
e01486,"You cannot chase happiness, it is not something you pursue. Happiness is not something outside, it is inside you.",scam,other_scam,exais,2014-29-04,REVIEW: fraud or marketing?
e01487,"Whenever you find that society is in conflict with nature, choose the nature no matter whatever the cost. You will never be a loser.",scam,other_scam,exais,2014-29-04,REVIEW: fraud or marketing?
e01488,We cannot do our part unless we have unlocked the door and found something within us.,scam,other_scam,exais,2014-28-04,REVIEW: fraud or marketing?
e01489,Our thoughts create our atmosphere. People who are soaked in the world have occasional noble thoughts.,scam,other_scam,exais,2014-27-04,REVIEW: fraud or marketing?
e01490,"Weakness is to be overcome by strength, misery by joy. Thus keeping our mind fixed on the higher, we surpass the lower.",scam,other_scam,exais,2014-27-04,REVIEW: fraud or marketing?
e01491,"Nothing ventured is nothing gained. Set your goals high, live with them, sleep with them and fight for them.",scam,other_scam,exais,2014-26-04,REVIEW: fraud or marketing?
e01492,"If you feel hopeless, look at all the things that did not go wrong today.",scam,other_scam,exais,2014-26-04,REVIEW: fraud or marketing?
e01493,"Next time you find yourself in a hopeless situation, call it a challenge and not a problem.",scam,other_scam,exais,2014-25-04,REVIEW: fraud or marketing?
e01494,See hope in every situation and you will succeed. Once you decide to work all things are possible.,scam,other_scam,exais,2014-25-04,REVIEW: fraud or marketing?
e01495,Fulfilling the ambition could mean taking the risk. Be brave as fortune favours the brave. Just stand up and take action.,scam,other_scam,exais,2014-24-04,REVIEW: fraud or marketing?
e01496,The difference between a smart person and a wise person-a smart person knows what to say and a wise person knows whether or not to say it.,scam,other_scam,exais,2014-24-04,REVIEW: fraud or marketing?
e01497,"If you bring forth what is within you, it will heal you. And if you do not bring forth what is within you, it will destroy you.",scam,other_scam,exais,2014-23-04,REVIEW: fraud or marketing?
e01498,"Every fool knows that he cannot reach the stars, but what we must remember is, it never keeps a wise man from trying.",scam,other_scam,exais,2014-23-04,REVIEW: fraud or marketing?
e01499,"Nobody can imprison the power of our imagination. We alone, have the power to control what we think, feel and want.",scam,other_scam,exais,2014-22-04,REVIEW: fraud or marketing?
e01500,"Strive for perfection in everything. Take the best that exists and make it better. If it doesnt exist, create it.",scam,other_scam,exais,2014-22-04,REVIEW: fraud or marketing?
e01501,"Do not lower your goals to the level of your abilities. Instead, raise your abilities to the height of your goals.",scam,other_scam,exais,2014-21-04,REVIEW: fraud or marketing?
e01502,Champions know there are no shortcuts to the top. They climb the mountain one step at a time. Perseverance is the key!,scam,other_scam,exais,2014-21-04,REVIEW: fraud or marketing?
e01503,Let us be grateful to the people who make us happy. They are the charming gardeners who make our souls blossom.,scam,other_scam,exais,2014-20-04,REVIEW: fraud or marketing?
e01504,Develop the winning edge; small differences in your performance can lead to large differences in your results.,scam,other_scam,exais,2014-20-04,REVIEW: fraud or marketing?
e01505,The people who are joyful and positive never are by chance. It is a great Teaching that they are following either consciously or unconsciously.,scam,other_scam,exais,2014-19-04,REVIEW: fraud or marketing?
e01506,"A pessimist sees the difficulty in every opportunity; an optimist sees the opportunity in every difficulty. Even impossible, says Im possible!",scam,other_scam,exais,2014-19-04,REVIEW: fraud or marketing?
e01507,"You better live ur best and act ur best and think ur best today, for today is the sure preparation for tommorrow and all the other tomorrows that follow",scam,other_scam,exais,2014-18-04,REVIEW: fraud or marketing?
e01508,It is easy to be negative about past mistakes but it is much more healing to look at ourselves and our past in the light of experience and growth.,scam,other_scam,exais,2014-18-04,REVIEW: fraud or marketing?
e01509,"What is in the vicinity of our minds r the negative situations surrounding us,but deep in our hearts we have a different picture of our great destiny.",scam,other_scam,exais,2014-17-04,REVIEW: fraud or marketing?
e01510,"When an egg is broken with force from the outside, a life ends. If an egg breaks by itself, a life begins. All transformations begin from inside.",scam,other_scam,exais,2014-17-04,REVIEW: fraud or marketing?
e01511,"Walk your own way, as you travel through life. Dont look down at your feet; keep your head up and eyes focused on the road that reaches your goal.",scam,other_scam,exais,2014-16-04,REVIEW: fraud or marketing?
e01512,"U will be young for as long as u stay receptive. Receptive to all that is beautiful, good and great. Receptive to the messages of nature, men and God.",scam,other_scam,exais,2014-16-04,REVIEW: fraud or marketing?
e01513,"In the journey to success, there exist ups and down and also the fear of failing. Hence, what matters most is how we respond to these challenges!",scam,other_scam,exais,2014-15-04,REVIEW: fraud or marketing?
e01514,"To do anything in this world worth doing, we must not stand back shivering and thinking of the danger, but jump in and scramble through as well as we can.",scam,other_scam,exais,2014-15-04,REVIEW: fraud or marketing?
e01515,"One of the best ways to educate heart is to look at interaction, coz relationshps with others are a reflection of our relationship with ourselves.",scam,other_scam,exais,2014-14-04,REVIEW: fraud or marketing?
e01516,"Take time to think, its a source of power. Take time to love and be loved, its a God-given privilege. Take time to work, its the price of success.",scam,other_scam,exais,2014-11-04,REVIEW: fraud or marketing?
e01517,"As a single footstep will not make a path on the earth,so a single thought will not make a pathway in the mind. So,we must think over and over again.",scam,other_scam,exais,2014-08-04,REVIEW: fraud or marketing?
e01518,Its always best to be a part of the team who has the same goal rather than belonging to a group that has no perspective on achieving success,scam,other_scam,exais,2014-06-04,REVIEW: fraud or marketing?
e01519,"A leaf which falls from the tree is at the mercy of wind,it goes wherever wind takes it. Be the wind to drive others,not the leaf to be driven by others",scam,other_scam,exais,2014-05-04,REVIEW: fraud or marketing?
e01520,"Integrity is 1 of many paths; it distinguishes itself from the rest, as its the right path and the only one upon which youll never get lost.",scam,other_scam,exais,2014-04-04,REVIEW: fraud or marketing?
e01521,"The only thing weve to fear is fear itself-nameless, unreasoning, unjustified,terror which paralyzes needed efforts to convert retreat into advance.",scam,other_scam,exais,2014-31-03,REVIEW: fraud or marketing?
e01522,A race horse that consistently runs just 1 sec faster than the others is worth millions of dollars more.Never compromise on second position.,scam,other_scam,exais,2014-26-03,REVIEW: fraud or marketing?
e01523,"Life has no rewinds and no fast forwards, it unfolds at its own place. So, never miss a chance to live today and make a beautiful story tomorrow.",scam,other_scam,exais,2014-24-03,REVIEW: fraud or marketing?
e01524,BUT is a very tricky word use it to question yourself and avoid using it on people you love and respect.,scam,other_scam,exais,2014-07-03,REVIEW: fraud or marketing?
e01525,Your true character is most accurately measured by how you treat those who can do nothing for you.,scam,other_scam,exais,2014-19-02,REVIEW: fraud or marketing?
e01526,"When comparing your life with others, remember, you have no idea what their journey is all about.",scam,other_scam,exais,2014-17-02,REVIEW: fraud or marketing?
e01527,"Ego is like your branded clothes. It is important that you have it, but not necessary that you show it.",scam,other_scam,exais,2014-17-02,REVIEW: fraud or marketing?
e01528,"Always face challenges confidently thinking- If I cant, who can ? But after winning, be humble enough to say If I can, who cant.",scam,other_scam,exais,2014-16-02,REVIEW: fraud or marketing?
e01529,Dont strain your neck to turn back and ponder over your past mistakes and incidents for too long. LOOK forward and MOVE forward into the future.,scam,other_scam,exais,2014-04-02,REVIEW: fraud or marketing?
e01531,"Never indulge in thoughts that disturb your mind, distort your vision or shake your resolution.",scam,other_scam,exais,2014-12-01,REVIEW: fraud or marketing?
e01532,"What do you do in a situation, react or respond. If you react you are a coward and if you respond you are fearless.",scam,other_scam,exais,2014-09-01,REVIEW: fraud or marketing?
e01533,Be humble then nobody can humiliate you. Forget the ego and nobody can hurt you!,scam,other_scam,exais,2014-01-01,REVIEW: fraud or marketing?
e01534,"A friend is someone who understands your past, believes in your future and accepts you today just the way you are!",scam,other_scam,exais,2013-25-12,REVIEW: fraud or marketing?
e01535,"If you think youll lose, youll be lost; for out in the world we find success begins with a fellows will; its all in the state of mind!",scam,other_scam,exais,2013-02-12,REVIEW: fraud or marketing?
e01606,"Dear candidate, Re-registration for 2014 award has commenced. Please visit your email or go to <URL> for details.",scam,other_scam,exais,2014-06-02,REVIEW: fraud or marketing?
e01608,HEALTH is the greatest gift. A healthy outside starts from the inside. Get daily health tips for preventable diseases. Send HEALTH to 33388 @N50/week,scam,other_scam,exais,2014-08-05,REVIEW: fraud or marketing?
e01609,Do you know Ebola kills up to 90% of infected people;There is no vaccination & there is no cure. Send HEALTH to 33388 to get daily health tips on Ebola virus.,scam,other_scam,exais,2014-07-29,REVIEW: fraud or marketing?
e01610,Enjoy latest films from all cinemas on your phone. Get daily movie alerts delivered on your phone. Send MOVIE to 33388 @ N50 weekly now!,scam,other_scam,exais,2014-07-10,REVIEW: fraud or marketing?
e01612,"Music is food to the soul. To get AMIN by Dammy Krane, send 707185 to 4100 at N50 only.",scam,other_scam,exais,2014-08-04,REVIEW: fraud or marketing?
e01613,"Oya ladies,lets gossip! Send GT to 38261 to subscribe to Girls Talk at N10 only to learn secrets on how to keep a man. Dont Tell anybody I told you.",scam,other_scam,exais,2014-07-29,REVIEW: fraud or marketing?
e01616,Loose belly fat in 7days! Send DIET to 38261 to subscribe for daily tips at N10 only.,scam,other_scam,exais,2014-07-11,REVIEW: fraud or marketing?
e01617,Do you know the fastest way to lose weight? Send DIET to 38261 to discover 10 painless tips at N10 daily,scam,other_scam,exais,2014-07-04,REVIEW: fraud or marketing?
e01624,Get the major highlights from the World of Champions. Subscribe to SuperSport news Text SSW to 4900 at N30/week.,scam,other_scam,exais,2014-06-12,REVIEW: fraud or marketing?
e01625,"Get info on the HOTTEST events from AFRITICKETS! For upcoming Music Concerts/Comedy & Fashion Shows/Club Nights/Sports Events, text AT to 700. Costs N50/Wk.",scam,other_scam,exais,2014-06-10,REVIEW: fraud or marketing?
e01626,"Looking for a new job? A good CV should be short/relevant; no more than 3pages.For more Job tips from Phillips Consulting, text JOBS to 5039 or STOP to unsubscr",scam,other_scam,exais,2014-06-08,REVIEW: fraud or marketing?
e01627,"Ko si ohun to le ti ki i ro. Increase your knowledge of the Yoruba culture, Send OWE to 38261 to subscribe at N10 only.",scam,other_scam,exais,2014-06-07,REVIEW: fraud or marketing?
e01631,"Enjoy inspiring Naija Proverbs! Text PRO to 33334 for a 7 day FREE trial now. Offer ends 28th May,2014",scam,other_scam,exais,2014-05-29,REVIEW: fraud or marketing?
e01632,'Value what you know & start charging for it.' Send WIN to 38261 to start receiving daily inspirational success tips at N10 only,scam,other_scam,exais,2014-05-27,REVIEW: fraud or marketing?
e01633,"For tips on how to enhance your prayer life, enjoy 7days free of ""Christian Praying Tips"" by texting ""PRAY"" to 33334.Offer ends 11:59pm 13/5/2014",scam,other_scam,exais,2014-05-14,REVIEW: fraud or marketing?
e01637,"No better way of reminding God of His promises than stating them, use ""Bible Promise"" FREE for 7 days, text ""bible"" to 38051. Offer ends 11:59pm 5/5/2014",scam,other_scam,exais,2014-05-06,REVIEW: fraud or marketing?
e01638,"It is the season to get scriptures inspired by God. Claim 7days free of ""God's Word"", text ""word"" to 33070.Offer ends 11:59pm 28/4/2014",scam,other_scam,exais,2014-04-29,REVIEW: fraud or marketing?
e01639,"Enjoy 1day FREE of ""Word of Faith""message this Easter.Be armed with words that will increase your trust in God.Text ""FAITH"" to 38261.Offer ends 11:59pm 17/4/14",scam,other_scam,exais,2014-04-18,REVIEW: fraud or marketing?
e01641,Stay informed about the latest fashion trends with WOW Magazine delivered to your phone! Text WMW to 4900 to subscribe. Costs N30/week,scam,other_scam,exais,2014-04-13,REVIEW: fraud or marketing?
e01642,"To calm pre-interview jitters with expert guidance , text ""int"" to 38051 for Interview Tips. Costs N100 monthly.",scam,other_scam,exais,2014-04-12,REVIEW: fraud or marketing?
e01648,"To get your daily dose of the Bible with ""Daily Bible Verse"", text ""bible"" to 33070. Costs N50 weekly.",scam,other_scam,exais,2014-03-21,REVIEW: fraud or marketing?
e01653,Receive life-changing phone calls every day from Pastor Goke Coker. Text SUB GOKE to 4501 to activate the call for N100 monthly,scam,other_scam,exais,2014-02-28,REVIEW: fraud or marketing?
e01654,"Interested in the latest gist. Enjoy 7 days free of ""iROKOtv""service. Text ""irokotv"" to 33300.Offer ends 11:59pm,17th Feb,2014",scam,other_scam,exais,2014-02-18,REVIEW: fraud or marketing?
e01656,<ACCT> has just tried to reach you by the Call Sponsor on 13/02/14 at 04:33.,scam,other_scam,exais,2014-02-13,REVIEW: fraud or marketing?
e01657,<ACCT> has just tried to reach you by the Call Sponsor on 13/02/14 at 04:31.,scam,other_scam,exais,2014-02-13,REVIEW: fraud or marketing?
e01658,<ACCT> has just tried to reach you by the Call Sponsor on 13/02/14 at 03:01.,scam,other_scam,exais,2014-02-13,REVIEW: fraud or marketing?
e01659,<ACCT> has just tried to reach you by the Call Sponsor on 13/02/14 at 01:35.,scam,other_scam,exais,2014-02-13,REVIEW: fraud or marketing?
e01660,<ACCT> has just tried to reach you by the Call Sponsor on 13/02/14 at 01:24.,scam,other_scam,exais,2014-02-13,REVIEW: fraud or marketing?
e01687,Call 1413 to get an amazing offer just for you,scam,other_scam,exais,2014-08-07,REVIEW: fraud or marketing?
e01688,"Get N200 Airtime when you Call 14120 today. Hurry, It's FREE to Call",scam,other_scam,exais,2014-07-24,REVIEW: fraud or marketing?
e01746,"Answer these questions on Nigeria and stand a chance to win up to N500,000. Nigeria is named after a? A.Lake B.Mountain C.River. SMS A,B,C to 35020.N100/SMS",scam,other_scam,exais,2014-07-14,REVIEW: fraud or marketing?
e01747,"You Think You Know Nigeria quiz this Month is N500,000. what year did Nigeria became a Republic? A. 1960 B.19 63 c.1970. SMS A,B,C to 35020 to play. SMS/N100.",scam,other_scam,exais,2014-05-26,REVIEW: fraud or marketing?
e01748,"You Think You Know Nigeria Quiz Game is now Bigger and Better. Jay jay Okocha is a...? A.Musician B.Footballer C.Actor. SMS A,B or C to 35020.",scam,other_scam,exais,2014-04-05,REVIEW: fraud or marketing?
e01749,"Answer these questions on Nigeria and stand a chance to win up to N500,000.00 The capital city of Nigeria is? A.Ikeja B.Lagos C.Abuja.Text A,B,C to 35020.",scam,other_scam,exais,2014-03-03,REVIEW: fraud or marketing?
e01778,TEXT to 131 VIEW SELECT;CHANGE SELECT <destinationCode>;,scam,other_scam,exais,2014-06-27,REVIEW: fraud or marketing?
e01920,"Thrill Ur Callers.For Ada Ada by Flavour,Txt 032089 to 4100,or For Open doors by Bro.Gilbert,Txt 032113 to 4100.cost N50 each",scam,other_scam,exais,2014-05-26,REVIEW: fraud or marketing?
e01932,Hey. Entertain your callers with new Hello Tunes whenever they call you! Dial 791 now!,scam,other_scam,exais,2014-08-05,REVIEW: fraud or marketing?
e01933,"If your number ends in 5,you are chosen to participate in 'Nigeria Mega Jackpot'.N110,000 will be given in total TODAY!Send WIN to 35777 now.N100/SMS",scam,other_scam,exais,2014-08-05,REVIEW: fraud or marketing?
e01934,Celebrate with us & you can win the 'Nigeria Centenary 100 Million Naira Mega Jackpot'! Send WIN to 35777 and participate now!N100/SMS,scam,other_scam,exais,2014-07-29,REVIEW: fraud or marketing?
e01935,Does your number end in 5?TODAY 27/07you're chosen to participate for the 'Nigeria Centenary 100 Million Naira Mega Jackpot'!Send WIN to 35777!N100/SMS,scam,other_scam,exais,2014-07-27,REVIEW: fraud or marketing?
e01937,Someone will win the 100M Naira Centenary Mega Jackpot to Celebrate Nigeria @ 100yrs old!Text 100 to 35777 & our daily prizes continue. It Could be YOU!,scam,other_scam,exais,2014-07-15,REVIEW: fraud or marketing?
e01938,TICKETS FOR GRAB!You are chosen to participate for a trip to Brazil from 'Centenary World Cup'!Send WIN to 35777 & you can grab a ticket!N100/SMS,scam,other_scam,exais,2014-07-08,REVIEW: fraud or marketing?
e01939,"If your number ends in 5 &you received this SMS TODAY 07/07'Centenary World Cup' chose you to participate for N 100,0,000!Send WIN to 35777!N100/SMS",scam,other_scam,exais,2014-07-07,REVIEW: fraud or marketing?
e01940,"If your number ends in 5 &you received this SMS TODAY 11/06'Centenary World Cup' chose you to participate for N 100,0,000!Send WIN to 35777!N100/SMS",scam,other_scam,exais,2014-06-11,REVIEW: fraud or marketing?
e01942,"Official Nigeria Centenary Lottery 6of49 Game!Every day Live on NTA@8pm60MILLION CASH+78 LUXURY CARS+270 KEKE CENTENARY.Enter TODAY, text WIN to 35777 @N100",scam,other_scam,exais,2014-03-17,REVIEW: fraud or marketing?
e01943,"CENTENARY LOTTERY 6 OF 49! CENTENARY OFFICIAL NIGERIAL GAME! Send WIN for N60,0,000 & 78 CARS. Send WIN to 35777 @N100 only NOW. LIVE draws on NTA@8pm",scam,other_scam,exais,2014-03-17,REVIEW: fraud or marketing?
e01950,Get the best in health&fitness daily when you subscribe to Medplus health tips. Text Medplus. Text YES to 5021 to subscribe. N50/wkly.Text STOP to unsubscribe,scam,other_scam,exais,2014-08-05,REVIEW: fraud or marketing?
e01951,"Boost your spiritual life with daily quotes by Bishop David Oyedepo, Sent BDO to 5029 to subscribe at N50/week",scam,other_scam,exais,2014-08-05,REVIEW: fraud or marketing?
e01952,"Sorry, this service is available to prepaid subscribers ONLY.",scam,other_scam,exais,2014-08-05,REVIEW: fraud or marketing?
e02037,"Subscribe and receive timely Medicare Tips on ur Phone. For General Health Tips, text HEAL to 33330. For Diabetes, reply DIAB, For Cancer, reply CANCER. N50/wk",scam,other_scam,exais,2014-08-03,REVIEW: fraud or marketing?
e02038,"Advice is a stranger; if he's welcome he stays for the night; if not, he leaves the same day For more African Proverbs, text PROV to 33330. N50/week",scam,other_scam,exais,2014-08-01,REVIEW: fraud or marketing?
e02039,"Do not fight a battle if you don't gain anything by winning - George S. Patton For more motivational quotes, send QUOTES to 33330. N50/week",scam,other_scam,exais,2014-07-17,REVIEW: fraud or marketing?
e02040,"Get all the news, scores and updates from Brazil on your phone! Send FOOT to 33330. Costs N50/week",scam,other_scam,exais,2014-06-22,REVIEW: fraud or marketing?
e02041,"For the latest Breaking News and Top Stories, subscribe to News Headlines. Text NEWS to 33330. N50/week",scam,other_scam,exais,2014-05-29,REVIEW: fraud or marketing?
e02042,"Get latest football news from SuperSport. Text SSW to 4900 for 7 days free, N30 weekly applies after.",scam,other_scam,exais,2014-07-02,REVIEW: fraud or marketing?
e02043,"For all World news and comments on the top international stories, Text INW to 4900 at N30/week.",scam,other_scam,exais,2014-06-02,REVIEW: fraud or marketing?
e02044,"Get Tell Magazine delivered directly to you mobile phone, text TMW to 4900 @N30 weekly.",scam,other_scam,exais,2014-04-09,REVIEW: fraud or marketing?
e02072,Call 14120 for FREE to get more AIRTIME today..,scam,other_scam,exais,2014-06-30,REVIEW: fraud or marketing?
e02073,"Don't let your account balance to be LOW, Call 14120 for FREE today to ENJOY N200 Airtime Now..",scam,other_scam,exais,2014-06-26,REVIEW: fraud or marketing?
e02074,Pleasetryagainlaterorcall111.,scam,other_scam,exais,2014-06-25,REVIEW: fraud or marketing?
e02075,Don't wait for your account balance to be low. Call 14120 for FREE to get MORE Airtime today..,scam,other_scam,exais,2014-06-25,REVIEW: fraud or marketing?
e02076,Call 14120 for FREE to Enjoy N200 AIRTIME this weekend,scam,other_scam,exais,2014-06-21,REVIEW: fraud or marketing?
e02077,TGIF!!! Call 14120 for FREE to get your Airtime..,scam,other_scam,exais,2014-06-20,REVIEW: fraud or marketing?
e02078,YOU can also Enjoy N200 Airtime today. Call 14120 for FREE to get it Now!,scam,other_scam,exais,2014-06-19,REVIEW: fraud or marketing?
e02079,"We have N200 Airtime for use today, Call 14120 for FREE to get yours Now!",scam,other_scam,exais,2014-06-18,REVIEW: fraud or marketing?
e02080,We have N200 Airtime for use today. Call 14120 for FREE to get yours Now,scam,other_scam,exais,2014-06-17,REVIEW: fraud or marketing?
e02147,"Ensure that you keep a hand over your drink to avoid someone slipping something into it when you are unaware. For more safety tips, reply SEC at N50/wk.",scam,other_scam,exais,2014-07-29,REVIEW: fraud or marketing?
e02148,Baby Safety: Car manufacturers recommend that a child must be in a car seat until they are 4 yrs old & weigh at least 40 poundsReply SEC for safety tips at N50/wkly to 5040,scam,other_scam,exais,2014-07-22,REVIEW: fraud or marketing?
e02172,"07XXXXXXX90 has been shortlisted to receive today's Great Quotes & a surprise FREE gift! Congrats! To get it, text OK to 38430 NOW! Weekly fee: N100",scam,other_scam,exais,2014-07-19,REVIEW: fraud or marketing?
e02173,"070XXXXXXX90 has been honoured with the chance to receive today's Great Quotes & a surprise FREE gift! Congrats! To get it, text OK to 38430 NOW!Weekly fee:N100",scam,other_scam,exais,2014-07-09,REVIEW: fraud or marketing?
e02178,Joachim Low is confident that his Germany side can build on their World Cup triumph by going on to dominate the international stage.,scam,other_scam,exais,2014-07-16,REVIEW: fraud or marketing?
e02180,LIVE MATCH: World Cup Belgium vs United States at Itaipava Arena Fonte Nova. Kick-off at 01-07-2014 21:00.,scam,other_scam,exais,2014-07-01,REVIEW: fraud or marketing?
e02181,"LINE UP TODAY: Argentina:P. Zabaleta,M. Rojo,S. Romero,E. Garay,A. di Maria,J. Mascherano,F. Fernandez,F. Gago,L. Messi,E. Lavezzi,G. Higuain. Switzerland:V. Behrami,X. Shaqiri,D. Benaglio,R. Rodriguez,S. Lichtsteiner,F. Schar,J. Djourou,G. Xhaka,G. ?nler,A. Mehmedi,J. Drmic.",scam,other_scam,exais,2014-07-01,REVIEW: fraud or marketing?
e02182,LIVE MATCH: World Cup Argentina vs Switzerland at Arena Corinthians. Kick-off at 01-07-2014 17:00.,scam,other_scam,exais,2014-07-01,REVIEW: fraud or marketing?
e02224,Use Your Phone to Learn French with its Pronunciation. Text French to 33240 to subscribe. cost N50/Week,scam,other_scam,exais,2014-05-28,REVIEW: fraud or marketing?
e02225,"Thrill Ur Callers.For Ada Ada from Flavour,Txt 032089 to 4100 Or For I Need A Miracle From Onyeka Txt 032060 to 4100.Cost N50 each",scam,other_scam,exais,2014-02-26,REVIEW: fraud or marketing?
e02226,Get Daily News Alert Delivered to Your Mobile Phone.Text News to 35241.Cost N100 /30days,scam,other_scam,exais,2014-07-11,REVIEW: fraud or marketing?
e02232,Do you have any form of disability & require mobility aids? Kindly pick up an application form @Women Affairs Ministry or LGA offices. Application closes July28,scam,other_scam,exais,2014-07-07,REVIEW: fraud or marketing?
e02283,Our Eagles are soaring high and set to surprise the world. support and cheer our super Eagles to victory with this song. Fly Eagles. Text 010376 to 4100. N50,scam,other_scam,exais,2014-06-26,REVIEW: fraud or marketing?
e02309,Delight yourself in the LORD and He shall give you the desires of your heart. For more prayers and confessions from Rhapsody text ROR to 5036,scam,other_scam,exais,2014-05-26,REVIEW: fraud or marketing?
e02310,"Start your week as a champion with prayers From RHAPSODY of Realities for just N50! To enjoy, text ROR to 5036. To opt out text STOP to 5036",scam,other_scam,exais,2014-05-12,REVIEW: fraud or marketing?
e02311,"Food choices affect your health! Today, make half your plate fruits & vegetables. For more diet, fitness & oral health tips from GSK, text GSK to 5036. N50/WK",scam,other_scam,exais,2014-03-31,REVIEW: fraud or marketing?
e02312,"Looking for a new job? A good CV should be short/relevant; no more than 3pages.For more Job tips from Phillips Consulting, text JOBS to 5039 or STOP to unsubscribe",scam,other_scam,exais,2014-06-16,REVIEW: fraud or marketing?
e02317,"Get great results with any type of hair with JUMIA's Hair Straightener&Curler at the hot price of N3,195! Click <URL> or call <PHONE> now!",scam,other_scam,exais,2014-06-13,REVIEW: fraud or marketing?
e02318,"Discover incredible surround sound with the LG Home Theatre 357 at an unbeatable price of N14,995! Buy on JUMIA <URL> or call <PHONE> now!",scam,other_scam,exais,2014-06-04,REVIEW: fraud or marketing?
e02319,"The clock is ticking, get the tummy trimmer machine exclusively on JUMIA for N9,000 now! Click <URL> or call <PHONE> before its all gone!",scam,other_scam,exais,2014-05-22,REVIEW: fraud or marketing?
e02320,"Get awesome clarity with the Samsung 32"""" LED TV at an amazing price of N42,995, exclusively on Jumia! Click here <URL> or call <PHONE> now!",scam,other_scam,exais,2014-05-07,REVIEW: fraud or marketing?
e02321,Shop online on Jumia. Blackberry Q5 for 35000 naira . best price in Nigeria! Call 014604400 now. Go now to: <URL>,scam,other_scam,exais,2014-05-01,REVIEW: fraud or marketing?
e02323,1. Abdel Fattah al-Sisi is to be sworn in as Egypt President today 2. Dozens killed in massacre in eastern Congo 3. Kosovo holds parliamentary elections,scam,other_scam,exais,2014-06-08,REVIEW: fraud or marketing?
e02324,1.Egypt criminalises sexual harassment 2.Hillary Clinton explores possibility of a 2016 run for U.S president 3.Search for missing flight MH370 to be privatized,scam,other_scam,exais,2014-06-07,REVIEW: fraud or marketing?
e02325,"A man devoid of hope and conscious of being so, has ceased to belong to the future - Albert Camus",scam,other_scam,exais,2014-05-29,REVIEW: fraud or marketing?
e02326,All cannot be lost when there is still so much being found - Lemony Snicket,scam,other_scam,exais,2014-05-28,REVIEW: fraud or marketing?
e02327,"Nothing is more capable of troubling our reason, and consuming our health, than secret notions of jealousy in solitude - Aphra Behn",scam,other_scam,exais,2014-05-27,REVIEW: fraud or marketing?
e02328,"Your lifestyle: how you live, eat and think determines your health. To prevent disease, you may have to change how you live - Brian Carter",scam,other_scam,exais,2014-05-26,REVIEW: fraud or marketing?
e02329,Each heart knows its own bitterness and no one else can share its joy - Anonymous,scam,other_scam,exais,2014-05-25,REVIEW: fraud or marketing?
e02330,Nothing else in all life is such a maker of joy and cheer as the privilege of doing good - J.R. Miller,scam,other_scam,exais,2014-05-24,REVIEW: fraud or marketing?
e02331,Faith requires following the power of a whisper - Shannon L. Alder,scam,other_scam,exais,2014-05-23,REVIEW: fraud or marketing?
e02332,Forgiveness without understanding is like faith without proof - Jessica Francis Kane,scam,other_scam,exais,2014-05-22,REVIEW: fraud or marketing?
e02333,"kindness is a kind of magic, in return we get love which is eternal -M.H. Rakib",scam,other_scam,exais,2014-02-26,REVIEW: fraud or marketing?
e02334,Everybody is worth your time. You never know. You may have been the last hope that person needed to renew their faith in people or God -Shannon L. Alder,scam,other_scam,exais,2014-02-25,REVIEW: fraud or marketing?
e02335,Your 7-day trial offer of INSPIRATION will end in 2 days. Hope you are enjoying the service!,scam,other_scam,exais,2014-02-24,REVIEW: fraud or marketing?
e02336,Everything you'll ever need to know is within you; the secrets of the universe are imprinted on the cells of your body -Dan Millman,scam,other_scam,exais,2014-02-24,REVIEW: fraud or marketing?
e02337,"Your biggest opportunity probably lies under your own feet, in your current job, industry, education, experience or interests -Brian Tracy",scam,other_scam,exais,2014-02-23,REVIEW: fraud or marketing?
e02338,"If you hit bottom, there's a whole lot of people here to help you up -Suzanne Collins",scam,other_scam,exais,2014-02-22,REVIEW: fraud or marketing?
e02339,"Trust to some was placing all your insecurities and beliefs in one single person, and hoping he or she wouldn't squash them -Holly Hood",scam,other_scam,exais,2014-02-21,REVIEW: fraud or marketing?
e02340,"I promise you nothing is as chaotic as it seems. Nothing is worth your health.Nothing is worth poisoning yourself into stress,anxiety and fear-Steve Maraboli",scam,other_scam,exais,2014-02-20,REVIEW: fraud or marketing?
e02351,"Stranded in traffic due to car breakdown, bad roads or has a mechanic taken advantage of you on repairs?Reply AUTO for safety and care tips at N50/wk",scam,other_scam,exais,2014-06-07,REVIEW: fraud or marketing?
e02352,"Today I declare that God lifts me, comforts me, amazes me, and sustains me. He protects and assists me IJN. Isa 57:18Reply AMEN for daily confessions at N50/wk",scam,other_scam,exais,2014-05-02,REVIEW: fraud or marketing?
e02353,A Nigerian proverb says that: He who is afraid of doing too much always does too little.Reply PRO for Naija Proverbs at N50/wk,scam,other_scam,exais,2014-04-10,REVIEW: fraud or marketing?
e02354,"Have you been harassed or abused by your landlord, traffic officials or Nigerian Police?Reply LAW for daily legal tips with Mobile Lawyer at N50/wk",scam,other_scam,exais,2014-03-27,REVIEW: fraud or marketing?
e02355,Think you are smart? Test your IQ with daily RiddlesReply this SMS with RIDDLE for a Riddle daily. Costs N50 weekly,scam,other_scam,exais,2014-03-08,REVIEW: fraud or marketing?
e02359,WhatsApp code 625-886,scam,other_scam,exais,2014-06-01,REVIEW: fraud or marketing?
e02360,"You too can WIN§ big in the StarTimes ExtraTime Promo by recharging through QuickTeller. Visit QuickTeller.com/Startimes .4 cars, 400 TVs and more await you.",scam,other_scam,exais,2014-05-31,REVIEW: fraud or marketing?
e02363,"Wrinkles? Eat Fruits & Vegetables rich in antioxidant e.g Red bean,Walnuts.For more Natural Health Tips.Txt Natural to 35240.Cost N100/ 30days.",scam,other_scam,exais,2014-05-29,REVIEW: fraud or marketing?
e02364,DO YOU HAVE A BABY BETWEEN 0 - 12months? Our in-House-Doctor Can Help With Care Tips for This Bundle of Joy.Txt Care to 35240 .Cost N100 /30days,scam,other_scam,exais,2014-03-06,REVIEW: fraud or marketing?
e02365,"Thrill ur callers with amazing Cool FM?s World Cup Theme, ?This is the game?Text 046371 to 4100 at N50/month",scam,other_scam,exais,2014-05-29,REVIEW: fraud or marketing?
e02367,"Have you been harassed or abused by your landlord, traffic officials or Nigerian Police?Get daily legal tips with Mobile Lawyer. Text LAW to 33334 at N50/week",scam,other_scam,exais,2014-02-21,REVIEW: fraud or marketing?
e02368,"If you marry under the native law & custom, then you cannot marry another under the Act except u divorce?For Legal tips, sms LAW to 33334 at N50",scam,other_scam,exais,2014-02-20,REVIEW: fraud or marketing?
e02371,"Add me to BBM! On BlackBerry, click pin:7ac6ecc0 and select ""Invite to BBM"". On Android or iPhone, click <URL> to add me or download BBM.",scam,other_scam,exais,2014-05-25,REVIEW: fraud or marketing?
e02372,"2 Clubs, 1 City, 200 Million Emotions. It's the UEFA Champions League Final. Call 14133 for FREE to get Live Match updates as Real battles Athletico tonight.",scam,other_scam,exais,2014-05-24,REVIEW: fraud or marketing?
e02373,"Hi Anty, your friend Ajex Anuoluwapo is inviting you to chat and share pictures on 2go! Visit <URL> to join 2go and chat to them for FREE",scam,other_scam,exais,2014-05-24,REVIEW: fraud or marketing?
e02374,"Dayo invited you to Facebook. Learn more: <URL> . Reply ""stop"" to stop getting Facebook texts",scam,other_scam,exais,2014-05-23,REVIEW: fraud or marketing?
e02375,"Isa Adio invited you to Facebook. Sign up today for free: <URL> Reply ""stop"" to stop getting Facebook texts",scam,other_scam,exais,2014-03-16,REVIEW: fraud or marketing?
e02378,"Spend less and save more on your vehicle repair & maintenance by subscribing to daily helpful tips from AUTOMEDICS LTD, text AUTO to 35321. Cost: N100/30days.",scam,other_scam,exais,2014-05-16,REVIEW: fraud or marketing?
e02410,"Get ideas to enrich you life & stay healthy always. Dial 14181 to get GREAT tips on the art of Living, It's FREE to call.",scam,other_scam,exais,2014-03-25,REVIEW: fraud or marketing?
e02417,"Enjoy daily alert ideas on the art of living an easy going life, Call 14181 Now to get started.",scam,other_scam,exais,2014-03-19,REVIEW: fraud or marketing?
e02491,"On your main balance, your credit is 202.28NGN",scam,other_scam,exais,2014-08-06,REVIEW: fraud or marketing?
e02494,"On your main balance, your credit is 343.42NGN",scam,other_scam,exais,2014-08-01,REVIEW: fraud or marketing?
e02495,"On your main balance, your credit is 182.30NGN",scam,other_scam,exais,2014-08-01,REVIEW: fraud or marketing?
e02497,Your account has been credited,scam,other_scam,exais,2014-08-01,REVIEW: fraud or marketing?
e02498,You have no more SMS on your SMS bundle,scam,other_scam,exais,2014-07-30,REVIEW: fraud or marketing?
e02500,"On your main balance, your credit is 204.07NGN",scam,other_scam,exais,2014-07-29,REVIEW: fraud or marketing?
e02503,"On your main balance, your credit is 200.39NGN",scam,other_scam,exais,2014-07-27,REVIEW: fraud or marketing?
e02505,"On your main balance, your credit is 202.67NGN",scam,other_scam,exais,2014-07-23,REVIEW: fraud or marketing?
e02508,"On your main balance, your credit is 209.32NGN",scam,other_scam,exais,2014-07-21,REVIEW: fraud or marketing?
e02511,"On your main balance, your credit is 90.23NGN",scam,other_scam,exais,2014-07-19,REVIEW: fraud or marketing?
e02513,"Download amazing Extreme Sports, Music, Football, Comics Hi-Res Images & Videos, N20 for 5 downloads. Click here <URL>",scam,other_scam,exais,2014-07-18,REVIEW: fraud or marketing?
e02519,"If your number ends in 9,you are chosen to participate in 'Nigeria Mega Jackpot'.N110,000 will be given in total TODAY!Send WIN to 35777 now.N100/SMS",scam,other_scam,exais,2014-08-08,REVIEW: fraud or marketing?
e02520,Does your number end in 9?TODAY 25/07you're chosen to participate for the 'Nigeria Centenary 100 Million Naira Mega Jackpot'!Send WIN to 35777!N100/SMS,scam,other_scam,exais,2014-07-25,REVIEW: fraud or marketing?
e02524,"Watch your favorite Movie, News & Sports channels, WIN a DSTV Walka 7! Answer simple questions correctly and be rewarded with a product, DSTV Walka 7, Jerserys, Footballs and more. Text GOL to 5030 T&Cs apply.",scam,other_scam,exais,2014-08-07,REVIEW: fraud or marketing?
e02528,MOURINHO blames referee for heavy loss... For more PRE-SEASON and TRANSFER NEWS SMS FOOT to 30046 ¿ N50 Weekly!,scam,other_scam,exais,2014-08-05,REVIEW: fraud or marketing?
e02529,The days are getting better! The triumphant move on in Victory! Subscribe to AMEN by TIM GODFREY SMS 019496 to 4100 and share the victory with callers...,scam,other_scam,exais,2014-07-26,REVIEW: fraud or marketing?
e02545,"access>>>MonthEnd BalName:ONYEKA ESENWAAcctNo:<ACCT>Balance:NGN4,054.51To view statement,signup for Accessonline via <URL>",scam,other_scam,exais,2014-08-01,REVIEW: fraud or marketing?
e02546,You have received N180 in your Borrow Me Credit Account. A service fee of N20 has been charged.,scam,other_scam,exais,2014-08-01,REVIEW: fraud or marketing?
e02547,"Dear Customer, you have been deducted N100 towards clearing your Emergency Credit. Your Emergency Credit is now fully settled.",scam,other_scam,exais,2014-07-27,REVIEW: fraud or marketing?
e02548,You have received N90 in your Borrow Me Credit Account. A service fee of N10 has been charged.,scam,other_scam,exais,2014-07-19,REVIEW: fraud or marketing?
e02549,You have purchased a recharge of NGN 180.00 from NTS TECHNOLOGIES NTS. Transid AIR-<ACCT>-496,scam,other_scam,exais,2014-08-01,REVIEW: fraud or marketing?
e02550,You have purchased a recharge of NGN 90.00 from NTS TECHNOLOGIES NTS. Transid AIR-<ACCT>-444,scam,other_scam,exais,2014-07-19,REVIEW: fraud or marketing?
e02558,Go to <URL> to create your Google account,scam,other_scam,exais,2014-07-30,REVIEW: fraud or marketing?
e02559,Your Google verification code is f6C4CiEA5qvyAQAAAABT173znj71JYwh+j1GfqUxKOjqrRcLxcU,scam,other_scam,exais,2014-07-29,REVIEW: fraud or marketing?
e02560,"TAKE CHARGE IT IS UR TIME.For Open doors by Gilbert Txt 032113 to 4100 Or For Prophetic Prayer frm Pst Chuks,Txt 032117 to 4100.cost N50 /tune",scam,other_scam,exais,2014-07-30,REVIEW: fraud or marketing?
e02580,54145433,scam,other_scam,exais,2014-07-22,REVIEW: fraud or marketing?
e02583,Today I declare that d enduring goodness of God elevates me & d Spirit of d Holy One of Zion covers me IJN Luke 1:35Reply AMEN for daily confessions at N50/wk,scam,other_scam,exais,2014-07-20,REVIEW: fraud or marketing?
e02584,"Hurry2day&2mr(12,3&6PM) "" DILEMMA "" an action packed movie shwn@Capricorn Cinemas,Cultural Ctr, Kuto, Abk. Tickets:Adults1k,Stud500,ChildN200.Enq:<PHONE>",scam,other_scam,exais,2014-07-19,REVIEW: fraud or marketing?
e02586,"Nollywood actress, Funke Akindele is engaged & ready to walk down the aisle again! Who is the lucky guy? For more Nollywood gist, Text IROKOTV to 33300 @ N50/wk",scam,promo_win,exais,2014-07-17,REVIEW: fraud or marketing?
e02590,"VERMAELEN sets for BARCA, MAN U? Follow on the latest TRANSFER NEWS and SPORTS HIGHLIGHT! SMS FOOT to 30046 to subscribe. 50/weekly",scam,other_scam,exais,2014-08-08,REVIEW: fraud or marketing?
e02614,"Ebola is spread through contact with blood, sweat, saliva, urine & semen of an infected person/animal. For more information, email <EMAIL>",scam,other_scam,exais,2014-08-07,REVIEW: fraud or marketing?
e02615,"Do you know that symptoms of Ebola include fever,vomiting,diarrhoea & bleeding? For more information, please call <PHONE> or email <EMAIL>",scam,other_scam,exais,2014-08-07,REVIEW: fraud or marketing?
e02672,"Free for 1 week, Keep up to date with all the 2014 World Cup news, Simply text WC to enjoy all the breaking news, goals",scam,other_scam,exais,2014-04-06,REVIEW: fraud or marketing?
e02674,"Dear Customer, you have less than N20 of call credit balance. You can now recharge from your Bank account by dialing *302*Amount#",scam,other_scam,exais,2016-02-17,REVIEW: fraud or marketing?
e02675,"Sorry, you do not have enough credit to renew your BlackBerry subscription. Please load a recharge card and send BBLITED to 21600 for service renewal. Thank you.",scam,other_scam,exais,2016-02-16,REVIEW: fraud or marketing?
e02679,Your request is now being processed. Please do not send another. We will send you a confirmation once completed. Thank you!,scam,other_scam,exais,2016-02-14,REVIEW: fraud or marketing?
e02684,"Dear Customer, you may experience difficulty using our internet services. This is being resolved. We apologize for any inconvenience this may cause. Thank you",scam,other_scam,exais,2016-01-21,REVIEW: fraud or marketing?
e02687,"Sorry, you have previously subscribed for this Campaign Bundle. You cannot subscribe a second time.",scam,other_scam,exais,2015-12-09,REVIEW: fraud or marketing?
e02689,You have successfully deactivated your N250 Get N750 bundle subscription.,scam,other_scam,exais,2015-12-03,REVIEW: fraud or marketing?
e02692,"You have been gifted N3,000 monthly for the next 3 months! Simply text ACTIVATE to 799 and provide the required information to enjoy this gift. Thank you",scam,other_scam,exais,2015-11-21,REVIEW: fraud or marketing?
e02702,<URL> <URL> <URL> <URL> use this ones as reference for now,scam,other_scam,exais,2015-11-05,REVIEW: fraud or marketing?
e02706,Try out today the LOVE METER to calculate whether you two are the perfect match for each! Send your name + your partner name to 33550/N50.Ex: Bello + Passion,scam,other_scam,exais,2016-02-20,REVIEW: fraud or marketing?
e02707,"Find out what the First Letter of your name says about your essential personality, text back L: First Letter e.g L: D to 33550 N50",scam,other_scam,exais,2015-12-14,REVIEW: fraud or marketing?
e02710,Your Music+ plan renewal failed due to insufficient balance & entered grace period. Please recharge & Click <URL> to enjoy the music expiry,scam,other_scam,exais,2016-02-19,REVIEW: fraud or marketing?
e02724,port Cassava Products. text Agric to 2707 to subscribe”,scam,other_scam,exais,2016-02-19,REVIEW: fraud or marketing?
e02726,"When you leverage on the experience of the professional, success is guaranteed. Before you start that agribisiness, consult the professional. SMS AGRIC to 2707",scam,other_scam,exais,2015-11-27,REVIEW: fraud or marketing?
e02727,"Do you want at least 300% bumper harvest; learn the science of altering the nursery management, time of transplanting, water and weed. Sms AGRIC to 2707",scam,other_scam,exais,2015-11-21,REVIEW: fraud or marketing?
e02732,Discover Twitter!Go to m.twitter.com/verge or reply FOLLOW VERGE for more Tweets. Reply DISCOVER OFF to stop. Terms: <URL> thought you'd be able to handle it. I shall be fine,scam,other_scam,exais,2016-02-18,REVIEW: fraud or marketing?
e02733,@CNNMoney: .@twitter's customer base is shrinking <URL> <URL>,scam,other_scam,exais,2016-02-11,REVIEW: fraud or marketing?
e02734,Top up instantly this season on PayWithCapture to get 7% off (to a max of N500). Download @ <URL> or call <PHONE> for more info.,scam,other_scam,exais,2016-02-18,REVIEW: fraud or marketing?
e02746,"Your FREE TOMORROW Balance has been used. To get DOUBLE FREE CREDIT TOMORROW, use your line NOW and get DOUBLE back FREE TOMORROW.",scam,other_scam,exais,2016-01-22,REVIEW: fraud or marketing?
e02749,"On your main balance, your credit is 1021.00NGN",scam,other_scam,exais,2016-01-21,REVIEW: fraud or marketing?
e02751,"On your main balance, your credit is 1000.00NGN",scam,other_scam,exais,2016-01-19,REVIEW: fraud or marketing?
e02795,"Text 35 to 4100 to get the hot new tune ""Good time"" by kiss Daniel at N20/week. Tune and Service cost N20 weekly.",scam,other_scam,exais,2015-12-12,REVIEW: fraud or marketing?
e02797,"Text 9 to 4100 to get ""Tu Re"" at 50/mth.",scam,other_scam,exais,2015-12-01,REVIEW: fraud or marketing?
e02885,"Please call me. Watch Man U vs West Brom on Sat 7 November, LIVE on SuperSport Select 2. Click <URL>",scam,other_scam,exais,2015-11-07,REVIEW: fraud or marketing?
e02925,GAME ON Latest & Exciting Unlimited mobile games to thrill your mind. Check the best collection. Click: <URL>,scam,other_scam,exais,2016-01-16,REVIEW: fraud or marketing?
e02927,"YOUR OWN RADIO Listen or dedicate music, choose from vast collection of different geners.Dial 77011 at just N1/min for browsing, weekly pack (N25)",scam,other_scam,exais,2016-01-16,REVIEW: fraud or marketing?
e02928,"UNLIMITED FUN Your source for the latest, hottest and most useful mobile content available. Come have fun & spice up your phone. Click <URL> (N100)",scam,other_scam,exais,2016-01-15,REVIEW: fraud or marketing?
e02929,"Make calls to EVERYONE in Nigeria @ 11k/s & @ 20k/s to US, UK landlines, India",scam,other_scam,exais,2016-01-14,REVIEW: fraud or marketing?
e02937,DID YOU KNOW You can check your credit balance whenever you like. Simply dial #124*1# for main balance and #122# to know your promo balance.,scam,other_scam,exais,2016-01-04,REVIEW: fraud or marketing?
e02950,"Welcome! Your INFINIX HOT X507 cannot receive any settings. Please visit our web site, <URL> or call Prepaid: 121 or Postpaid: 200 to be configured.",scam,other_scam,exais,2016-01-17,REVIEW: fraud or marketing?
e02951,"Welcome! Your BlackBerry 8320 cannot receive any settings. Please visit our web site, <URL> or call Prepaid: 121 or Postpaid: 200 to be configured.",scam,other_scam,exais,2016-01-04,REVIEW: fraud or marketing?
e02952,"You have received a follower request fromName: Dapo,Age: 27,City: Lagos",scam,other_scam,exais,2016-01-17,REVIEW: fraud or marketing?
e02978,Base on referral you have been invited for a test/ work brief @ MDL.LTD no 82 adeniyi jones by koko bustop Ikeja Lagos by 9am on Friday 8/1/16. DIA/P887,scam,other_scam,exais,2016-01-07,REVIEW: fraud or marketing?
e02979,This is huge. Bet on Pep Guardiola's Next Coaching job and get up to 12.0 odds. See details on banner at Nairabet.com,scam,other_scam,exais,2016-01-07,REVIEW: fraud or marketing?
e02999,All of us at NairaBet.com wish you the best in 2016. Special picks are available every weekend for you to bet on.See banners on our website for updates. Cheers!,scam,other_scam,exais,2016-01-03,REVIEW: fraud or marketing?
e03040,"Only true friends stand by you during bad times. I promise I will attend your wedding. To Get Jokes FREE for 5 Days, send JOKES to 38500",scam,other_scam,exais,2015-12-30,REVIEW: fraud or marketing?
e03041,"'Cast ur burden on the Lord, and He shall sustain u; He shall never permit the righteous to be moved.'-Psalm 55:22. For 5 days FREE trial, send BIBLE to 38500",scam,other_scam,exais,2015-12-11,REVIEW: fraud or marketing?
e03050,Cloud9 APP is now available for FREE! Enjoy your favorite songs without limits! Download it today in <URL>,scam,other_scam,exais,2015-12-26,REVIEW: fraud or marketing?
e03051,Want to win a VIP Ticket for Olamide Live In Concert? Reply YES and join CLOUD9 Music for FREE for a chance to win one of the 10 VIP tickets we have to offer!,scam,other_scam,exais,2015-12-22,REVIEW: fraud or marketing?
e03052,Olamide and all your favorite artists with no limits? Now you can have it on CLOUD 9 MUSIC! N25/day only. Access now and enjoy it. Just Reply YES,scam,other_scam,exais,2015-12-13,REVIEW: fraud or marketing?
e03053,"Your favourite music with no limits? Now you <ACCT> can have it on CLOUD 9 MUSIC! N25/day only. To enjoy it, Reply YES and access now",scam,other_scam,exais,2015-12-06,REVIEW: fraud or marketing?
e03054,"Win VIP tickets to the Cloud9 Event on Fri 27th Nov - ft OT Genasis, Cassper Nyovest & R2Bees! Music with no limits, N25/day only. To join and win reply VIP",scam,other_scam,exais,2015-11-17,REVIEW: fraud or marketing?
e03060,Get tunes in this Advent calender free for 7days369-igwe370-Ibu chukwu371-the christmas songTunes&Service N50 after,scam,other_scam,exais,2015-12-23,REVIEW: fraud or marketing?
e03061,Get tunes in this Advent calender free for 7days326-Jolificate327-Merry litte christmas341-Happy holidaysTunes&Service N50 after,scam,other_scam,exais,2015-12-16,REVIEW: fraud or marketing?
e03068,"Wow!!!have you heard, you can now dedicate different categories of songs to your friends and loved ones only on music greetings. Just dial 55101 to get started.,,<ACCT>",scam,other_scam,exais,2015-12-21,REVIEW: fraud or marketing?
e03069,Use 973 568 to verify your Instagram account.,scam,other_scam,exais,2015-12-20,REVIEW: fraud or marketing?
e03071,"Cancer is killing both genders across all ages, it sometimes has no cure but most times can be prevented, text CT to 32329 to start receiving tips @ N30/3days",scam,other_scam,exais,2015-12-19,REVIEW: fraud or marketing?
e03072,Congrats! You Can Now Celebrate This Christmas Season With Special Christmas Carol Songs for 3 FREE days ! Text 2 To 7772 Now!,scam,other_scam,exais,2015-12-19,REVIEW: fraud or marketing?
e03078,IT: Get information on how to be an IT professional. Send IT to 33128 at N50 weekly. T&C applied,scam,other_scam,exais,2015-12-18,REVIEW: fraud or marketing?
e03081,wireless.net,scam,other_scam,exais,2015-12-18,REVIEW: fraud or marketing?
e03082,Please call Buy GOtv Decoder + 1 Month GOtv Plus subscription and GOtenna for N6900. Click <URL> to buy NOW,scam,other_scam,exais,2015-12-17,REVIEW: fraud or marketing?
e03083,Please call me. Enjoy FREE 7-day Business advert with Callerfeel. Text YES to 50016 to start. Renewable @N30/wk,scam,other_scam,exais,2015-10-28,REVIEW: fraud or marketing?
e03087,"This season, Stay connected with the latest online news, gists",scam,other_scam,exais,2015-12-17,REVIEW: fraud or marketing?
e03089,Dear 08XXXXXXX31! Losing your important SMS can be painful. Back up and restore your SMS securely using SMSbackup. Text SUB to 38111.,scam,other_scam,exais,2015-12-17,REVIEW: fraud or marketing?
e03090,Dear 08XXXXXX31! Losing your important SMS can be painful. Back up and restore your SMS securely using SMSbackup. Text SUB to 38111.,scam,other_scam,exais,2015-11-14,REVIEW: fraud or marketing?
e03099,"You shall live, You shall NOT die. You shall live TO be 100 years old. IF you want TO Live LONG, TEXT Life TO 40001",scam,other_scam,exais,2015-12-14,REVIEW: fraud or marketing?
e03101,"Season Of Love. Spice Up Every Call this Christmas. For We wish u a Merry Xmas, Txt 1032026 to 4100 or For Silent Night, Txt 1032023 to 4100.Cost N20/7days",scam,other_scam,exais,2015-12-12,REVIEW: fraud or marketing?
e03102,"Do You Have any form of Pains, Illness,Feel Free to Chat with a Doctor on any Health Issues",scam,other_scam,exais,2015-12-11,REVIEW: fraud or marketing?
e03103,"Reduce Your Stress.Anxiety/Stress Can Temporarily Increase Blood Pressure.More Tips on How to Control High Blood Pressure.Txt Bp to 35240. Cost N100 /30 days,,, and Get Fast Response.Send DR to 53665 to start",scam,other_scam,exais,2015-11-21,REVIEW: fraud or marketing?
e03104,Feel free to Gist a Doctor through your Mobile phone on Health issues. Send DR to 53665 to Start.Cost N100/2wks,scam,other_scam,exais,2015-11-11,REVIEW: fraud or marketing?
e03109,Send text message. status to 21600,scam,other_scam,exais,2015-12-11,REVIEW: fraud or marketing?
e03111,God and Man shall favour you before the end of this year.If you believe and For more prayers.Text AMEN,scam,other_scam,exais,2015-12-10,REVIEW: fraud or marketing?
e03112,"REPLY Bible to 54884 to continue in daily study of the WORD of God. John8:31 Then said Jesus..if ye continue in my word, then are ye my disciples indeed N50/wk",scam,other_scam,exais,2015-12-08,REVIEW: fraud or marketing?
e03113,"Hello 08XXXXXX31! It can be scary to lose your phone contacts. Back up and restore your contacts securely using Easybackup. Text sub to 48900,,,,Cost N100/2Wks",scam,other_scam,exais,2015-12-08,REVIEW: fraud or marketing?
e03114,Hello 08XXXXXX31! It can be scary to lose your phone contacts. Back up and restore your contacts securely using Easybackup. Text sub to 48900,scam,other_scam,exais,2015-11-13,REVIEW: fraud or marketing?
e03117,"Success in business requires vision, energy and belief in oneself. Get the best advice from successful business icons today. Text BYB to 35070 at N10/day",scam,other_scam,exais,2015-12-06,REVIEW: fraud or marketing?
e03123,Dear owner of number 2347XXXXX11 – are you ready to WIN up to N4000?! Play Mind2Moni game and WIN prizes! Start here: <URL> Price: N20/day.,scam,other_scam,exais,2015-12-05,REVIEW: fraud or marketing?
e03124,"Download without any limits! Games, videos, sounds",scam,other_scam,exais,2015-11-10,REVIEW: fraud or marketing?
e03128,"Do you have a car? For daily advice on how to keep it running like new, text CAR to 50033. N50/week.",scam,other_scam,exais,2015-12-03,REVIEW: fraud or marketing?
e03129,"Do you like your car? For daily advice on how to keep it running like new, text CAR to 50033. N50/week. Visit <URL> for more info.",scam,other_scam,exais,2015-11-17,REVIEW: fraud or marketing?
e03130,"Do you have a car? Did you know that you can keep it running like new. To know about your car, text CAR to 50033 & get daily car tips from Carmudi. N50/weekly.",scam,other_scam,exais,2015-11-12,REVIEW: fraud or marketing?
e03131,"Stay in shape with great tips on food and health with the medplus app! Text Medplus to 5021, N50/weekly for Medplus health and fitness tips, Text STOP to unsubscribe.",scam,other_scam,exais,2015-12-03,REVIEW: fraud or marketing?
e03132,A combination of strategy and character is key to a successful business. Text Money shop today. Text YES to 5021 to subscribe.N50/wkly.Text STOP to unsubscribe,scam,other_scam,exais,2015-12-03,REVIEW: fraud or marketing?
e03133,"As we enter the EMBER months, Rejoice in the Lord for the LORD is with you, Text 023278 to 4100 to download tune EBEZINA by Gospel Sensation PREYE @N50 monthly",scam,other_scam,exais,2015-12-02,REVIEW: fraud or marketing?
e03142,"When you leverage on the experience of the professional, success is guaranteed. Before you start that agribusiness, consult the professional. SMS AGRIC to 2707",scam,other_scam,exais,2015-12-02,REVIEW: fraud or marketing?
e03150,Hello oluwolepaul. You have new question about oluwolepaul. Please check your Kaymu account and respond.,scam,other_scam,exais,2015-11-24,REVIEW: fraud or marketing?
e03154,"Secure the future for a lifetime opportunity by investing in the Atlantic Resort Victoria Islan for N390,000. For Enquires please call: <PHONE>,<ACCT>",scam,other_scam,exais,2015-11-23,REVIEW: fraud or marketing?
e03155,"Just launched on OLX! Be the 1st to use our NEW chat feature, get instant replies through notifications.Download here now: <URL>",scam,other_scam,exais,2015-11-20,REVIEW: fraud or marketing?
e03162,1000 Congrats! You have only 30 minutes to text OK for the chance to download Videos today and everyday for N100/week membership. Reply with OK!,scam,other_scam,exais,2015-11-16,REVIEW: fraud or marketing?
e03167,Looking for Someone to Date? Connect with single women and men who want to go out with someone like you. Text DATE to 33070. 50/week. Stop Date to optout.,scam,other_scam,exais,2015-11-13,REVIEW: fraud or marketing?
e03168,Latest Hot Jobs vacancy alert available. Text JOB to 33070 now and start receiving unlimited job offers N50/week. Stop Job to opt-out. <URL>,scam,other_scam,exais,2015-11-13,REVIEW: fraud or marketing?
e03169,Investing your money is a good means of building a better future. Get Investment Info from Investment One. Text ONE to 33070 for only N50/wk and XONE to opt out,scam,other_scam,exais,2015-11-12,REVIEW: fraud or marketing?
e03172,Don't fight a battle if you don't gain anything by winning - George S. Patton.Reply QUOTED to get more Inspiring Quotes. @N10/day,scam,other_scam,exais,2015-11-12,REVIEW: fraud or marketing?
e03182,"Spend some time alone each day with God. ItaΔ¿s the secret of greatness. For more Quotes/Prayers by Pastor Ighodalo, text TRINITY to 5031. N50/Wk",scam,other_scam,exais,2015-10-29,REVIEW: fraud or marketing?
e03183,"Please call me. Watch Man City vs Norwich, Sat 31 Oct-LIVE on SuperSport Select 2. Get GOtv today! Click <URL>",scam,other_scam,exais,2015-10-29,REVIEW: fraud or marketing?
e03184,Today's attendees gained more insight on working better.Tomorrow is another day.Event starts @ 8am.<URL>,scam,other_scam,exais,2015-10-27,REVIEW: fraud or marketing?
e03185,We can't wait to see you at SOCTECH2015 Conference and Exhibition. Event starts by 8am tomorrow: <URL> <PHONE>,scam,other_scam,exais,2015-10-26,REVIEW: fraud or marketing?
e03186,"SOCTECH2015 Conference&Exhibition holds on the 27-28th of Oct 2015 at Honeywell Auditorium,Lagos Business School,Ajah.Call 08XXXXXXXX33 for more info",scam,other_scam,exais,2015-10-26,REVIEW: fraud or marketing?
e03187,Discover the risk & security in this digital age.Learn to protect yourself & loved ones @ <URL> or call <PHONE>,scam,other_scam,exais,2015-10-22,REVIEW: fraud or marketing?
e03188,The Society and Technology conference at LBS Ajah today was amazing. Make it a date with us tomorrow as it promises to be bigger & better. 0 8 XXXXXXX 3 3,scam,other_scam,exais,2015-10-27,REVIEW: fraud or marketing?
e03201,Teamvier. Id: 531 812 529. Password: 8vx52q,scam,other_scam,exais,2015-10-12,REVIEW: fraud or marketing?
e03202,"Shed that unwanted weight effortlessly! Text WEIGHT to 33201 & receive healthy yet effective tips on weightloss. N30/SMS. Text STOP to 33111 to Opt-Out,,,,,,,,,,,,,,,,,spam",scam,other_scam,exais,2014-04-09,REVIEW: fraud or marketing?
e03203,"LAST INVITATION FOR <ACCT>!TODAY 02/09'Centenary Mega Jackpot' chose you to participate for N100 MLN!ONLY A FEW DAYS LEFT!Send WIN to 35777!N100/SMS,,,,,,,,,,,,,,,,,spam",scam,other_scam,exais,2014-02-09,REVIEW: fraud or marketing?
e03204,"Change is not a threat its an opportunity. Transform your business today with money shop. Text YES to 5021 to subscribe. N50/wkly.Text STOP to unsubscribe,,,,,,,,,,,,,,,,,spam",scam,other_scam,exais,2014-02-09,REVIEW: fraud or marketing?
e03205,"A health tip a day keeps the doctor away! To find out how, Text Medplus to 5021. N50/weekly. Text STOP to unsubscribe,,,,,,,,,,,,,,,,spam",scam,other_scam,exais,2014-19-08,REVIEW: fraud or marketing?
e03206,"ke your money work for you. Want to know how Text Money Shop today and stay ahead of the pack. Text YES to 5021 to subscribe. N50/wkly.Text STOP to unsubscribe,,,,,,,,,,,,,,,,,spam",scam,other_scam,exais,2014-12-08,REVIEW: fraud or marketing?
e03207,"Get the best in health fitness daily when you subscribe to Medplus health tips. Text Medplus to 5021 to subscribe. N50/wkly.Text STOP to unsubscribe,,,,,,,,,,,,,,,,,spam",scam,other_scam,exais,2014-11-08,REVIEW: fraud or marketing?
e03208,"Networking leads to a stronger business platform. Text Money Shop today to stay connected. Text YES to 5021 to subscribe. N50/wkly.Text STOP to unsubscribe,,,,,,,,,,,,,,,,,spam",scam,other_scam,exais,2014-05-08,REVIEW: fraud or marketing?
e03209,"Searching for a job is a job itself! To receive quick-time saving job alerts from Phillips Consulting. Text ALERTS to 5031 or STOP to unsubscribe.N50/WK,,,,,,,,,,,,,,,,,spam",scam,other_scam,exais,2014-01-09,REVIEW: fraud or marketing?
e03210,"The goal of the CV is to get you an interview. Keep it targeted/enticing!For more tips from Phillips Consulting, text TIPS TO 5031 or STOP to unsubscribe.N50/WK.,,,,,,,,,,,,,,,,spam",scam,other_scam,exais,2014-01-09,REVIEW: fraud or marketing?
e03253,"you need help or information about the Ebola virus? Please call <PHONE>/<PHONE> or email <EMAIL> (Federal Ministry of Health),,,,,,,,,,,,,,,,,spam",scam,other_scam,exais,2014-19-08,REVIEW: fraud or marketing?
e03254,"Help prevent the spread of Ebola! Report any suspected case to <PHONE>/<PHONE> or email <EMAIL> (Federal Ministry of Health),,,,,,,,,,,,,,,,,spam",scam,other_scam,exais,2014-19-08,REVIEW: fraud or marketing?
e03256,"Ebola is spread through contact with blood, sweat, saliva, urine & semen of an infected person/animal. For more information, email <EMAIL>,,,,,,,,,,,,,spam",scam,other_scam,exais,2014-09-08,REVIEW: fraud or marketing?
e03257,"Do you know that symptoms of Ebola include fever,vomiting,diarrhoea & bleeding? For more information, please call <PHONE> or email <EMAIL>,,,,,,,,,,,,,,spam",scam,other_scam,exais,2014-09-08,REVIEW: fraud or marketing?
e03262,"Cancer is killing both genders across all ages, it sometimes has no cure but most times can be prevented, text CT to 32329 to start receiving tips @ N30/3days,,,,,,,,,,,,,,,spam",scam,other_scam,exais,2014-20-08,REVIEW: fraud or marketing?
e03263,"How Nigerian are you? Answer 3 questions correctly & be rewarded with DSTV Walka7s, products & more. Text GOL to 5030 T&CD apply.,,,,,,,,,,,,,,,,spam",scam,other_scam,exais,2014-19-08,REVIEW: fraud or marketing?
e03272,"Direct to ur phone the popular OUR DAILY BREAD devotional!Strengthen ur walk with God and get deeper in the WORD. Subscribe now.sms ODB to 38299.Cost:N50 7days,,,,,,,,,,,,,,,,,spam",scam,other_scam,exais,2014-15-08,REVIEW: fraud or marketing?
e03275,"more,,,,,,,,,,,,,,,,,spam",scam,other_scam,exais,2014-15-08,REVIEW: fraud or marketing?
e03277,"help,,,,,,,,,,,,,,,,,spam",scam,other_scam,exais,2014-15-08,REVIEW: fraud or marketing?
e03280,"2,,,,,,,,,,,,,,,,,spam",scam,other_scam,exais,2014-13-08,REVIEW: fraud or marketing?
e03285,"Join the winning team now! Get instant airtime by answering 3 simple questions in the Brain-Wave game. Text WAVE to 5032 to get started now. N10/SMS.,,,,,,,,,,,,,,,,,spam",scam,other_scam,exais,2014-12-08,REVIEW: fraud or marketing?
e03293,"Accessing finance for medical treatment just got easier with our Maternal Health Support Scheme. Pls call 01-2712005-7/email <EMAIL>,,,,,,,,,,,,,,,,,spam",scam,other_scam,exais,2014-06-08,REVIEW: fraud or marketing?
e03315,"Login To {<URL> To Load your =N=100,000 Airtime Now. Your Code <CODE> You Have 2hrs Left Art Fast Now.,,,,,,,,,,,,,,,,spam",scam,other_scam,exais,2014-04-06,REVIEW: fraud or marketing?
e03324,"95% OFF! With just N5, download 2HD songs & stream unlimited music for 7days. Simply text e to 5900 to try. Applies to all phones.",scam,other_scam,exais,2016-02-28,REVIEW: fraud or marketing?
e03332,Unscubscribe with 2,scam,other_scam,exais,2016-02-25,REVIEW: fraud or marketing?
e03339,You have successfully subscribed to BB Unlimited daily plan. Please restart your phone to get this service running. Visit <URL> for more details.,scam,other_scam,exais,2016-02-24,REVIEW: fraud or marketing?
e03345,"Sorry, you do not have enough credit to opt-in into Enhanced Pulse. Please recharge with N100 and try again. Thank you",scam,other_scam,exais,2014-07-22,REVIEW: fraud or marketing?
e03346,You Have Already Opted Out of This Campaign,scam,other_scam,exais,2014-07-22,REVIEW: fraud or marketing?
e03348,"Sorry, you have already opted in for this service. Thank you.",scam,other_scam,exais,2014-07-22,REVIEW: fraud or marketing?
e03350,"No disease/plague shall come near your dwelling place; the Lord will keep you from evil at all times. For more prayers from Rhapsody of Realities, text ROR to 5031",scam,other_scam,exais,2014-08-08,REVIEW: fraud or marketing?
e03351,Spectacular WC football moments in history at its best as we count down to the finals of this year's tournament! Reply WC @N50/Wk. Txt STOP to 33111 to OptOut,scam,other_scam,exais,2014-07-11,REVIEW: fraud or marketing?
e03352,THE SEMI-FINALS ARE HERE! Get LIVE game updates & summary of Brazil's match today against Germany! Text SOCCER to 33118 @N50/Wk. Text STOP to 33111 to OptOut,scam,other_scam,exais,2014-07-09,REVIEW: fraud or marketing?
e03353,"Please call me. I Love you. Start your week as a champion with prayers from . RHAPSODY of Realities for just N50! To enjoy, text ROR to 5036. To opt out text ST",scam,other_scam,exais,2014-06-21,REVIEW: fraud or marketing?
e03359,"On your main balance, your credit is 200.88NGN",scam,other_scam,exais,2014-08-29,REVIEW: fraud or marketing?
e03366,"The Favor of God will accompany you everywhere you go. You're marked for great success. For more prayers from Rhapsody of Realities, text ROR to 5031. N50/WK",scam,other_scam,exais,2014-09-04,REVIEW: fraud or marketing?
e03367,"Wisdom is knowing what to do at the right time, you can do it right all the time. For more Quotes/Prayers by Pastor Ituah Ighodalo, text TRINITY TO 5031 N50/Wk",scam,other_scam,exais,2014-08-21,REVIEW: fraud or marketing?
e03368,Change is not a threat its an opportunity. Transform your business today with money shop. Text YES to 5021 to subscribe. N50/wkly.Text STOP to unsubscribe,scam,other_scam,exais,2014-09-04,REVIEW: fraud or marketing?
e03369,17232759 03/09/14 22:08 Airtime Purchase <ACCT> to <ACCT> NGN 100 Fail17232755 03/09/14 22:08 Airtime Purchase <ACCT> to <ACCT> NGN 100 Fail,scam,other_scam,exais,2014-09-03,REVIEW: fraud or marketing?
e03383,Prove your Nigerian! Answer 3 questions correctly & be rewarded with DSTV Walka7s & more T&Cs apply. Text GOL to 5030 .,scam,other_scam,exais,2014-08-26,REVIEW: fraud or marketing?
e03394,"Dear Customer, migration is not allowed. Thank you.",scam,other_scam,exais,2014-04-06,REVIEW: fraud or marketing?
e03400,"Welcome! Your LG E445 cannot receive any settings. Please visit our web site, <URL> or call Prepaid: 121 or Postpaid: 200 to be configured.",scam,other_scam,exais,2014-08-29,REVIEW: fraud or marketing?
e03401,GUARANTEED N50 FREE AIRTIME with Sunlight Delights on your next purchase of Sunlight detergent before 10 Sept. Simply text code inside pack. SMS STOP to optout.,scam,other_scam,exais,2014-08-29,REVIEW: fraud or marketing?
e03402,Thanks for buying Sunlight! You have not been rewarded this time. Keep buying Sunlight to be a part of the Sunlight Delights!,scam,other_scam,exais,2014-08-25,REVIEW: fraud or marketing?
e03403,A<ACCT>,scam,other_scam,exais,2014-08-25,REVIEW: fraud or marketing?
e03412,Subscribe to Tribune Newspaper for 7 days free and get two other news and gist products for 7 days free. Text TRW to 4900. Renewal at N30/week.,scam,other_scam,exais,2014-08-25,REVIEW: fraud or marketing?
e03510,3.88E+11,scam,other_scam,exais,2014-07-11,REVIEW: fraud or marketing?
e03513,"As we enter the EMBER months,Rejoice in the Lord for the LORD is with you, Text 023278 to 4100 to download tune EBEZINA by Gospel Sensation PREYE @N50 monthly",scam,other_scam,exais,2014-08-26,REVIEW: fraud or marketing?
e03549,"Sorry, The Command you have entered is incorrect.",scam,other_scam,exais,2016-02-19,REVIEW: fraud or marketing?
e03557,"Dear Customer, you do not have to withdraw cash to make payments. Use your GTBank Naira MasterCard to pay at local POS terminals and enjoy cashback",scam,other_scam,exais,2016-02-19,REVIEW: fraud or marketing?
e03564,"YOUR OWN RADIO Listen or dedicate music, choose from vast collection of different geners.Dial 77011 at just N1/min for browsing, weekly pack (N25),Dedicate (N100)",scam,other_scam,exais,2016-02-18,REVIEW: fraud or marketing?
e03585,"Waheed Kashi posted: ""ur friendship is made of Gold that will..."". <URL> Reply with your comment or ""like"".",scam,other_scam,exais,2016-02-16,REVIEW: fraud or marketing?
e03586,"Jesugbemi Omoniyi wants to be friends on Facebook.Reply ""1"" to confirm or go to: <URL>",scam,other_scam,exais,2016-02-15,REVIEW: fraud or marketing?
e03589,"On your main balance, your credit is 119.40NGN",scam,other_scam,exais,2016-02-15,REVIEW: fraud or marketing?
e03596,"Dear Honourable Colleague, ""Doing what no one has never done,will make u achieve what no one has never achieved""Embrace/Support!!A man of great dream...HON PHYLEEPINS 4 FUNAABSU DSP. Election holds by 2:30pm today @ SUB. Come one come all! I am so much counting on U. 10ks",scam,other_scam,exais,2016-02-08,REVIEW: fraud or marketing?
e03598,G-312106 is your Google verification code.,scam,other_scam,exais,2016-02-06,REVIEW: fraud or marketing?
e03605,Download your favorite Football Club Ring Back Tune FREE for 7days. Text CLUB to 251 for a list of football club tunes or text 12 to 251 for Chelsea tune,scam,other_scam,exais,2014-09-05,REVIEW: fraud or marketing?
e03607,"This football season send that special one their favorite Football Club Ring Back Tune as a gift, FREE for 7days. Text GIFT to 251 for more information",scam,other_scam,exais,2014-08-25,REVIEW: fraud or marketing?
e03629,LAST INVITATION FOR <ACCT>!TODAY 03/09'Centenary Mega Jackpot' chose you to participate for N100 MLN!ONLY A FEW DAYS LEFT!Send WIN to 35777!N100/SMS,scam,other_scam,exais,2014-09-03,REVIEW: fraud or marketing?
e03630,LAST INVITATION FOR <ACCT>!TODAY 27/08'Nigeria Mega Jackpot' chose you to participate for N100 MLN!ONLY A FEW DAYS LEFT!Send WIN to 35777!N100/SMS,scam,other_scam,exais,2014-08-27,REVIEW: fraud or marketing?
e03631,LAST INVITATION FOR <ACCT>!TODAY 20/08'Nigeria Mega Jackpot' chose you to participate for CASH!ONLY A FEW DAYS LEFT!Send WIN to 35777 now!N100/SMS,scam,other_scam,exais,2014-08-20,REVIEW: fraud or marketing?
e03632,"If your number ends in 2,you are chosen to participate in 'Nigeria Mega Jackpot'.N110,000 will be given in total TODAY!Send WIN to 35777 now.N100/SMS",scam,other_scam,exais,2014-08-13,REVIEW: fraud or marketing?
e03633,Does your number end in 2?TODAY 29/07you're chosen to participate for the 'Nigeria Centenary 100 Million Naira Mega Jackpot'!Send WIN to 35777!N100/SMS,scam,other_scam,exais,2014-07-29,REVIEW: fraud or marketing?
e03634,Does your number end in 2?TODAY 27/07you're chosen to participate for the 'Nigeria Centenary 100 Million Naira Mega Jackpot'!Send WIN to 35777!N100/SMS,scam,other_scam,exais,2014-07-27,REVIEW: fraud or marketing?
e03635,Record Your Own Tune and set and your Hello tune! Dial 791222 free now and start making your own tune!,scam,other_scam,exais,2014-08-30,REVIEW: fraud or marketing?
e03636,Breaking News! You can now enjoy CNN Breaking News live on your phone daily. Text CNNBREAK to 38383 and enjoy 7-days free trial & N10daily afterwards.,scam,other_scam,exais,2014-08-27,REVIEW: fraud or marketing?
e03637,"Enjoy latest transfer gossips, rumours, club alert, & news of your favourite clubs on your phone. Send CNNSPORT to 38383 free for 7 days N10/day thereafter.",scam,other_scam,exais,2014-08-14,REVIEW: fraud or marketing?
e03638,"Enjoy daily hadith, prophetic prayers and inspirational words from prophetic mohammed during this ramadan season. Send ISLAM to 38383 now. N10 daily only.",scam,other_scam,exais,2014-07-18,REVIEW: fraud or marketing?
e03643,The Start of the EPL! Get Arsenal FC news & goal alerts as it happens.Text ARS to 38400 service cost N50/5days.,scam,other_scam,exais,2014-08-21,REVIEW: fraud or marketing?
e03644,The Start of the EPL! Get Liverpool FC news & goal alerts as it happens.Text LIV to 38400 service cost N50/5days.,scam,other_scam,exais,2014-08-19,REVIEW: fraud or marketing?
e03645,The Start of the EPL! Get Manchester City news & goal alerts as it happens.Text MC to 38400 service cost N50/5days.,scam,other_scam,exais,2014-08-17,REVIEW: fraud or marketing?
e03649,Discover unbelievable and interesting facts that form a part of your everyday life. Send Fact to 38400 to subscribe to Amazing Facts. FREE for 7 days.,scam,other_scam,exais,2014-08-14,REVIEW: fraud or marketing?
e03661,Hellohealth helps you learn how to protect yourself from Ebola. Get 5 tips free and then N50/5days. Send SUB now to 38777,scam,other_scam,exais,2014-08-18,REVIEW: fraud or marketing?
e03665,Free Free!!! Exclusive for you get funny news and cool stories from around the world right on your mobile. SMS FNP to 38567. Offer valid for limited period.,scam,other_scam,exais,2014-08-17,REVIEW: fraud or marketing?
e03666,Medical: Do you know that only 2 people have ever survived rabies? This is worrisome! If you keep dogs please ensure that they are vaccinated against rabies.,scam,other_scam,exais,2014-08-16,REVIEW: fraud or marketing?
e03667,Medical: Concerned about weight gain in spite of all your efforts to manage your weight? You may have low thyroid hormonal levels. See a doctor for a test.,scam,other_scam,exais,2014-08-15,REVIEW: fraud or marketing?
e03668,"Area: Fumigating your home? This is a splendid idea! Fumigation eliminates cockroaches, mosquitoes and rodents. Fumigate your home regularly.",scam,other_scam,exais,2014-08-14,REVIEW: fraud or marketing?
e03669,"Medical: Sudden intense pain on either side of your body may be caused by Kidney stones. Don't panic! Take plenty of water, lemon juice, and see your doctor.",scam,other_scam,exais,2014-08-13,REVIEW: fraud or marketing?
e03670,Medical: Are you suffering from Stomach ulcer disease? Dark smelly Stools and blood in the vomit are warning signs of severe ulcer. See a Doctor immediately!,scam,other_scam,exais,2014-08-12,REVIEW: fraud or marketing?
e03671,Area: Prevent electrocution in your house by drying your hands before handling electrical equipments; do a routine check and ensure all cables are covered.,scam,other_scam,exais,2014-08-11,REVIEW: fraud or marketing?
e03672,Medical: Gall stones can cause a right-sided tummy pain. Prevent this by cutting down on oily foods. Stop fried foods! Drink 8 to 10 glasses of water daily.,scam,other_scam,exais,2014-08-10,REVIEW: fraud or marketing?
e03673,"Medical: Constipation can make stools hard, painful and difficult to pass. Check your meals. Endeavor to eat more fruits and vegetables!",scam,other_scam,exais,2014-06-14,REVIEW: fraud or marketing?
e03681,"Yes, You deserve MORE! Text OK to 38421 NOW to get 7 FREE BUSINESS IDEAS daily to assist you in the type of business to engage in for the next 7 days.",scam,other_scam,exais,2014-08-08,REVIEW: fraud or marketing?
e03683,"Get information to migrate to Easy Cliq,dial 255. For Internet Plans, dial 229. For Internet Settings, dial 790. For You & Me, dial 233.To Change Language, press 0",scam,other_scam,exais,2014-07-31,REVIEW: fraud or marketing?
e03684,"We are now available on social media 24hours a day, 7 days a week! Tweet us @ <URL> and get all your queries resolved speedily!",scam,other_scam,exais,2014-07-23,REVIEW: fraud or marketing?
e03686,Free gift! <PHONE>. Never lose yr important SMS again. Backup and restore them with SMSBackup at N100/m. Text SUB to 38111 at no cost for 7 day FREE trial.,scam,other_scam,exais,2014-07-26,REVIEW: fraud or marketing?
e03711,"Enjoy 1 FREE tune like Esupofo by Olamide, Limpopo by Kcee & lots more. Text 1 to 251 for Esupofo or text 3 to 251 for Limpopo. Hurry Now! Offer till July 10th",scam,other_scam,exais,2014-07-08,REVIEW: fraud or marketing?
e03712,Get your callers dancing to 1 Free Ring Back Tune for 30days. Text 2 to 251 for Aye by Davido or text 17 to 251 for Gallardo by Runtown ft Davido. Hurry Now!,scam,other_scam,exais,2014-07-02,REVIEW: fraud or marketing?
e03713,"Well Done! <PHONE> you are among the special ones to win 7 FREE days of ""History Facts"" & then N100/week! Text OK to 7803 at no cost!",scam,other_scam,exais,2014-07-08,REVIEW: fraud or marketing?
e03717,Never run out of airtime with EasyCredit. SMS 200 to 665 to loan N200 airtime now and pay back later. 10% service charge applies.,scam,loan_bait,exais,2014-06-23,REVIEW: fraud or marketing?
e03728,Mental: Don't forget that the feeling you get from a good run is far better than the feeling you get from sitting around wishing you were running.,scam,other_scam,exais,2014-05-27,REVIEW: fraud or marketing?
e03729,"Notification! The free week of Fitness Clues will be over today! You'll still be receiving daily messages! To miss the messages, text STOP to 7805. N100/week",scam,other_scam,exais,2014-05-27,REVIEW: fraud or marketing?
e03730,Notification! The free week of Fitness Clues will be over tomorrow! You'll still be receiving daily messages! For more information send INFO to 7805. N100/week,scam,other_scam,exais,2014-05-26,REVIEW: fraud or marketing?
e03731,Mental: Play an imaginary piano with your toes. This is a great exercise that re-establishes the links between brain and body. Do this often.,scam,other_scam,exais,2014-05-26,REVIEW: fraud or marketing?
e03732,"Body: Place your right foot forward and your left foot behind your body. Flexing the left foot, slowly sink down. Return to starting position and switch legs.",scam,other_scam,exais,2014-05-25,REVIEW: fraud or marketing?
e03733,"Full Crunch: Lie on your back and raise your legs, knees bent. Curl your legs and pelvis towards your ribcage. Simultaneously, curl your shoulders forward.",scam,other_scam,exais,2014-05-24,REVIEW: fraud or marketing?
e03734,Body: Lie on your back. Raise your legs straight up in the air. Bring them towards your ribcage. Keep each movement slow and don't let your legs swing about.,scam,other_scam,exais,2014-05-23,REVIEW: fraud or marketing?
e03735,Infomania (noun): The compulsive desire to check or accumulate news & information. Txt VOCAB to 700 to learn more fun words @N50/Wk. Txt STOP to 33111 to OptOut,scam,other_scam,exais,2014-05-26,REVIEW: fraud or marketing?
e03736,"Learn new things, the more you learn the more you know and your intelligence soars. Reply IQ for effecient IQ Booster tips @N50/Wk. Txt STOP to 33111 to OptOut",scam,other_scam,exais,2014-05-25,REVIEW: fraud or marketing?
e03737,"Whoever does not love does not know God, because God is love. NKJV (1 John 4:8). Enjoy daily Bible verses on your phone, Text BIBLE to 33388 @ N50/week.",scam,other_scam,exais,2014-05-26,REVIEW: fraud or marketing?
e03760,"Special describes something of a kind, a hug, a sunrise or someone who spreads love with a kind gesture...U are that SPECIAL ONE.",scam,other_scam,exais,2014-02-12,REVIEW: fraud or marketing?
e03763,"LIVE MATCH: EPL Liverpool vs Arsenal at Anfield. Kick-off at 15:45:00 EAT.Past Resuts: Liverpool: 36.67%, Arsenal:36.67%, 26.67% Draws",scam,other_scam,exais,2014-02-08,REVIEW: fraud or marketing?
e03764,"Southampton manager Mauricio Pochettino, linked to Real Madrid, cannot guarantee that he will see out his current contract at the club",scam,other_scam,exais,2014-02-07,REVIEW: fraud or marketing?
e03765,"God wants us to get into Agreement with Him; for your daily prayers of CONFESSION from God'fessions by Goke Coker, text AMEN to 38329. Cost: N50/5days",scam,other_scam,exais,2014-02-03,REVIEW: fraud or marketing?
e03774,"Secure your life from viruses & sickness, Enjoy 5 days Free life cover of N100,000 & N10,000 medical benefit. Get it now! Text LIFE to 48433 & Register.",scam,other_scam,exais,2014-08-27,REVIEW: fraud or marketing?
e03775,Thrill your callers with your Favourite Football Club Ring Back Tune for FREE. Text CLUB to 251 for a list of football club tunes or text 10 to 251 for Man U,scam,other_scam,exais,2014-08-23,REVIEW: fraud or marketing?
e03778,"Is 81XXXXX67your number? If yes, send ""YES"" to 38255 to get expert Football match analysis from SUNDAY OLISEH, live from Brazil. Service is FREE for 2 days!",scam,other_scam,exais,2014-06-25,REVIEW: fraud or marketing?
e03789,"Kafayat, you have 32 friend requests on Facebook: <URL>",scam,other_scam,exais,2014-03-17,REVIEW: fraud or marketing?
e03804,Rock with the top 10 hits in Naija today. Dial 7911. Its free to call!,scam,other_scam,exais,2014-09-03,REVIEW: fraud or marketing?
e03808,"Get instant credit, call 14120 now",scam,other_scam,exais,2014-09-01,REVIEW: fraud or marketing?
