id,text,label,subtype,source,received,notes
e00002,Your plan Smallie.is going to be renewed. Please send CANCEL if you do not want this to happen,legitimate,promo_marketing,exais,2014-09-04,auto: relabelled marketing
e00003,"Dear Glo subscriber, you just passed 80% of your Plan Validity Period. Glo Unlimited.",legitimate,promo_marketing,exais,2014-09-04,auto: relabelled marketing
e00004,Welcome to Smallie. It will expire on 04/09/2014 14:19,legitimate,promo_marketing,exais,2014-09-01,auto: relabelled marketing
e00005,Please send :1 for Day Plans2 for Week Plans3 for Monthly Plans4 for Time Based Monthly Plans,legitimate,promo_marketing,exais,2014-08-25,auto: relabelled marketing
e00007,Please send ACTIVATE to 127 for a list of options,legitimate,promo_marketing,exais,2014-08-25,auto: relabelled marketing
e00009,"Dear Customer, your 10MB 1-Day Mobile Data plan has expired: 29/Aug/2014 10:38. Subscribe to a data plan now or continue browsing at bundle rate.",legitimate,promo_marketing,exais,2014-09-04,auto: relabelled marketing
e00010,"Y'ello! You have 193.53MB in your SME shared data bundle, it expires on 29/Sep/2014 12:00. Thank you",legitimate,promo_marketing,exais,2014-09-01,auto: relabelled marketing
e00011,"Y'ello! You have 500.00MB in your SME shared data bundle, it expires on 29/Sep/2014 12:00. Thank you",legitimate,promo_marketing,exais,2014-08-31,auto: relabelled marketing
e00012,Y'ello! You have received 250.00MB SME Data Share from <ACCT>. Thank you.,legitimate,promo_marketing,exais,2014-08-31,auto: relabelled marketing
e00013,"Here's a genuine Birthday prayer from the heart of one friend to another, May you have the world at your feet someday and may we always be together. Happy Birthday!Sunday",legitimate,other_legit,exais,2014-09-02,auto-subtyped
e00014,"A million and one THANKS is nt enough to appreciate a beautiful Person like u. Txs 4 d luv, Prayers,best wishes n gifts. God bless u immersly. Lots of luv",legitimate,other_legit,exais,2014-09-01,auto-subtyped
e00015,"access>>>Credit AlertAmt: NGN 27,000.00 CrAcc: <ACCT>Desc: CD BY BABALOLA AKIN O/A4156936Time: 01/09/14 ?9:27 AMBal: NGN 28,1.44",legitimate,credit_alert,exais,2014-09-01,auto: relabelled bank alert
e00016,"access>>>Debit AlertAmt: NGN 3,000.00 DrAcc: <ACCT>Desc: 10440377-ATM CASH WITHDRAWAL FTime: 22/08/14 5:53 PMBal: NGN 3,423.44",legitimate,debit_alert,exais,2014-08-22,auto: relabelled bank alert
e00017,Get access to all our services using ONE code. Dial *200# and select your preferred option,legitimate,promo_marketing,exais,2014-08-25,auto: relabelled marketing
e00018,"<ACCT>,this is Yemisi 's no. Sorry 4 the delay. Seyi",legitimate,debit_alert,exais,2014-08-24,auto-subtyped
e00019,"Your Birthday is the perfect opportunity to take a pause in life, look at the things around you, sense the feeling of being alive in the depths of your heart and promise yourself to do great things. Happy Birthday!",legitimate,other_legit,exais,2014-08-22,auto-subtyped
e00020,"Acct: ******2491Amt: NGN1,000.00 DrDesc: CASH WDL FROM OUR ATM-GTBank EBranch UNAAB Ogun OGNG STAN<ACCT>Avail Bal: NGN287.13",legitimate,debit_alert,exais,2014-08-10,auto-subtyped
e00021,"Acct: ******2491Amt: NGN500.00 DrDesc: CASH WDL FROM OUR ATM-GTBank EBranch UNAAB Ogun OGNG STAN<ACCT>Avail Bal: NGN1,287.13",legitimate,debit_alert,exais,2014-08-09,auto-subtyped
e00022,"Acct: ******2491Amt: NGN1,000.00 DrDesc: CASH WDL FROM OUR ATM-GTBank EBranch UNAAB Ogun OGNG STAN<ACCT>Avail Bal: NGN1,787.13",legitimate,debit_alert,exais,2014-08-06,auto-subtyped
e00023,"Acct: ******2491Amt: NGN5,000.00 DrDesc: CASH WDL FROM OUR ATM-GTBank EBranch UNAAB Ogun OGNG STAN<ACCT>Avail Bal: NGN2,787.13",legitimate,debit_alert,exais,2014-08-05,auto-subtyped
e00024,"Acct: ******2491Amt: NGN24.00 DrDesc: SI TRANSACTION (DIFFERENT CUSTOMERS)-SMS CHARGE FOR JULY 2014Avail Bal: NGN7,787.13",legitimate,debit_alert,exais,2014-08-04,auto-subtyped
e00025,"Acct: ******2491Amt: NGN200.00 DrDesc: POS-GTBank EBranch UNAAB Ogun OGNG STAN<ACCT>Avail Bal: NGN7,811.13",legitimate,debit_alert,exais,2014-08-04,auto-subtyped
e00026,"Acct: ******2491Amt: NGN2,000.00 DrDesc: CASH WDL FROM OUR ATM-GTBank EBranch UNAAB Ogun OGNG STAN<ACCT>Avail Bal: NGN8,11.13",legitimate,debit_alert,exais,2014-08-04,auto-subtyped
e00027,"to BABALOLA, SUNDAY SEYIAvail Bal: NGN10,11.13",legitimate,other_legit,exais,2014-08-04,auto-subtyped
e00028,"Acct: ******2491Amt: NGN10,000.00 CrDesc: TRANSFER BETWEEN CUSTOMERS-<ACCT> adegboyega N<ACCT> BABALOLA ADEGBOYEGA DARE",legitimate,debit_alert,exais,2014-08-04,auto-subtyped
e00029,"Don't worry any longer, I don't need the money again. I av got another phone",legitimate,other_legit,exais,2014-08-07,auto-subtyped
e00030,Some of ur confidence is wickedness to me. Continue U see d result oneday.,legitimate,other_legit,exais,2014-06-29,auto-subtyped
e00031,"It won't be funny if u keep on telling me that u are not coming and I later see u. If that is what they asked u to do,u need to rethink and tell me that u are coming.",legitimate,other_legit,exais,2014-06-20,auto-subtyped
e00032,<ACCT>. I love u.,legitimate,debit_alert,exais,2014-06-03,auto-subtyped
e00033,Miles may lie between us but we are never far apart. For love doesn't count the miles. It's measured by the heart. I love you. Sweet dreams,legitimate,other_legit,exais,2014-06-01,auto-subtyped
e00034,"Like the stars were made to twinkle,Like the sun was made to shine,Like the clouds were made to embrace,Like the flowers were made to bloom,Like life was made to be lived,I was made to love you and that I will always do. Sorry I couldn't call again cos my bonus is finished. Gud nite and dream of me.",legitimate,other_legit,exais,2014-06-01,auto-subtyped
e00035,"U asked wat is makin me think, d owner of d chest, where I usually put my head @ night, is not with me. Y wil I not think? My luv is far frm me. I'm missing U.",legitimate,other_legit,exais,2014-05-31,auto-subtyped
e00036,"Like the stars were made to twinkle,Like the sun was made to shine,Like the clouds were made to embrace, Like the flowers were made to bloom,Like life was made to be lived,I was made to love you and that I will always do. Good nite.",legitimate,other_legit,exais,2014-05-21,auto-subtyped
e00037,"I love you more today than I did yesterday,But not as much as I will tomorrow.Happy Valentine's Day!",legitimate,other_legit,exais,2014-02-14,auto-subtyped
e00038,Who are d 'they'? If God say U wil see me again U wil. Thank God we av 'they' btw us now.,legitimate,other_legit,exais,2014-06-20,auto-subtyped
e00039,Oni Oluwatoyin Florence...01XXXXXX3. Happy new month.,legitimate,other_legit,exais,2014-04-01,auto-subtyped
e00040,"Dear BABALOLA, school fee Ref: FUN/FEE/RSG/201314/1/04531 Bank: GTBANK Date: 24/03/14 15:02:21 Amt:15,850.00. Go online to complete your course registration and print receipt.",legitimate,other_legit,exais,2014-03-24,auto-subtyped
e00041,"Yemisi, you said you are going and u went despite the fact that i've explained things to you and even saying that i'm sorry. I want u to know that what i didnt do in the past 6 years, i can start now and if after all this years u cant even trust me 4 a minute, then i dont know what to say but i'm saying this wt my whole heart that i've never cheated on u and i will never do. Once again i'm sorry",legitimate,other_legit,exais,2014-01-15,auto-subtyped
e00043,01XXXX23 babalola andrew olawale,legitimate,other_legit,exais,2014-01-10,auto-subtyped
e00044,oji GTB ACCOUNT No. <PHONE>. Abeokuta. Regards,legitimate,other_legit,exais,2014-01-08,auto-subtyped
e00045,Good day. Please note that your house rent expired on 31st Dec. 2013. Please ensure you pay immediately into the account below. OLUWAGBENRO Thomas Olus,legitimate,other_legit,exais,2014-01-08,auto-subtyped
e00046,"20XXXXXX71 Babalola Adegboyega D, zenith bank",legitimate,other_legit,exais,2014-01-07,auto-subtyped
e00048,Y'ello! You do not have any pending request. Thank you.,legitimate,promo_marketing,exais,2013-06-26,auto: relabelled marketing
e00049,Y'ello! This information is already captured. Dial *559# to view your bonus. Thank you.,legitimate,promo_marketing,exais,2013-06-26,auto: relabelled marketing
e00051,"Y'ello! You have successfully updated your STATE OF ORIGIN and you have received N400 MTN2MTN call usable btw 10pm-5pm, expires 25/Jun/2013. Thank you.",legitimate,promo_marketing,exais,2013-06-23,auto: relabelled marketing
e00052,"Y'ello! Your SIM registration information is incomplete, kindly reply this text with your STATE OF ORIGIN (e.g Lagos, FCT, Kano) and get N400 MTN2MTN call. SMS is Free. Thank you.",legitimate,promo_marketing,exais,2013-06-23,auto: relabelled marketing
e00053,"Y'ello! You have successfully updated your MOTHER'S MAIDEN NAME and you have received N400 MTN2MTN call usable btw 10pm-17pm, expires 05/Jun/2013. Thank you.",legitimate,promo_marketing,exais,2013-06-03,auto: relabelled marketing
e00054,"Sorry, you have responded with an invalid entry for MOTHER'S MAIDEN NAME. Kindly send a valid answer to receive your bonus. SMS is Free. Thank you.",legitimate,promo_marketing,exais,2013-06-03,auto: relabelled marketing
e00056,"Y'ello! You have successfully updated your RESIDENTIAL ADDRESS and you have received N400 MTN2MTN call usable btw 10pm-17pm, expires 04/Jun/2013. Thank you.",legitimate,promo_marketing,exais,2013-06-02,auto: relabelled marketing
e00058,"Sorry, you have responded with an invalid entry for RESIDENTIAL ADDRESS. Kindly send a valid answer to receive your bonus. SMS is Free. Thank you.",legitimate,promo_marketing,exais,2013-06-02,auto: relabelled marketing
e00059,"Y'ello! You have successfully updated your DATE OF BIRTH and you have received N400 MTN2MTN call usable btw 10pm-17pm, expires 03/Jun/2013. Thank you.",legitimate,promo_marketing,exais,2013-06-01,auto: relabelled marketing
e00060,"Sorry, you have responded with an invalid entry for DATE OF BIRTH. Kindly send a valid answer dd/MM/yyyy to receive your bonus. Thank you.",legitimate,promo_marketing,exais,2013-06-01,auto: relabelled marketing
e00061,"Get the callertune, U go kill me remix by Sarkodie ft wizkid, text 010373 to 4100. N50/SMS to opt out text stop to 33020.",legitimate,promo_marketing,exais,2014-09-05,auto: relabelled marketing
e00069,"Your Acct 304XXXX489 Has Been Debited with NGN2,000.00 On 03-SEP-2014 17:40:27 By ATM WITHDRAWAL-GTBank EBranch UNAAB/Ogun. Bal: NGN1,138.29CR",legitimate,debit_alert,exais,2014-09-03,auto-subtyped
e00070,"Your Acct 304XXXX489 Has Been Credited with NGN2,000.00 On 03-SEP-2014 13:39:42 By BABALOLA NIYI/7724860. Bal: NGN3,138.29CR",legitimate,debit_alert,exais,2014-09-03,auto-subtyped
e00071,"Your Acct 304XXXX489 Has Been Debited with NGN.01 On 31-AUG-2014 09:24:51 By <ACCT>:Int.Pd:01-07-2014 to 31-08-20. Bal: NGN1,138.29CR",legitimate,debit_alert,exais,2014-08-31,auto-subtyped
e00072,"Your Acct 304XXXX489 Has Been Debited with NGN13,000.00 On 27-AUG-2014 10:30:54 By ATM WITHDRAWAL-FBN/Abeokuta Main ATM4/Og. Bal: NGN1,138.30CR",legitimate,debit_alert,exais,2014-08-27,auto-subtyped
e00073,"Your Acct 304XXXX489 Has Been Credited with NGN12,500.00 On 26-AUG-2014 14:39:18 By CHRIATIANAH AJAYI. Bal: NGN14,138.30CR",legitimate,debit_alert,exais,2014-08-26,auto-subtyped
e00074,"Your Acct 304XXXX489 Has Been Debited with NGN40.00 On 24-AUG-2014 06:02:08 By 27-Jul-2014 to 26-AUG-2014 SMS Alert Cha. Bal: NGN1,638.30CR",legitimate,debit_alert,exais,2014-08-25,auto-subtyped
e00075,"Your Acct 304XXXX489 Has Been Debited with NGN1,000.00 On 18-AUG-2014 15:26:43 By ATM WITHDRAWAL-GTBank EBranch UNAAB/Ogun. Bal: NGN1,678.30CR",legitimate,debit_alert,exais,2014-08-18,auto-subtyped
e00076,"Your Acct 304XXXX489 Has Been Debited with NGN2,000.00 On 12-AUG-2014 14:19:05 By ATM WITHDRAWAL-UNAAB MFB/ABEOKUTA/OG/NG. Bal: NGN2,678.30CR",legitimate,debit_alert,exais,2014-08-12,auto-subtyped
e00077,"Your Acct 304XXXX489 Has Been Credited with NGN3,500.00 On 12-AUG-2014 09:37:05 By AJAYI BISOLA. Bal: NGN4,678.30CR",legitimate,debit_alert,exais,2014-08-12,auto-subtyped
e00078,"Your Acct 304XXXX489 Has Been Debited with NGN500.00 On 08-AUG-2014 17:09:59 By ATM WITHDRAWAL-GTBank EBranch UNAAB/Ogun. Bal: NGN1,478.30CR",legitimate,debit_alert,exais,2014-08-08,auto-subtyped
e00079,"Your Acct 304XXXX489 Has Been Debited with NGN3,000.00 On 05-AUG-2014 15:13:03 By ATM WITHDRAWAL-GTBank EBranch UNAAB/Ogun. Bal: NGN1,978.30CR",legitimate,debit_alert,exais,2014-08-05,auto-subtyped
e00080,"Your Acct 304XXXX489 Has Been Credited with NGN4,000.00 On 05-AUG-2014 10:04:43 By BABALOLA NIYI/4642429. Bal: NGN4,978.30CR",legitimate,debit_alert,exais,2014-08-05,auto-subtyped
e00081,Your Acct 304XXXX489 Has Been Debited with NGN40.00 On 26-JUL-2014 06:06:31 By 27-Jun-2014 to 26-JUL-2014 SMS Alert Cha. Bal: NGN978.30CR,legitimate,debit_alert,exais,2014-07-26,auto-subtyped
e00082,"Your Acct 304XXXX489 Has Been Debited with NGN2,000.00 On 14-JUL-2014 16:47:56 By ATM WITHDRAWAL-GTBank UNAAB Branch/Abeok. Bal: NGN1,218.30CR",legitimate,debit_alert,exais,2014-07-14,auto-subtyped
e00083,"Your Acct 304XXXX489 Has Been Credited with NGN2,200.00 On 14-JUL-2014 13:32:37 By NIYI IYADE. Bal: NGN3,218.30CR",legitimate,debit_alert,exais,2014-07-14,auto-subtyped
e00084,"Your Acct 304XXXX489 Has Been Debited with NGN2,000.00 On 07-JUL-2014 09:11:36 By ATM WITHDRAWAL-GTBank EBranch UNAAB/Ogun. Bal: NGN1,018.30CR",legitimate,debit_alert,exais,2014-07-07,auto-subtyped
e00085,"Your Acct 304XXXX489 Has Been Debited with NGN100.00 On 23-JUN-2014 17:44:09 By ATM PURCHASE-GTBank EBranch UNAAB/Ogun/O. Bal: NGN1,090.30CR",legitimate,debit_alert,exais,2014-06-23,auto-subtyped
e00086,"Your Acct 304XXXX489 Has Been Debited with NGN500.00 On 06-JUN-2014 14:22:12 By ATM WITHDRAWAL-GTBank EBranch UNAAB/Ogun. Bal: NGN1,290.30CR",legitimate,debit_alert,exais,2014-06-06,auto-subtyped
e00087,"Your Acct 304XXXX489 Has Been Debited with NGN3,000.00 On 06-JUN-2014 14:18:57 By ATM WITHDRAWAL-GTBank EBranch UNAAB/Ogun. Bal: NGN1,790.30CR",legitimate,debit_alert,exais,2014-06-06,auto-subtyped
e00088,"Your Acct 304XXXX489 Has Been Credited with NGN3,000.00 On 04-JUN-2014 16:01:40 By CASH DEP 3RD PARTY:GBEMIGA. Bal: NGN4,790.30CR",legitimate,debit_alert,exais,2014-06-04,auto-subtyped
e00089,"Your Acct 304XXXX489 Has Been Debited with NGN100.00 On 04-JUN-2014 13:46:19 By ATM PURCHASE-GTBank EBranch UNAAB/Ogun/O. Bal: NGN1,790.30CR",legitimate,debit_alert,exais,2014-06-04,auto-subtyped
e00090,"Your Acct 304XXXX489 Has Been Debited with NGN2,000.00 On 04-JUN-2014 13:43:54 By ATM WITHDRAWAL-GTBank EBranch UNAAB/Ogun. Bal: NGN1,890.30CR",legitimate,debit_alert,exais,2014-06-04,auto-subtyped
e00091,"Your Acct 304XXXX489 Has Been Credited with NGN2,000.00 On 03-JUN-2014 14:55:27 By BABALOLA OLANIYI9156758. Bal: NGN3,890.30CR",legitimate,debit_alert,exais,2014-06-03,auto-subtyped
e00092,"Your Acct 304XXXX489 Has Been Debited with NGN10,000.00 On 01-JUN-2014 17:17:25 By ATM WITHDRAWAL-GTBank EBranch UNAAB/Ogun. Bal: NGN1,890.30CR",legitimate,debit_alert,exais,2014-06-01,auto-subtyped
e00093,"Your Acct 304XXXX489 Has Been Debited with NGN100.00 On 01-JUN-2014 15:25:15 By 01May-31May 2014. Bal: NGN11,890.30CR",legitimate,debit_alert,exais,2014-06-01,auto-subtyped
e00094,"Your Acct 304XXXX489 Has Been Debited with NGN5.00 On 01-JUN-2014 15:25:15 By VAT on 01May-31May 2014. Bal: NGN11,890.30CR",legitimate,debit_alert,exais,2014-06-01,auto-subtyped
e00095,"Your Acct 304XXXX489 Has Been Debited with NGN2,000.00 On 28-MAY-2014 09:01:22 By ATM WITHDRAWAL-GTBank EBranch UNAAB/Ogun. Bal: NGN12,039.30CR",legitimate,debit_alert,exais,2014-05-28,auto-subtyped
e00096,"Your Acct 304XXXX489 Has Been Debited with NGN2,000.00 On 26-MAY-2014 18:14:40 By ATM WITHDRAWAL-GTBank EBranch UNAAB/Ogun. Bal: NGN14,039.30CR",legitimate,debit_alert,exais,2014-05-27,auto-subtyped
e00097,"Your Acct 304XXXX489 Has Been Debited with NGN5,000.00 On 20-MAY-2014 14:07:45 By ATM WITHDRAWAL-GTBank EBranch UNAAB/Ogun. Bal: NGN16,039.30CR",legitimate,debit_alert,exais,2014-05-20,auto-subtyped
e00098,"Your Acct 304XXXX489 Has Been Debited with NGN20,000.00 On 20-MAY-2014 14:06:52 By ATM WITHDRAWAL-GTBank EBranch UNAAB/Ogun. Bal: NGN21,039.30CR",legitimate,debit_alert,exais,2014-05-20,auto-subtyped
e00099,"Your Acct 304XXXX489 Has Been Debited with NGN100.00 On 12-MAY-2014 09:29:34 By ATM PURCHASE-GTBank EBranch UNAAB/Ogun/O. Bal: NGN1,039.30CR",legitimate,debit_alert,exais,2014-05-12,auto-subtyped
e00100,"Your Acct 304XXXX489 Has Been Debited with NGN6,000.00 On 12-MAY-2014 09:25:09 By ATM WITHDRAWAL-GTBank EBranch UNAAB/Ogun. Bal: NGN1,139.30CR",legitimate,debit_alert,exais,2014-05-12,auto-subtyped
e00101,"Your Acct 304XXXX489 Has Been Credited with NGN6,000.00 On 05-MAY-2014 08:46:40 By BABALOLA OLANIYI/2900315. Bal: NGN7,139.30CR",legitimate,debit_alert,exais,2014-05-05,auto-subtyped
e00102,"Your Acct 304XXXX489 Has Been Debited with NGN5,000.00 On 02-MAY-2014 18:45:42 By ATM WITHDRAWAL-GTBank EBranch UNAAB/Ogun. Bal: NGN1,139.30CR",legitimate,debit_alert,exais,2014-05-03,auto-subtyped
e00103,"Your Acct 304XXXX489 Has Been Debited with NGN28.00 On 26-APR-2014 09:19:06 By 27-Mar-2014 to 26-APR-2014 SMS Alert Cha. Bal: NGN1,039.30CR",legitimate,debit_alert,exais,2014-04-27,auto-subtyped
e00104,"Your Acct 304XXXX489 Has Been Debited with NGN100.00 On 23-APR-2014 15:09:27 By ATM PURCHASE-GTBank EBranch UNAAB/Ogun/O. Bal: NGN1,067.30CR",legitimate,debit_alert,exais,2014-04-24,auto-subtyped
e00105,"Your Acct 304XXXX489 Has Been Debited with NGN3,000.00 On 23-APR-2014 15:07:46 By ATM WITHDRAWAL-GTBank EBranch UNAAB/Ogun. Bal: NGN1,167.30CR",legitimate,debit_alert,exais,2014-04-24,auto-subtyped
e00106,"Your Acct 304XXXX489 Has Been Credited with NGN3,000.00 On 23-APR-2014 13:13:01 By AKINLOYE/6937246. Bal: NGN4,167.30CR",legitimate,debit_alert,exais,2014-04-23,auto-subtyped
e00107,"Dear Customer, use FirstBank MasterCard for your international shopping and win an iPad or get N500 cash back. Kindly call 014485500 for more details.",legitimate,other_legit,exais,2014-01-06,auto-subtyped
e00108,"Dear Customer, your Naira MasterCard annual international spend limit has been increased from $40,000 to $150,000. You now have access to more funds abroad.",legitimate,other_legit,exais,2013-10-05,auto-subtyped
e00109,"Your Acct <ACCT> Has Been Debited with NGN3,000.00 On 09-APR-2014 19:01:39 By ATM WITHDRAWAL-GTBank EBranch UNAAB/Ogun. Bal: NGN1,167.30CR",legitimate,debit_alert,exais,2013-01-01,auto-subtyped
e00110,"Your Acct 304XXXX489 Has Been Debited with NGN2,000.00 On 18-JUL-2014 17:51:48 By ATM WITHDRAWAL-GTBank EBranch UNAAB/Ogun. Bal: NGN1,018.30CR",legitimate,debit_alert,exais,2013-01-01,auto-subtyped
e00111,"Your Acct <ACCT> Has Been Debited With N20,000.00 On 17-Oct-12 09:14 AM By ATM WITHDRAWAL-FBN/Abeokuta Main2/Ogun//NG. Bal:=N2,081.57 CR",legitimate,debit_alert,exais,2012-10-17,auto-subtyped
e00112,"Your Acct <ACCT> Has Been Credited With N20,000.00 On 16-Oct-12 16:01 PM By AJAYI BISOLA. Bal:=N22,081.57 CR",legitimate,debit_alert,exais,2012-10-16,auto-subtyped
e00113,"Dear Valued Customer, please beware and disregard mails requesting for your PIN or account details. Call FirstContact on- <PHONE> for enquiries.",legitimate,other_legit,exais,2012-02-23,auto-subtyped
e00115,Enjoy 5days of UNLIMITED Airtel-2-Airtel Night calls and make calls to other networks at 10k/sec from 11pm - 5am for JUST N100. Dial *786*10# NOW,legitimate,promo_marketing,exais,2014-09-03,auto-subtyped
e00116,"Dial *991# for the WTFB bundle to get the all-in-one access to WhatsApp, Facebook, Twitter & BBM at just N100 weekly",legitimate,promo_marketing,exais,2014-08-22,auto-subtyped
e00117,"Dial *990# for the WTF bundle to get the all-in-one access to WhatsApp, Twitter, Facebook & BBM at just N200 monthly",legitimate,promo_marketing,exais,2014-08-16,auto-subtyped
e00118,BREAKING NEWS! Dial *678*12# now to get the breaking news every day on your mobile for N120/30 days only!,legitimate,promo_marketing,exais,2014-08-09,auto-subtyped
e00119,Today's internet bundle: Dial *141*11*2# for 50MB for N300 valid for 7 days,legitimate,promo_marketing,exais,2014-08-06,auto-subtyped
e00120,"Dear Customer, Get 80MB for 14 days at N500 ONLY, dial *141*11*3#. You can also dial *141*1# for more plans that meet your lifestyle",legitimate,promo_marketing,exais,2014-07-08,auto-subtyped
e00121,"Recharge upto N100 now to enjoy FACEBOOK WEEKLY.Simply recharge, dial *688*3# and update your status, like comments and more for as low as N100/week",legitimate,recharge,exais,2014-01-22,auto-subtyped
e00122,"Make intl calls to UKMobile, UAE, Saudi Arabia N25/min. Also, get up to 60% discount on calls to 19 other countries. Dial *789*20# NOW to buy N200 bundle",legitimate,promo_marketing,exais,2014-01-16,auto-subtyped
e00123,"Dial *678# to subscribe to Airtel Mobile Newspaper alerts at N120 monthly . Stay up-to-date with breaking news,entertainment,business,football news and more!",legitimate,promo_marketing,exais,2014-01-15,auto-subtyped
e00124,"Browse the internet for as much as 12MB at N100 ONLY valid for 2 days, dial *141*13*10#...or dial *141*1# for other fantastic data offerings",legitimate,promo_marketing,exais,2013-12-31,auto-subtyped
e00125,Call 14120 to get INSTANT airtime.,legitimate,recharge,exais,2014-09-02,auto-subtyped
e00126,"<ussd><type>3</type><msg>Dear Customer, you do not have sufficient balance for this plan.</msg></ussd>",legitimate,other_legit,exais,2014-08-28,auto-subtyped
e00127,"Dear valued customer, please be informed that your WhatsApp bundle expires in 3 days.",legitimate,other_legit,exais,2014-08-28,auto-subtyped
e00128,"100% FREE credit! Dear customer, just recharge today & talk for free! Your number <ACCT> has been selected to get INSTANTLY 100% FREE airtime! Recharge NOW!",legitimate,debit_alert,exais,2014-07-23,auto-subtyped
e00129,Do you know you can RECHARGE and get 100% extra airtime INSTANTLY to call any Airtel number? Recharge Now!,legitimate,recharge,exais,2014-07-16,auto-subtyped
e00130,Watch Youtube videos with just 10MB directly on your Mobile phone. Call 14154 for FREE to Enjoy... #TGIF,legitimate,promo_marketing,exais,2014-06-20,auto-subtyped
e00131,"Get JOB Alerts, SUCCESS tips and BUSINESS Deals right on your mobile device. Call 1413 now, It's Absolutely FREE!",legitimate,other_legit,exais,2014-01-23,auto-subtyped
e00132,"Enjoy Cool New year Deals today. Call 1413 now, It's FREE to call.",legitimate,promo_marketing,exais,2014-01-16,auto-subtyped
e00133,"Show off your Swag with Cool Naija Tunes. Call 1418 now, It's FREE to call.",legitimate,other_legit,exais,2014-01-14,auto-subtyped
e00134,"Call 1413 now to enjoy our New Year Offers. Hurry, It's FREE to call.",legitimate,promo_marketing,exais,2014-01-10,auto-subtyped
e00135,Compliments of the season!! Enjoy free Internet from Airtel on Free Zone powered by Google Click <URL> NOW to enjoy (No data charges apply),legitimate,promo_marketing,exais,2014-01-02,auto-subtyped
e00136,"Get 150MB at N600 valid for 14 days, dial *141*13*13#..or dial *141*1# for other fantastic data offerings",legitimate,promo_marketing,exais,2013-12-19,auto-subtyped
e00137,"Buy the Airtel ITEL Phone for N2,000 and get over N4,000 worth of value in return. Enjoy FREE access to the internet on the go with Free Zone!",legitimate,promo_marketing,exais,2013-12-18,auto-subtyped
e00138,"Call 1418 to enjoy Hot Naija tunes now. Hurry, It's FREE to call.",legitimate,promo_marketing,exais,2013-12-11,auto-subtyped
e00139,"Dear valued customer, please be informed that your WhatsApp bundle expires in 7 days.",legitimate,other_legit,exais,2013-12-09,auto-subtyped
e00140,"Enjoy our hourly deals now, Call 1413. Hurry, It's FREE to call.",legitimate,promo_marketing,exais,2013-12-04,auto-subtyped
e00141,"Experience priceless and FAST internet on the Airtel Network! Select a data plan today, dial *141*1#. Now, click to try <URL> (charges apply)",legitimate,recharge,exais,2013-11-26,auto-subtyped
e00142,You can do a lot. Dial *121# now,legitimate,promo_marketing,exais,2013-11-21,auto-subtyped
e00143,"If you still haven't experienced our incredible internet experience, do so with this video! Take up a bundle, dial *141*1# and click <URL>",legitimate,promo_marketing,exais,2013-11-14,auto-subtyped
e00144,"Dear Subscriber, your subscription to Airtel BlackBerry BES day service will expire in 4 hours. You would be deactivated because you have disabled autorenew. Se",legitimate,other_legit,exais,2013-11-13,auto-subtyped
e00145,Your Airtel Unlimited Blackberry was successful,legitimate,other_legit,exais,2013-11-12,auto-subtyped
e00146,"Dear subscriber, your current Airtel Unlimited Blackberry Daily service expires on Mon 11 Nov,2013. To disable auto renewal, please send stopautorenew to 440",legitimate,other_legit,exais,2013-11-12,auto-subtyped
e00147,"Dear customer, your phone has reached its SMS capacity. To continue to receive SMS, kindly delete old SMS.",legitimate,other_legit,exais,2013-11-11,auto-subtyped
e00148,"Dear subscriber, your Airtel Unlimited Blackberry service is Live. Please remove and replace your battery to get the service running.",legitimate,other_legit,exais,2013-11-11,auto-subtyped
e00149,It's FREE! Get N200 free bonus if you recharge with N100 now. Bonus valid for 3days for Airtel to Airtel calls. Call 141 NOW for more,legitimate,recharge,exais,2013-11-09,auto-subtyped
e00150,"Dear valued customer, to get information about tariffs and plans, ongoing promos, services & lots more! Dial *121#. This service is free!",legitimate,promo_marketing,exais,2013-11-07,auto-subtyped
e00156,To get breaking news from Aljazeera. Text AJW to 4900 @N30 weekly with MTN Mobile Newspaper.,legitimate,promo_marketing,exais,2013-12-12,auto: relabelled marketing
e00161,"To receive daily inspiration and prayers by Pastor Emmanuel Chima Okereke of Success TV Global Success Ministries, Txt Success to 5021. Txt STOP to unsubscribe",legitimate,promo_marketing,exais,2014-09-01,auto: relabelled marketing
e00162,"Dear AJAYI AYOBAMI SAMSON, The balance on your account 304XXXX489 as at end of AUG 2014 is NGN1,138.29. Thank you for banking with us. FirstBank",legitimate,other_legit,exais,2014-09-02,auto-subtyped
e00163,"Dear AJAYI AYOBAMI SAMSON, The balance on your account 304XXXX489 as at end of JUL 2014 is NGN978.30. Thank you for banking with us. FirstBank",legitimate,other_legit,exais,2014-08-04,auto-subtyped
e00164,"Dear AJAYI AYOBAMI SAMSON, The balance on your account <ACCT> as at end of MAY 2014 is NGN11,995.30. Thank you for banking with us. FirstBank",legitimate,debit_alert,exais,2014-06-01,auto-subtyped
e00165,"Dear AJAYI AYOBAMI SAMSON, The balance on your account <ACCT> as at end of APR 2014 is NGN1,039.30. Thank you for banking with us. FirstBank",legitimate,debit_alert,exais,2014-05-03,auto-subtyped
e00166,"Dear AJAYI AYOBAMI SAMSON, The balance on your account <ACCT> as at end of MAR 2014 is NGN1,067.30. Thank you for banking with us. FirstBank",legitimate,debit_alert,exais,2014-04-03,auto-subtyped
e00167,"Your Acct <ACCT> Has Been Debited with NGN2,000.00 On 02-APR-2014 18:24:29 By ATM WITHDRAWAL-GTBank EBranch UNAAB/Ogun. Bal: NGN1,067.30CR",legitimate,debit_alert,exais,2014-04-02,auto-subtyped
e00168,"Your Acct <ACCT> Has Been Credited with NGN2,000.00 On 01-APR-2014 15:36:07 By CASH DEP 3RD PARTY:ROFIMI/5744333. Bal: NGN3,067.30CR",legitimate,debit_alert,exais,2014-04-02,auto-subtyped
e00169,"Your Acct <ACCT> Has Been Debited with NGN3,000.00 On 25-MAR-2014 16:21:39 By ATM WITHDRAWAL-GTBank EBranch UNAAB/Ogun. Bal: NGN1,095.30CR",legitimate,debit_alert,exais,2014-03-25,auto-subtyped
e00170,"Your Acct <ACCT> Has Been Credited with NGN3,000.00 On 24-MAR-2014 13:26:52 By CRISTIAN AJAYI. Bal: NGN4,095.30CR",legitimate,debit_alert,exais,2014-03-24,auto-subtyped
e00171,"Your Acct <ACCT> Has Been Debited with NGN7,000.00 On 11-MAR-2014 15:47:33 By ATM WITHDRAWAL-GTBank EBranch UNAAB/Ogun. Bal: NGN1,095.30CR",legitimate,debit_alert,exais,2014-03-11,auto-subtyped
e00172,"Your Acct <ACCT> Has Been Credited with NGN7,000.00 On 11-MAR-2014 11:27:18 By CASH DEP 3RD PARTY:ODESOLA/11946936. Bal: NGN8,095.30CR",legitimate,debit_alert,exais,2014-03-11,auto-subtyped
e00173,"Your Acct <ACCT> Has Been Debited with NGN500.00 On 05-MAR-2014 10:10:47 By ATM WITHDRAWAL-GTBank EBranch UNAAB/Ogun. Bal: NGN1,095.30CR",legitimate,debit_alert,exais,2014-03-05,auto-subtyped
e00174,"Your Acct <ACCT> Has Been Debited with NGN14,000.00 On 05-MAR-2014 10:06:20 By ATM WITHDRAWAL-GTBank EBranch UNAAB/Ogun. Bal: NGN1,595.30CR",legitimate,debit_alert,exais,2014-03-05,auto-subtyped
e00175,"Dear AJAYI AYOBAMI SAMSON, The balance on your account <ACCT> as at end of FEB 2014 is NGN15,595.30. Thank you for banking with us. FirstBank",legitimate,debit_alert,exais,2014-03-03,auto-subtyped
e00176,"Your Acct <ACCT> Has Been Credited with NGN3,500.00 On 26-FEB-2014 14:45:33 By CASH DEP 3RD PARTY:GBEMIGA 6178601. Bal: NGN15,659.30CR",legitimate,debit_alert,exais,2014-02-26,auto-subtyped
e00177,"Your Acct <ACCT> Has Been Debited with NGN2,000.00 On 25-FEB-2014 17:47:40 By ATM WITHDRAWAL-GTBank EBranch UNAAB/Ogun. Bal: NGN12,159.30CR",legitimate,debit_alert,exais,2014-02-25,auto-subtyped
e00178,"Your Acct <ACCT> Has Been Debited with NGN1,000.00 On 17-FEB-2014 09:15:36 By ATM WITHDRAWAL-GTBank EBranch UNAAB/Ogun. Bal: NGN14,159.30CR",legitimate,debit_alert,exais,2014-02-17,auto-subtyped
e00179,"Your Acct <ACCT> Has Been Debited with NGN10,000.00 On 14-FEB-2014 08:03:18 By ATM WITHDRAWAL-GTBank EBranch UNAAB/Ogun. Bal: NGN15,159.30CR",legitimate,debit_alert,exais,2014-02-14,auto-subtyped
e00180,"Your Acct <ACCT> Has Been Debited with NGN10,000.00 On 14-FEB-2014 08:06:08 By ATM WITHDRAWAL-GTBank EBranch UNAAB/Ogun. Bal: NGN15,159.30CR",legitimate,debit_alert,exais,2014-02-14,auto-subtyped
e00181,"Your Acct <ACCT> Has Been Debited with NGN10,000.00 On 14-FEB-2014 08:03:52 By ATM WITHDRAWAL-GTBank EBranch UNAAB/Ogun. Bal: NGN15,159.30CR",legitimate,debit_alert,exais,2014-02-14,auto-subtyped
e00182,"Your Acct <ACCT> Has Been Debited with NGN10,000.00 On 14-FEB-2014 08:05:16 By ATM WITHDRAWAL-GTBank EBranch UNAAB/Ogun. Bal: NGN15,159.30CR",legitimate,debit_alert,exais,2014-02-14,auto-subtyped
e00183,"Your Acct <ACCT> Has Been Debited with NGN10,000.00 On 14-FEB-2014 08:02:40 By ATM WITHDRAWAL-GTBank EBranch UNAAB/Ogun. Bal: NGN55,159.30CR",legitimate,debit_alert,exais,2014-02-14,auto-subtyped
e00184,"Your Acct <ACCT> Has Been Debited with NGN20,000.00 On 13-FEB-2014 15:14:38 By ATM WITHDRAWAL-GTBank EBranch UNAAB/Ogun. Bal: NGN65,159.30CR",legitimate,debit_alert,exais,2014-02-13,auto-subtyped
e00185,"Your Acct <ACCT> Has Been Debited with NGN20,000.00 On 13-FEB-2014 15:14:06 By ATM WITHDRAWAL-GTBank EBranch UNAAB/Ogun. Bal: NGN65,159.30CR",legitimate,debit_alert,exais,2014-02-13,auto-subtyped
e00186,"Your Acct <ACCT> Has Been Credited with NGN102,000.00 On 13-FEB-2014 11:06:49 By CHRISTIANA AJAYI. Bal: NGN105,159.30CR",legitimate,debit_alert,exais,2014-02-13,auto-subtyped
e00187,"Your Acct <ACCT> Has Been Credited with NGN2,000.00 On 13-FEB-2014 10:53:47 By FEMI ILORI. Bal: NGN3,159.30CR",legitimate,debit_alert,exais,2014-02-13,auto-subtyped
e00188,"Your Acct <ACCT> Has Been Debited with NGN2,000.00 On 04-FEB-2014 16:45:00 By ATM WITHDRAWAL-GTBank EBranch UNAAB/Ogun. Bal: NGN1,159.30CR",legitimate,debit_alert,exais,2014-02-04,auto-subtyped
e00189,"Your Acct <ACCT> Has Been Credited with NGN2,000.00 On 03-FEB-2014 17:17:18 By ATM AMT REV 3.02.2014. Bal: NGN3,159.30CR",legitimate,debit_alert,exais,2014-02-03,auto-subtyped
e00190,"Dear AJAYI AYOBAMI SAMSON, The balance on your account <ACCT> as at end of JAN 2014 is NGN1,159.30. Thank you for banking with us. FirstBank",legitimate,debit_alert,exais,2014-02-02,auto-subtyped
e00191,"Your Acct <ACCT> Has Been Debited with NGN200.00 On 31-JAN-2014 12:59:09 By ATM PURCHASE-GTBank UNAAB ICT Centre/Abe. Bal: NGN1,159.30CR",legitimate,debit_alert,exais,2014-01-31,auto-subtyped
e00192,"Your Acct <ACCT> Has Been Debited with NGN3,000.00 On 28-JAN-2014 15:45:59 By ATM WITHDRAWAL-GTBank UNAAB ICT Centre/A. Bal: NGN1,359.30CR",legitimate,debit_alert,exais,2014-01-28,auto-subtyped
e00193,"Your Acct <ACCT> Has Been Debited with NGN1,000.00 On 21-JAN-2014 10:36:53 By ATM WITHDRAWAL-GTBank EBranch UNAAB/Ogun. Bal: NGN1,383.30CR",legitimate,debit_alert,exais,2014-01-21,auto-subtyped
e00194,"Your Acct <ACCT> Has Been Debited with NGN2,000.00 On 21-JAN-2014 09:52:20 By ATM WITHDRAWAL-GTBank EBranch UNAAB/Ogun. Bal: NGN2,383.30CR",legitimate,debit_alert,exais,2014-01-21,auto-subtyped
e00195,"Your Acct <ACCT> Has Been Credited with NGN4,000.00 On 06-JAN-2014 10:03:18 By CASH DEP 3RD PARTY:PHENOM. Bal: NGN7,383.30CR",legitimate,debit_alert,exais,2014-01-06,auto-subtyped
e00196,"Dear AJAYI AYOBAMI SAMSON, The balance on your account <ACCT> as at end of DEC 2013 is NGN3,383.30. Thank you for banking with us. FirstBank",legitimate,debit_alert,exais,2014-01-03,auto-subtyped
e00197,"Your Acct <ACCT> Has Been Credited with NGN6.64 On 01-JAN-2014 03:57:20 By <ACCT>:Int.Pd:01-10-2013 to 31-12-20. Bal: NGN3,383.30CR",legitimate,debit_alert,exais,2014-01-02,auto-subtyped
e00198,"Dear Valued Customer, with joy in our hearts, we wish you the very best of this season and always. Thank you for your patronage all year long. FirstBank.",legitimate,other_legit,exais,2013-12-25,auto-subtyped
e00199,"Your Acct <ACCT> Has Been Credited with NGN3,200.00 On 16-DEC-2013 16:14:14 By OLUBUSE SAMUEL. Bal: NGN3,384.66CR",legitimate,debit_alert,exais,2013-12-16,auto-subtyped
e00200,"Dear AJAYI AYOBAMI SAMSON, The balance on your account <ACCT> as at end of NOV 2013 is NGN184.66. Thank you for banking with us. FirstBank",legitimate,debit_alert,exais,2013-12-01,auto-subtyped
e00201,Your Acct 30XXXXXX89 Has Been Debited with NGN12.00 On 27-OCT-2013 05:53:27 By 27-Sep-2013 to 26-OCT-2013 SMS Alert Cha. Bal: NGN184.66CR,legitimate,debit_alert,exais,2013-10-27,auto-subtyped
e00202,"Dear AJAYI AYOBAMI SAMSON, The balance on your account 30XXXXXX89 as at end of SEP 2013 is NGN196.66. Thank you for banking with us. FirstBank",legitimate,other_legit,exais,2013-10-04,auto-subtyped
e00203,"Dear AJAYI AYOBAMI SAMSON, The balance on your account 304XXXXXX89 as at end of AUG 2013 is NGN198.78. Thank you for banking with us. FirstBank",legitimate,other_legit,exais,2013-09-03,auto-subtyped
e00204,"Dear AJAYI AYOBAMI SAMSON, The balance on your account <ACCT> as at end of JUL 2013 is NGN202.78. Thank you for banking with us. FirstBank",legitimate,debit_alert,exais,2013-08-06,auto-subtyped
e00205,Your Acct 30XXXXXX89 Has Been Debited with NGN12.00 On 28-JUL-2013 06:03:53 By 27-May-2013 to 26-Jun-2013 SMS Alert Cha. Bal: NGN202.78CR,legitimate,debit_alert,exais,2013-07-28,auto-subtyped
e00206,Your Acct 30XXXXXX89 Has Been Debited with NGN16.00 On 28-JUL-2013 06:03:53 By 27-Jun-2013 to 26-JUL-2013 SMS Alert Cha. Bal: NGN202.78CR,legitimate,debit_alert,exais,2013-07-28,auto-subtyped
e00207,"Dear Valued Customer, from 31/07/13 your monthly account statement willbe sent electronically. Kindly update your email address at anyFirstBank branch ONLY",legitimate,other_legit,exais,2013-07-05,auto-subtyped
e00208,"Dear AJAYI AYOBAMI SAMSON, The balance on your account <ACCT> as at end of JUN 2013 is NGN230.78. Thank you for banking with us. FirstBank",legitimate,debit_alert,exais,2013-07-04,auto-subtyped
e00209,Your Acct <ACCT> Has Been Credited with NGN1.00 On 30-JUN-2013 16:57:30 By <ACCT>:Int.Pd:01-04-2013 to 30-06-20. Bal: NGN230.78CR,legitimate,debit_alert,exais,2013-06-30,auto-subtyped
e00210,"Dear Customer, thank you for your patience during our upgrade. Please ignore mails and phone calls requesting for your ATM and Internet Banking details.",legitimate,other_legit,exais,2013-06-27,auto-subtyped
e00211,"Dear Valued Customer, thank you for your patience. The upgrade of our banking application has been successfully completed and our services restored",legitimate,other_legit,exais,2013-06-14,auto-subtyped
e00212,"From 12noon on 6th -8th June, our ATMs, FirstOnline, Firstmonie and other channels will be available for use. Branches will re-open by 8am on 10th June.",legitimate,other_legit,exais,2013-06-06,auto-subtyped
e00213,"Dear customer, from 12noon on 6th June to 8th June,2013, our branches will be closed for an upgrade. Alternative channels will be available for use. Thank you",legitimate,other_legit,exais,2013-06-05,auto-subtyped
e00214,"Dear AJAYI AYOBAMI SAMSON, the balance on your account <ACCT> as at end of May 2013 is NGN1,229.78 Thank you for banking with us. FirstBank",legitimate,debit_alert,exais,2013-06-04,auto-subtyped
e00215,"Your Acct <ACCT> Has Been Debited with NGN1,000.00 On 04-JUN-2013 02:06 PM By VerveCard 1690 issuance fee. Bal: NGN229.78CR",legitimate,debit_alert,exais,2013-06-04,auto-subtyped
e00216,"Your Acct <ACCT> Has Been Debited with NGN1,000.00 On 21-MAY-2013 12:05 PM By ATM WITHDRAWAL-GTBank EBranch UNAAB/Ogun. Bal: NGN1,261.78CR",legitimate,debit_alert,exais,2013-05-21,auto-subtyped
e00217,"Your Acct <ACCT> Has Been Debited with NGN1,000.00 On 17-MAY-2013 11:05 AM By ATM WITHDRAWAL-GTBank EBranch UNAAB/Ogun. Bal: NGN2,261.78CR",legitimate,debit_alert,exais,2013-05-17,auto-subtyped
e00218,"Your Acct <ACCT> Has Been Debited with NGN4,000.00 On 16-MAY-2013 09:05 AM By ATM WITHDRAWAL-GTBank UNAAB Branch/Abeok. Bal: NGN3,261.78CR",legitimate,debit_alert,exais,2013-05-16,auto-subtyped
e00219,"Your Acct <ACCT> Has Been Debited with NGN32.00 On 29-MAY-2013 03:05 AM By 27-Apr-2013 to 26-May-2013 SMS Alert Cha. Bal: NGN1,229.78CR",legitimate,debit_alert,exais,2013-01-01,auto-subtyped
e00220,"Your Acct <ACCT> Has Been Credited with NGN6,000.00 On 15-MAY-2013 10:05 AM By CASH DEP 3RD PARTY:CHRISTIIANAH A. Bal: NGN7,261.78CR",legitimate,debit_alert,exais,2013-01-01,auto-subtyped
e00221,"Your Acct <ACCT> Has Been Debited with NGN1,000.00 On 14-MAY-2013 11:05 AM By ATM WITHDRAWAL-42A Isale Igbehin/Abeokut. Bal: NGN1,261.78CR",legitimate,debit_alert,exais,2013-01-01,auto-subtyped
e00222,"Dear Valued Customer, here is wishing you peace and prosperity throughout the New Year. Happy New Year, from all of us at FirstBank.",legitimate,other_legit,exais,2013-01-01,auto-subtyped
e00223,"Your Acct <ACCT> Has Been Debited with NGN24.00 On 25-JAN-2014 05:21:56 By 27-Dec-2013 to 26-JAN-2014 SMS Alert Cha. Bal: NGN1,359.30CR",legitimate,debit_alert,exais,2013-01-01,auto-subtyped
e00225,"Feel our New Naija Vibes, dial 1418 now!!",legitimate,other_legit,exais,2014-09-01,auto-subtyped
e00226,Call 14120 now to get airtime.,legitimate,recharge,exais,2014-08-25,auto-subtyped
e00228,Get a super 90% off the callertune Mercy (Remix) by Praiz ft Diana King. Text 75 to 4100 @ N5/30 days!,legitimate,promo_marketing,exais,2014-09-01,auto: relabelled marketing
e00229,Make the hot single “Tchelete” by Davido ft Mafikizolo your Callertune. Reply 68 to 4100 to get it now @ only N5 for 30days.,legitimate,promo_marketing,exais,2014-08-30,auto: relabelled marketing
e00230,Yello ! Get the hottest release “Go” by Tuface on MTN Callertunez. Reply 78 to 4100 to get it now at N5 valid for 30 days.,legitimate,promo_marketing,exais,2014-08-21,auto: relabelled marketing
e00231,"Thrill your callers with your favorite tracks on MTN Callertunez.To get ""Mercy Remix"" by Praiz. Reply 75 to 4100 @ N50/tune.For more hot tunez, dial *410#.",legitimate,promo_marketing,exais,2014-08-15,auto: relabelled marketing
e00232,Y'ello! Get the latest hit 'IFE DINMA' from 2face Idibia's latest album 'THE ASCENSION' as your callertune. Text 034324 to 4100 to download now @ N50/tune.,legitimate,promo_marketing,exais,2014-08-14,auto: relabelled marketing
e00233,"Has u step out to begin ur exams this day, The Lord will show himself has a great God, by giving u a spirit of excellence, dat will make u stand out. frm deji",legitimate,other_legit,exais,2014-09-01,auto-subtyped
e00235,"As u begin ur exam 2moro,al tinx wil work in ur favour.Fear not,God has it al covered.Bxt of God in ur exams.Ps 16.5-6.DRAMA UNIT.",legitimate,appointment,exais,2014-08-31,auto-subtyped
e00236,"1Jhn4:7.ds is jst a reminda of our lov feast which wil b takin plc on sat at gsf by 4pm,no Africn time,letx cme alng wt our delicious meal.drama unit",legitimate,other_legit,exais,2014-08-29,auto-subtyped
e00242,"Enjoy updates on global business, financial markets, technology trends & investment opportunities from Bloomberg. To subscribe text BLM to 700 @ N50/week.",legitimate,promo_marketing,exais,2014-08-27,auto: relabelled marketing
e00243,"Yello! Follow us on twitter @MTNNG for updates, promos, competitions and the latest news from MTN",legitimate,promo_marketing,exais,2014-08-26,auto: relabelled marketing
e00253,Hello Friend! Do you know that you can now borrow Extra Credit on your friendly network. Simply dial *500# & come alive!,legitimate,promo_marketing,exais,2014-08-22,auto: relabelled marketing
e00255,3.30E+11,legitimate,other_legit,exais,2014-08-20,auto-subtyped
e00256,3.89E+11,legitimate,other_legit,exais,2014-07-24,auto-subtyped
e00257,I'll call you right back.,legitimate,other_legit,exais,2014-04-14,auto-subtyped
e00258,3.19E+11,legitimate,other_legit,exais,2014-04-08,auto-subtyped
e00259,4.32E+11,legitimate,other_legit,exais,2014-03-15,auto-subtyped
e00260,This is an 100 card.<ACCT>,legitimate,debit_alert,exais,2014-03-10,auto-subtyped
e00261,8XXXXXXX03,legitimate,other_legit,exais,2014-02-25,auto-subtyped
e00262,Here is my no 07XXXXXX803,legitimate,other_legit,exais,2014-02-25,auto-subtyped
e00263,Here is my no 07XXXXXX804,legitimate,other_legit,exais,2014-02-25,auto-subtyped
e00264,Here is my no 07XXXXXX805,legitimate,other_legit,exais,2014-02-25,auto-subtyped
e00265,Here is my no 07XXXXXX806,legitimate,other_legit,exais,2014-02-25,auto-subtyped
e00266,Here is my no 07XXXXXX807,legitimate,other_legit,exais,2014-02-25,auto-subtyped
e00267,Here is my no 07XXXXXX808,legitimate,other_legit,exais,2014-02-25,auto-subtyped
e00268,Here is my no 07XXXXXX809,legitimate,other_legit,exais,2014-02-25,auto-subtyped
e00269,Here is my no 07XXXXXX810,legitimate,other_legit,exais,2014-02-25,auto-subtyped
e00270,Here is my no 07XXXXXX811,legitimate,other_legit,exais,2014-02-25,auto-subtyped
e00271,Here is my no 07XXXXXX812,legitimate,other_legit,exais,2014-02-25,auto-subtyped
e00272,81XXXXXX03,legitimate,other_legit,exais,2014-02-25,auto-subtyped
e00273,6.83E+11,legitimate,other_legit,exais,2014-02-23,auto-subtyped
e00274,"Acct number(30XXXXXX89) ajayi ayobami , first bank",legitimate,debit_alert,exais,2014-02-13,auto-subtyped
e00275,"Acct number(304XXXXX89) ajayi ayobami , first bank",legitimate,debit_alert,exais,2014-02-13,auto-subtyped
e00276,LETS GO THERE,legitimate,other_legit,exais,2014-01-23,auto-subtyped
e00277,luv you babe,legitimate,other_legit,exais,2014-01-19,auto-subtyped
e00278,<ACCT>,legitimate,debit_alert,exais,2014-01-19,auto-subtyped
e00279,7.12E+11,legitimate,other_legit,exais,2013-12-13,auto-subtyped
e00280,miss you,legitimate,other_legit,exais,2013-12-05,auto-subtyped
e00281,6.64E+11,legitimate,other_legit,exais,2013-08-30,auto-subtyped
e00282,<ACCT> + 28479XXXX69,legitimate,debit_alert,exais,2013-08-20,auto-subtyped
e00283,80XXXXX526,legitimate,other_legit,exais,2013-08-17,auto-subtyped
e00284,3.92E+11,legitimate,other_legit,exais,2013-08-17,auto-subtyped
e00285,4932 4829 7657 card,legitimate,other_legit,exais,2013-08-14,auto-subtyped
e00286,4.61E+11,legitimate,other_legit,exais,2013-08-11,auto-subtyped
e00287,8.13E+14,legitimate,other_legit,exais,2013-08-10,auto-subtyped
e00288,7.26E+11,legitimate,other_legit,exais,2013-08-06,auto-subtyped
e00289,1.64E+11,legitimate,other_legit,exais,2013-06-24,auto-subtyped
e00290,6.02E+11,legitimate,other_legit,exais,2013-06-20,auto-subtyped
e00291,80XXXXXX39,legitimate,other_legit,exais,2013-05-22,auto-subtyped
e00293,"PRAISE GOD WITH UR CALLER TUNE. For Jesus I Love You by E.Nkiru ,Txt 032130 to 4100 OR For Excellent Jesus by Nkiru Momah,Txt 032128 to 4100. Cost N50each",legitimate,promo_marketing,exais,2014-08-20,auto: relabelled marketing
e00294,"PRAISE GOD WITH UR CALLER TUNE. For Jesus I Love You by E.Nkiru ,Txt 032130 to 4100 OR For Thank You Lord by Amaka, txt 032139.Cost N50each",legitimate,promo_marketing,exais,2014-08-16,auto: relabelled marketing
e00302,Now you can send SMS for as low as N 2.50 to any network within the country. Simply dial *160# and select your preferred pack.,legitimate,promo_marketing,exais,2014-08-14,auto: relabelled marketing
e00303,"DETAILS 4 PROPHETIC SOLUTIONS-Date: SAT, 16 AUGTime: 7AM-""POWER OF THANKSGIVING""-First Place, 4b Akinwale St, Off Yaya Abatan, OGBA.080XXXXXX73STEVE AKONI",legitimate,other_legit,exais,2014-08-14,auto-subtyped
e00304,"Trst 2day wnt well,conventn is jst a few days 2go,pls b xpectant & hungry,God wuld b tangible on dat ground,get set 4 d word!prayer!Fun!& GRACE, pls strt parkin",legitimate,other_legit,exais,2014-08-14,auto-subtyped
e00305,Good morning.Lets meet at COLERM Phase 1 Car Park by 8:30am for update and for you to collect your work .Pls be punctual.Rgds.,legitimate,other_legit,exais,2014-08-13,auto-subtyped
e00306,"Term Paper(not less than 25 pages)to be submitted on or b4 Aug 4,2014.Uthman-Potentials of Wood in the Construction of Buildings and Bridges.Awolumate-Impact of Moisture Content on the Mechanical Properties of Wood.Adekunle-Wood Seasoning, Defects and Impact on the Engineering Properties of Wood.Afuape-Relevance of Ergonomics to Forest Engineering.Adeyemi-Influence of Natural Characteristics of Wood on its Engineering Properties.Ajayi-Importance of Joints and Fasteners Towards Harnessing the Engineering Properties of Wood.Agbabiaka-Forest Roads and Implications for a Successful Forest Operation.OyelekeRelationship between Forest Engineering and Other aspects of Engineering.EgodoForestry : A Dangerous, Dirty and Delicate Profession.Best rgds.",legitimate,other_legit,exais,2014-07-26,auto-subtyped
e00307,"GENERAL,its still grace @work ABUJA/ENUGU 2014,xpernc worship+word in awonderful way.av u ironed ur Native 4 saturday variety night,pls call 081XXXXXX09 4 info",legitimate,other_legit,exais,2014-08-12,auto-subtyped
e00312,"What Four Letter Word Begins With F And Ends With K, And If You Can't Get One You Can Use Your Hands?Answer Fork",legitimate,other_legit,exais,2014-08-08,auto-subtyped
e00314,4 days Wit God wuld accompany a lyf tym xpresssn of GOD in all u do (GRACE ADDICTION)mit pst. Chucks nd odas as we jony 2ru Grace in ENUGU! HAVE U PAID? PLS DO,legitimate,other_legit,exais,2014-08-07,auto-subtyped
e00315,"Exceedingly, abundantly & greatly above ur expectations; God wil appear in all ur situations ds mnt! Hapi New Mnth.",legitimate,other_legit,exais,2014-08-01,auto-subtyped
e00316,"As you begin this glorious month, your limitations will turn to unlimited blessings, promotion and you shall break forth on every side. Hapi new month.",legitimate,other_legit,exais,2014-06-01,auto-subtyped
e00317,Power of resurrection will perform wonders in your family as you celebrate Christ resurrection Happy Easter!!! MR & MRS ELIJAH-ESTHER AKINBAMI,legitimate,other_legit,exais,2014-04-20,auto-subtyped
e00318,"ELIJAH-ESTHER AKINBAMI appreciate your moral, financial, spiritual support and your physical presence before, during and after our wedding. God bless you",legitimate,other_legit,exais,2014-03-19,auto-subtyped
e00319,"Rejoice with us (Esther Oluwatosin and Elijah Oluwaseyi) as we become ONE in all on Saturday 15th March, 2014 @ C. A. C Oke-Anu district Hqrt, Lagere Odeomu, Osun state. Colour : Army green, Gold and touch of Orange.",legitimate,other_legit,exais,2014-02-22,auto-subtyped
e00320,There ll b meetng today @ GSF ground by 6:30pm; SEED OF LIFE,legitimate,other_legit,exais,2014-08-01,auto-subtyped
e00321,"A BLESD MORNIN 2U IN D NAME OF D LORD,PLS B INFORMD DAT DIR WIL BE A MEETIN BY 6PM TODAY @ GSF FUNAAB.AN URGENT CALL FOR THE GOSPEL,SEED OF LIFE",legitimate,other_legit,exais,2014-03-06,auto-subtyped
e00322,dis is 2 in4m u d@ d earlier schdld meetng 4 2dy hs bn reschdl 4 2mao by 12pm as we wuld be meetng wit d visioneer (PFaith) @GSF. Sori 4 d inconv.#SEED OF LIFE,legitimate,other_legit,exais,2014-01-31,auto-subtyped
e00323,"Please send me credit. A week of miracles starts with prayers and confessions; start with prayers from Rhapsody of Realities, text ROR to 5031",legitimate,credit_alert,exais,2014-07-27,auto-subtyped
e00324,"Please call me. A week of miracles starts with prayers and confessions; start with prayers from Rhapsody of Realities, text ROR to 5031",legitimate,other_legit,exais,2014-07-27,auto-subtyped
e00325,"Av drop d system with amed, u can go and colllect it. Am in cac church",legitimate,other_legit,exais,2014-05-25,auto-subtyped
e00326,Please call me. Join D'banj and help change Africa. Say YES now! Dial *345# to support change and get a FREE Dbanj track,legitimate,promo_marketing,exais,2014-05-25,auto-subtyped
e00327,"I look more handsome nd more attractive nd comely countenance r seen thru my face. May GOD c to it dt nations,kings nd princes serve to give u Soul brightness even as God has beautify ur spirit. Jst to say thank u.",legitimate,other_legit,exais,2014-01-18,auto-subtyped
e00330,"Good morning,this is to remind you of our fyb drama rehearsal today at the chapel by 1pm.kindly come along with your script.God bless",legitimate,other_legit,exais,2014-07-26,auto-subtyped
e00332,Please call me. Get 100% extra when you recharge with *885*RechargePin# on SmoothTalk and Trutalk.Extra Airtime expires daily @ 11:59pm.,legitimate,recharge,exais,2014-07-13,auto-subtyped
e00333,"Please call me. I Love you. Get daily Business Tips, 60mins voice calls, 30SMS, 100MB data @ N1000/month. Dial *460*1# to migrate & *460*2*1# to buy",legitimate,promo_marketing,exais,2014-07-07,auto-subtyped
e00334,"Please call me. Start your week as a champion with prayers from . RHAPSODY of Realities for just N50! To enjoy, text ROR to 5036. To opt out text STOP to 5036",legitimate,promo_marketing,exais,2014-06-23,auto-subtyped
e00335,"Fire can be silent with water,ur luv can never be silent in my heart. I can't stop tinkin of u, i luv u very much.",legitimate,other_legit,exais,2014-07-07,auto-subtyped
e00336,"Hii beloved, hope the Leverage devotional has blessed you. we'll be coming to FUNAB 2mrw with the latest edition by 12noon at the Motion ground. Thanks",legitimate,other_legit,exais,2014-07-03,auto-subtyped
e00337,4.85E+11,legitimate,other_legit,exais,2014-07-03,auto-subtyped
e00338,"Please call me. If you don't text YES to 7070, you won't enter MTN's N2,0,000 cash draw! You could win today! Subscribe for N100/day.",legitimate,promo_marketing,exais,2013-11-18,auto-subtyped
e00339,"May God kp u and anoint u wit d oil of gladness as u proceed to ds new month. July awaits U, go n manifest... Always rememba ds: we love U... Happy new month",legitimate,other_legit,exais,2014-07-01,auto-subtyped
e00340,"Hear ds: favour n grace b multiplied unto u ds season. As u start ur exams, excellence is urs in Jesus name. We r prayin 4 u.",legitimate,other_legit,exais,2014-04-28,auto-subtyped
e00341,"Beluvd,Ds is 2 in4m u dt dia ll b combind praya mitin 2mao @camp by 6pm&for as many dt pledged 4 d speakers shld pls bring it along.av a blesdwk ahead.Luv U.",legitimate,other_legit,exais,2014-02-24,auto-subtyped
e00342,"Beluvd! Ao z bn ur break?D mini campus interview has alredy kickd off. Blvd, we nid u 2 b around 4 d catch dm young. D interview wil run till dec.6. God bless",legitimate,other_legit,exais,2013-11-25,auto-subtyped
e00343,"Wen GRACE is¿work,protocols r suspended,formalties r waved,Due process put on hold.for u,God's GRACE wil speak 4 u in dis exams.Don't b afraid u r UNSTOPPABLE",legitimate,other_legit,exais,2013-06-10,auto-subtyped
e00344,"May d peace of God Almighty b wit,Amen.Dis is 2 inform u dat our handing over service wil b coming up dis Sunday 26/05/2013.looking 4ward 2 c u dere.God bless.",legitimate,other_legit,exais,2013-05-24,auto-subtyped
e00345,"Gud pm ma, kindly bear in mind dt we wil hav our mtg 2mw by 9pm 2wds d finalist sunday prog endeavr 2 pray, & bring up ideas opinion and plan 4 d suxe of d prog",legitimate,other_legit,exais,2014-06-23,auto-subtyped
e00346,Ref: <ACCT>/06 17:44:09Amt: N100.00Prev bal: N0.00Bal: N100.00From: <URL>,legitimate,debit_alert,exais,2014-06-23,auto-subtyped
e00347,Ref: <ACCT>/06 13:46:20Amt: N100.00Prev bal: N0.00Bal: N100.00From: <URL>,legitimate,debit_alert,exais,2014-06-04,auto-subtyped
e00348,Ref: <ACCT>/05 09:29:34Amt: N100.00Prev bal: N0.00Bal: N100.00From: <URL>,legitimate,debit_alert,exais,2014-05-12,auto-subtyped
e00350,"Dear Valued Customer, Welcome to Airtel! Kindly register your sim, please igore if already registered. To know more about our services, please call 141.",legitimate,promo_marketing,exais,2014-06-19,auto: relabelled marketing
e00351,"Dear Valued Customer, Welcome to Airtel! The Network that works. To know more about our services, Please call 141",legitimate,promo_marketing,exais,2013-11-11,auto: relabelled marketing
e00352,"Welcome to Airtel! Kindly make an outgoing call, send SMS or use DATA now to avoid service disruption. Please ignore if you have already done so",legitimate,promo_marketing,exais,2013-11-11,auto: relabelled marketing
e00353,"Acct number(<ACCT>) ajayi ayobami , first bank. Thanks",legitimate,debit_alert,exais,2014-06-04,auto-subtyped
e00354,"…………¨♥*✫♥,………,•✯´………´*✫…….♥*……………. __/__…….*♥…………… ..*-:¦:-*…¸.•✫………….……/.•*•.…~`,`~……………… |¸….✫…………………..JUST´¸…*♥..´¸……..WANNA´¸¸♥*…………WISH´¸.•✫ ……..YOU~`,`~…..A`.✫`…HAPPY●/….HAPPY/▌..HAPPY…./ .*♥♫•♥♫•♥♫♥•♫♥*BIRTHDAY !!!!*♥♫•♥♫•♥♫♥•♫♥*",legitimate,other_legit,exais,2014-02-18,auto-subtyped
e00355,Which poem should I write for you?Which song should I sing for you?Which lyrics should I pen for you?Which notes should I compose for you?Which melody should I hum for you?That genuinely conveys my love for you?If you have an answer to thisLet me know todaySo that I can wish youAn innovative Happy Birthday!,legitimate,other_legit,exais,2014-02-18,auto-subtyped
e00356,"I may not get to see you as often as I like,I may not get to hold you all through the night.But deep in my heart this much I know,You’re the one for me and I’ll never let you go. Good Night my sweet! ayo",legitimate,other_legit,exais,2013-07-28,auto-subtyped
e00357,"A special smile, special eyes, special look & special someone.All these means that you are a special friend for me.Good morning.",legitimate,other_legit,exais,2013-05-21,auto-subtyped
e00358,"Today is Suara Olukemi Mary's birthday. Reply to post on her Timeline or reply 1 to post ""Happy Birthday!"".",legitimate,other_legit,exais,2014-06-03,auto-subtyped
e00359,"Today is Okeyinka Yetunde's birthday. Reply to post on her Timeline or reply 1 to post ""Happy Birthday!"".",legitimate,other_legit,exais,2013-01-01,auto-subtyped
e00360,Gudmornin Ay hw was us night pls i just wanted to ask u if u av given d engineer d phone pls cal my mtn no. Thank you.,legitimate,other_legit,exais,2014-06-03,auto-subtyped
e00361,"Good evening guys. In May, I met with top Global & African leaders at the World Economic Forum.What did they say? Click <URL> Haastrup",legitimate,other_legit,exais,2014-06-02,auto-subtyped
e00362,Your hardest of work cannot guarantee the result U desire but the one God we serve can always guarantee an awesome result for ur labor. Our Prayers are with U!,legitimate,other_legit,exais,2014-04-28,auto-subtyped
e00363,"Goal: To Create Employable & Relevant GraduatesHow: Train, Engage, Assist & MentorWhere: Peak Olam Suites, CampTime: Sundays 4pm(Whatsapp: <PHONE>)",legitimate,other_legit,exais,2014-02-28,auto-subtyped
e00364,"SmartStart meets Today, 4pm @Peak Olam Suites, Camp.Due/Semester: N1000,If U are without a Membership Card, U cn get one @d Venue.Dont b late! Catch ya!",legitimate,appointment,exais,2014-02-23,auto-subtyped
e00365,"At Last!Our 1st meetn holds 2day by 1pm @Peak Olam Suites, Camp. If U are without a Membership Card, U cn get one @d Venue. Payment would also b made @d Venue",legitimate,appointment,exais,2014-02-15,auto-subtyped
e00366,"Hv U picked up a Membership Card? Our 1st Meetn Session holds ds Sat. (15th) @ ""Peak Olam Suites"", Camp by 1pm. (Card Pick Up: 1pm Wed, Thur @d Motion Ground)",legitimate,other_legit,exais,2014-02-12,auto-subtyped
e00367,"If U came, Hv U told a friend abt d entirety of SmartStart?If U missed, Hv U asked anyone who came?If U couldn't make d Launch & don't know anyone who came, then walk up to us at d Motion Ground btwn 1 & 2pm, Mon to Fri. U would need to get ur Exclusive Membership Card. We would be waiting!",legitimate,other_legit,exais,2014-02-10,auto-subtyped
e00368,Its less than 24 hrs away. Its the launch of Club SmartStart. We are getting braced to see U. U would be so angry to miss this. We can't wait! 10am to 12noon.,legitimate,other_legit,exais,2014-02-07,auto-subtyped
e00369,"Good Day Friend!This is to invite U 2d Launch of ""Club-SmartStart"".Venue: 800-sitter GlassHouse Auditorium, Odo Eran, Obantoko.Date: 8th FebTime: 10amIntegrity: This is just a venue to meet in solving One razing problem ~ The Scourge of Graduate Irrelevancy.I can't wait to meet U.",legitimate,appointment,exais,2014-02-04,auto-subtyped
e00370,Hello Ayobami! You were the first on our mind when we set out to make the average Nigerian graduate relevant. We are all glad to have you. *Hugs*S. Haastrup,legitimate,other_legit,exais,2014-01-19,auto-subtyped
e00371,16561 is your Yahoo! verification code.,legitimate,otp,exais,2014-05-30,auto-subtyped
e00372,"gddy sir,nd hw hs bn our brk.B in4md dt our comtmnt 2wards d bro wknd as agrd in d lst metn is a minimum of 500.Ddline(June8).Bro.Wknd(June13-15)prayahead",legitimate,other_legit,exais,2014-05-30,auto-subtyped
e00373,"Gud evng Sir hw re u, ur exams nd day? B in4md dt D Brothers Wknd comes up btw JUNE 13- 15 nd dere wil b a meetin aftr d srvc 2mrw.Ur presenc is imprtnt.Shalom",legitimate,other_legit,exais,2014-05-18,auto-subtyped
e00374,"Beloved, be remided of d GSF broders general vigil coming up 2nyt by 11pm-2am @ Gsf chapel. Ministerng Pst Dele Efuwpe. Remain Blessed. SUKIYO SAGAPO....",legitimate,other_legit,exais,2014-04-04,auto-subtyped
e00375,"Co labourer,pls be informed dt al brodrs executiv are 2 meet 29t by 9pm b4 d vigil commences 4 a brief mtg & prayr. ur usual commitmnt wil be rewarded as usual",legitimate,other_legit,exais,2014-04-04,auto-subtyped
e00376,"For a friendship that’s full of empathy, strength, and inspiration, cheers!I will continue to be a genuine to you, best friend.I love you and this truthful day!Happy Birthday!",legitimate,other_legit,exais,2014-05-26,auto-subtyped
e00377,"Bad network. Wen u get to eleyele jst take 30# bike to fed cooperatve college, den flash or call my no",legitimate,other_legit,exais,2013-08-03,auto-subtyped
e00378,"?~Tip For Lifetime~ Try to pretend that, You r Happy, ... Slowly it becomes Your Habit & Finally it becomes Your Character . Hapi nw mth' frm ay",legitimate,other_legit,exais,2013-08-01,auto-subtyped
e00379,Please call me. I Love you. Join D'banj and help change Africa. Say YES now! Dial *345# to support change and get a FREE Dbanj track,legitimate,promo_marketing,exais,2014-05-25,auto-subtyped
e00380,"Please call me. I Love you. Exercise your brain with daily riddles. For Riddle of the Day, text RIDDLE to 33334 at only N50 weekly.",legitimate,other_legit,exais,2014-04-30,auto-subtyped
e00381,Please it may take me some time pls am sorry o o o.,legitimate,other_legit,exais,2014-01-27,auto-subtyped
e00382,UAE 10yrs Employment Visa+flight ticket+Accommodation and salary range:$700 to $900 monthly.Total package @ 700k and ready in 5wk.Call <ACCT>SFCPL NIG,legitimate,debit_alert,exais,2014-05-23,auto-subtyped
e00383,"Strong Canada link . And it %100 sure and grantee. It closes by 28 of May 2014. it cost ¤3500, deposit of ¤1200 Serious minded people call <ACCT>SFCPL NIG",legitimate,debit_alert,exais,2014-05-22,auto-subtyped
e00384,"Participate in the Canada International Business Conference Toronto june 12-13 2014,Fe N748.000 with 1-year visa call <PHONE>, closes April 4thSFCPL",legitimate,other_legit,exais,2014-03-25,auto-subtyped
e00386,"Hello, we just tru with d church program, I won't b able to mak it to ur side tonite. Sorry for dat oooooooooo",legitimate,other_legit,exais,2014-05-12,auto-subtyped
e00387,Can u come to my house i miss my exam today,legitimate,appointment,exais,2014-05-12,auto-subtyped
e00388,"You are an affirmation set to make hearts feel worthy.Positivity is what you bring forth.You are a hero in your own ways.These are just few of the positive words you deserve to get in return.Today is special for someone who never fails making other people feel special.Happy Birthday, Good Heart!Let positive vibes be your visitor.",legitimate,other_legit,exais,2014-04-20,auto-subtyped
e00389,Ayo i make chichi yesterday i call to give u one bottle but u refuse to pick up ur call. thank u. I know we make agreement of not calling each other. I call to give not to disstop.,legitimate,other_legit,exais,2014-04-12,auto-subtyped
e00390,I to be ur friend,legitimate,other_legit,exais,2014-02-19,auto-subtyped
e00391,Ayo. U make me cry becos i choose to me ur friend. Forgive me for looking for friendship from u. I promise u i will never look for u again.,legitimate,other_legit,exais,2014-02-19,auto-subtyped
e00392,"Hw as ben yr exam so far,l beliv it as ben gr8.u er favoured in d land of funaab,sucxs is urs always,go dis mnth nd write yr As(IJN)takcare of yrself&stay bless",legitimate,appointment,exais,2014-05-03,auto-subtyped
e00393,Please call me. Get double your recharge! Dial *885*PIN# from 00:30am to 11:59pm Mon to Sunday. Bonus airtime expires by 11:59pm everyday,legitimate,recharge,exais,2013-06-18,auto-subtyped
e00395,"My dear blvd,May grace multiply in ur life,pls dere is an urgent need 4 us 2 meet 2nit as we cry out 2 God 4 help 2 stop all works of d devil by 10pm.God bless",legitimate,other_legit,exais,2014-04-26,auto-subtyped
e00396,Beloved thanks for honoring God today. God ll honor u also IJN. Pls lets keep it up and lets kip d fire burning.LOVE U DEARLY!!!,legitimate,other_legit,exais,2014-03-15,auto-subtyped
e00397,"My dearly blvd,I salute ur courage so far as a co-laborer in GSF&i pray dt God ll also labor on ur behalf.Pls kp d fire burnin& also b a solution giver as we luk 4wad 2wads d mark of higher calln and pls remember dt without u I can do less.Luv U",legitimate,other_legit,exais,2014-03-11,auto-subtyped
e00398,May d grace of God multiply in ur life.Pls dere is going 2b a prayer meetn ds saturday by 8am.U re 2b there.Prep as u can b caled 2 tk any aspect.God bles.Luv u,legitimate,other_legit,exais,2013-08-26,auto-subtyped
e00399,"Joy@its Peak,Grace@its Depth, Peace@its Horizon,Blesns@its Pinacles,Favour more dan ur xpectations shal b urs al d days of ur life. Compliment of d season.",legitimate,other_legit,exais,2011-12-27,auto-subtyped
e00400,"God will help u where circumstances are beyond u. Be REFRESHED at PROPHETIC SOLUTIONS EVENT dis Sat 19 April @7AM; First Place, 4b Akinwale St, OGBA.",legitimate,other_legit,exais,2014-04-14,auto-subtyped
e00401,"Yello! To use MTN Backup, visit <URL> on your mobile to configure your handset. Thank you!!!",legitimate,other_legit,exais,2014-04-13,auto-subtyped
e00402,.•*¨`*•. ☆ .•*¨`*•.Wishing You the HAPPIEST Birthday Ever!!!✿•*¨`*•. (¯`v´¯) (¯`v´¯) .•*¨`*•✿. . . ✿•*¨`*•.¸(¯`v´¯)¸.•´*¨`*•✿ . . .…………… ….♥ •.¸.•´♥……………,legitimate,other_legit,exais,2014-04-12,auto-subtyped
e00403,<PHONE>. Nike,legitimate,other_legit,exais,2014-04-03,auto-subtyped
e00404,Gift…reply is free Conratulation !you have won#450.000.your.luc 42 Lucky winner of appLe drinkb claim (NTN3g) Call for this claim <PHONE>,legitimate,other_legit,exais,2014-04-02,auto-subtyped
e00405,"3 John 2 Dear friend, it is my prayer that everything is going well with you and that you are well; I know it is well with your soul.TOLU ALO.",legitimate,other_legit,exais,2014-03-23,auto-subtyped
e00406,PEACE OF GOD 2U IN D NAME JESUS (AMEN).REMEMBA D TIME IS SHORT;HW MANY SOULS HAV BEEN SAVED IN UR NAME?LETS MEET 2MAO SAT BY 12PM@ GSF AS WE SEEK GOD'S FACE.ALO,legitimate,other_legit,exais,2014-03-21,auto-subtyped
e00407,"A BLESD EVENIN 2U IN D NAME OF D LORD,PLS B INFORMD DAT DIR WIL BE A MEETIN BY 6PM DIS FRIDAY,31ST JAN. @ GSF FUNAAB.AN URGENT CALL FOR THE GOSPEL,SEED OF LIFE.",legitimate,other_legit,exais,2014-01-30,auto-subtyped
e00408,TLC FOLLOW UP MEETING HOLDS TODAY SUNDAY AT FMC IDIABA BY 4PM. Pls b punctual. Info-<PHONE>,legitimate,other_legit,exais,2014-03-23,auto-subtyped
e00409,TLC FOLLOW UP MEETING HOLDS AT FMC IDIABA ON SUNDAY 23rd BY 4PM. Pls b punctual. Info-<PHONE>,legitimate,other_legit,exais,2014-03-20,auto-subtyped
e00410,MISSIONARY EXPOSURE &EXPERIENCE(MEE) BTW APRIL 17-21 in designated villages in Nigeria&Benin republic.N.B-Reg closes April 1st.Reg online or cal-<PHONE>.TKP,legitimate,other_legit,exais,2014-03-10,auto-subtyped
e00411,792)<ACCT>,legitimate,debit_alert,exais,2014-03-21,auto-subtyped
e00412,"Acct number(<ACCT>) ajayi ayobami , first bank",legitimate,debit_alert,exais,2014-02-11,auto-subtyped
e00413,"Dear AJAYI, school fee Ref: FUN/FEE/RSG/201314/1/21068 Bank: FUNAAB MFB Date: 10/03/14 11:39:55 Amt:15,850.00. Go online to complete your course registration and print receipt.",legitimate,other_legit,exais,2014-03-10,auto-subtyped
e00414,"Dear FUNAABites, visit <URL> to generate your school fee invoice, pay and register. Also check your result at portal.unaab.edu.ng:96",legitimate,other_legit,exais,2014-02-17,auto-subtyped
e00415,"Hey beloved, join Pfaith @ Triumphant Life CovenantChurch, Iporo ake, Abeokuta by 10:30am as he speaks on 'We re closer than ever'. Enquiries: <PHONE>",legitimate,other_legit,exais,2014-02-28,auto-subtyped
e00416,"Acct number(<ACCT>) ajayi ayobami , first bank. Thanks sir. Frm ayo",legitimate,debit_alert,exais,2014-02-24,auto-subtyped
e00417,"SmartStart Certificatn Session begins @ our nxt Meetin (Sun. 23rd; 4pm - 5:30pm; Peak Olam Suites, Camp; Due/Semesta: 1k)Got Qxns? Chat <PHONE> n Whatsapp",legitimate,other_legit,exais,2014-02-21,auto-subtyped
e00418,"Greetings!!! Our next TLC Follow-Up comes up dis Sun. 23rd Feb. Pls pray (Gal.4:19, Rom.1:11) n Give. To give, call <PHONE>. Shalom!",legitimate,other_legit,exais,2014-02-16,auto-subtyped
e00419,Morning! Dis is to remind u dat Meeting towards our next Follow-Up comes up 2day Sunday 16-02-14 at FMC Chapel by 3pm.Pls be Punctual! 4 any info: <PHONE>,legitimate,other_legit,exais,2014-02-16,auto-subtyped
e00420,Greetings! Dis is to inform u dat Meeting towards our next Follow-Up comes up dis Sunday 16-02-14 at FMC Chapel by 3pm. Pls be Punctual! 4 any info: <PHONE>,legitimate,other_legit,exais,2014-02-14,auto-subtyped
e00421,"D SOUL longs 4 JOY & FULFILMENT. Grace 4 DIVINE SATISFACTION is here (Prov.19:23) at Prophetic Solution dis Sat, 15 Feb @ 7AM -First Place, 4b Akinwale St, OGBA",legitimate,other_legit,exais,2014-02-13,auto-subtyped
e00422,"Provoke yr way into supernatural releases wit PRAISE & PROPHETIC BLESSINGS at Prophetic Solutions dis SAT 17 Aug -FIRST PLACE , 4b Akinwale St, OGBA (<PHONE>)",legitimate,other_legit,exais,2013-08-12,auto-subtyped
e00423,"PRAISE in a PROPHETIC ATMOSPHERE provokes supanatural solutions! Xpkt more NEXT WK SAT, 17 Aug at Prophetic Solutions. VENUE: First Place, 4b Akinwale St, Ogba",legitimate,appointment,exais,2013-08-08,auto-subtyped
e00424,"Details- PROPHETIC SOLUTIONSTheme: UNUSUAL TESTIMONIESDate: Dis Sat 15 JunTime: 7AMVenue: NIJ Hall, 8 Ijaiye Rd, OGBA (Beside WAEC)Steve Akoni.<PHONE>",legitimate,other_legit,exais,2013-06-13,auto-subtyped
e00425,Our prayr team & I wil like to PRAY WIT U 4 UNUSUAL TESTIMONY. Prepare 4 PROPHETIC SOLUTION on Sat 15 Jun. SHARE YR PRAYR POINTS wit us. Steve Akoni.<PHONE>,legitimate,other_legit,exais,2013-06-12,auto-subtyped
e00426,"D normal wil not birth d unusual! Join d 3-day FAST to provoke yr UNUSUAL TESTIMONY -start TOMORO, 12-14 Jun. Xpkt a PROPHETIC SOLUTION. Steve Akoni.<PHONE>",legitimate,other_legit,exais,2013-06-12,auto-subtyped
e00427,UNUSUAL TESTIMONIES happen when u are sure of what u want! State TWO CRITICAL needs. PRAY on dem towards PROPHETIC SOLUTIONS dis Sat 15 June at 7AM. <PHONE>,legitimate,other_legit,exais,2013-06-11,auto-subtyped
e00428,"May God enable u pick something new & destiny changing. May He cause u to BREAKTHROUGH & give u d strength to KEEP it, IJN. Steve Akoni, Host-PROPHETIC SOLUTION",legitimate,other_legit,exais,2013-06-07,auto-subtyped
e00429,"Compliment of d season! Welcm back 2 campus. We tk God 4ur comitment&passion last session, yet there r alot of harvest riped. Join us on monday,5:30am@GSF",legitimate,other_legit,exais,2014-02-09,auto-subtyped
e00430,The day has ended.Busy hours are over.Its tme 2 sleep ..Ur dreams r waiting.The ni8 waits in silence.Gud nite..Swt dreams.,legitimate,other_legit,exais,2014-02-05,auto-subtyped
e00431,"You can’t bring back yesterday, You can’t look into tomorrow. So the only gift you have is today. Hapi nw yr my dearly sister",legitimate,other_legit,exais,2014-01-02,auto-subtyped
e00432,"Always ask GOD to give you what you deserve,Not what you desire.Your desires may be few but you deserve a lot..i tried ur no nt reachabl jst wnt to say hi. Good Morning dear",legitimate,other_legit,exais,2013-12-07,auto-subtyped
e00433,"_/L_ ( ,)Safety _¤_ (, )Blessings _*_ ("", )Peace _@_ ( ,)Happiness _Ä_ (, )Good Life _Ö_ ( ,)Good Health May All This Be Yours 4ever hapi birthday sister bose SMS,send,<PHONE>,<PHONE>,2013-11-10 00:52:01,1440,.•*¨`*•. ☆ .•*¨`*•.Wishing You the HAPPIEST Birthday Ever!!!✿•*¨`*•. (¯`v´¯) (¯`v´¯) .•*¨`*•✿. . . ✿•*¨`*•.¸(¯`v´¯)¸.•´*¨`*•✿ . . .…………… ….♥ •.¸.•´♥…………… SMS,send,<PHONE>,<PHONE>,2013-11-10 00:50:11,1440,…………¨♥*✫♥,………,•✯´………´*✫…….♥*……………. __/__…….*♥…………… ..*-:¦:-*…¸.•✫………….……/.•*•.…~`,`~……………… |¸….✫…………………..JUST´¸…*♥..´¸……..WANNA´¸¸♥*…………WISH´¸.•✫ ……..YOU~`,`~…..A`.✫`…HAPPY●/….HAPPY/▌..HAPPY…./ .*♥♫•♥♫•♥♫♥•♫♥*BIRTHDAY !!!!*♥♫•♥♫•♥♫♥•♫♥* SMS,send,<PHONE>,<PHONE>,2013-11-10 00:48:51,1440,You are an affirmation set to make hearts feel worthy.Positivity is what you bring forth.You are a hero in your own ways.These are just few of the positive words you deserve to get in return.Today is special for someone who never fails making other people feel special.Happy Birthday, Good Heart!Let positive vibes be your visitor. SMS,send,<PHONE>,<PHONE>,2013-11-10 00:45:41,1440,Which poem should I write for you?Which song should I sing for you?Which lyrics should I pen for you?Which notes should I compose for you?Which melody should I hum for you?That genuinely conveys my love for you?If you have an answer to thisLet me know todaySo that I can wish youAn innovative Happy Birthday! SMS,send,<PHONE>,<PHONE>,2013-10-28 19:24:49,1440,Dream a dream tonight as you sleep.Smile a smile tomorrow that you may keep.May all of your dreams and wishes come truecoz I couldn't find a better friend like you!GoodNight SMS,send,<PHONE>,<PHONE>,2013-10-28 19:24:08,1440,Dream a dream tonight as you sleep.Smile a smile tomorrow that you may keep.May all of your dreams and wishes come truecoz I couldn't find a better friend like you!GoodNight SMS,send,<PHONE>,<PHONE>,2013-10-07 10:20:02,1440,*Best Buddies* are hard to find.. So Today I choose to thank u 4 evrytime U made me smile, laugh, 4 evrytime U helped, wiped a tear & I apologize 4 any inconvenience I caused, 4 evrytime I was rude, 4 anything that hurt U.. Thank U for being a great part of My Small Life : enjoy ur day SMS,send,<PHONE>,<PHONE>,2013-10-07 10:17:16,1440,*Best Buddies* are hard to find.. So Today I choose to thank u 4 evrytime U made me smile, laugh, 4 evrytime U helped, wiped a tear & I apologize 4 any inconvenience I caused, 4 evrytime I was rude, 4 anything that hurt U.. Thank U for being a great part of My Small Life : enjoy ur day SMS,send,<PHONE>,<PHONE>,2013-08-01 11:26:32,1440,T h e B e s t T i m e T o D o S o m e t h i n g S i g n i f i c a n t I s B e t w e e n Y e s t e r d a y A n d T o m m o r o w ...""hapi new mnth",legitimate,promo_marketing,exais,2013-11-10,auto-subtyped
e00434,"Love is like a friendship caught on fire. In the beginning a flame, very pretty, often hot and fierce, but still only light and flickering. As love grows older, our hearts mature and our love becomes as coals, deep-burning and unquenchable. ~ Bruce Lee",legitimate,other_legit,exais,2013-07-30,auto-subtyped
e00435,Hello! My name is Night.I came here to kidnap your stress;Kill your strain. My weapon is deep sleep and my path is Sweet Dream.So please kindly co-operate and handover yourself!Good Night:-)Sweet Dreams!,legitimate,other_legit,exais,2013-07-28,auto-subtyped
e00436,"D network is very bad, we'll talk beta 2moro. Gud nyt nd swit drims.",legitimate,other_legit,exais,2013-07-28,auto-subtyped
e00437,"Gud eveni, hw ar u doing nd hope u're fyn. I shld av cald bt dnt av much on my phone. Jst 2 say hi. Take gud kia of urself, gud nite nd Swt drims.",legitimate,other_legit,exais,2013-06-26,auto-subtyped
e00438,"New vacancies at Standard Chartered Bank, PWC, Siemens, Saipem etc. Call MTN InfoSearch on 411. Available Mon-Fri, 9am-5pm. N50/min. Txt STOP to 33111 to OptOut",legitimate,promo_marketing,exais,2014-01-22,auto: relabelled marketing
e00439,"You are an affirmation set to make hearts feel worthy.Positivity is what you bring forth.You are a hero in your own ways.These are just few of the positive words you deserve to get in return.Today is special for someone who never fails making other people feel special.Happy Birthday, Good Heart!Let positive vibes be your visitor.From ayobami. Hapi birthday ones again.",legitimate,other_legit,exais,2014-01-19,auto-subtyped
e00440,"As u take a giant stride 2wrds ur exam,u'r no doubt equipped 2face challenges,success is nt an option 2u,buh an obligation by God's grace...wish u all d best!",legitimate,appointment,exais,2014-01-06,auto-subtyped
e00441,"As we celebrate d birth of JESUS who was sent by d FATHER 2 DIE 4 US bcos HE LOVES US, Let's allow LOVE flow in n tru our heart 2 pple around us. Merry xmas!",legitimate,other_legit,exais,2013-12-25,auto-subtyped
e00442,Over 500 Lives in 15 Villages were touchd 2ru ur Labour of Love last TLC. 248 Souls got SAVED. May U enjoy His touch 2ruOut 2014 n beynd. Av a splendid New Year,legitimate,promo_marketing,exais,2014-01-03,auto-subtyped
e00443,"TLC is fast approaching endeavour toPlan to attend,Pray 4 d success n Redeem ur pledges, donatn n materials 4 d success of d outreach.4 any info <PHONE>",legitimate,other_legit,exais,2013-12-08,auto-subtyped
e00444,"As part of d preparatn towrds d success of dis yr TLC, dis is to remind u of d Fasting n Prayer scheduled for 2mrw 25th Nov. Join us at FMC Chapel, Idi -Aba by 5pm.",legitimate,appointment,exais,2013-11-24,auto-subtyped
e00445,"As part of d preparatn 4 d success of dis yr TLC, we av been instructd to seek God's face in FASTING on Fri 25th Oct & Mon 25th Nov. 2013. You can join us at FMC Chapel, Idi -Aba by 5pm to break d fast with joint prayer. Tanks 4 d understanding. Together we shal depopulate Hell.4 any info: <PHONE>",legitimate,other_legit,exais,2013-10-23,auto-subtyped
e00446,"Elo dearst, trust u've nt 4gotn dat dat NLR comes up 9th-12th of jan. Pls strt packin ur things, its going 2 b an xperience un4getabl. Apy nu year. FECA OSUN",legitimate,other_legit,exais,2014-01-03,auto-subtyped
e00447,Hi dear!Cum & share in d joy & blessings of 2day as we flwship 2geda at st david's Ang.Church amola by 11:30am.Ur prsnce is vry mpotant.Loads of luv.FECA!KTVB!,legitimate,other_legit,exais,2013-10-05,auto-subtyped
e00448,HE sees it from d begining just as HE'll see u tru 2014-A Victor.HE'll make all lines fall in pleasant places 4u.Happy New Year...Accept my best wishes in 2014.,legitimate,other_legit,exais,2014-01-01,auto-subtyped
e00449,"If only u can calcula8 d total numba of seconds in a year,u'll know wat it takes 2 cross ova 2 anoda year,i pray 4 many yrs of sucess 4 u on earth.WELCUM 2 2O14",legitimate,other_legit,exais,2014-01-01,auto-subtyped
e00450,It xmas again!may d joy of this season fill ur heart with laughter and good tiding.wishing u merry xmas and happy new year in advance.love u.,legitimate,other_legit,exais,2013-12-25,auto-subtyped
e00451,A B C D E F G H I J K L M N O P Q R S T U V W X Y Z. Did l miss anythng? NO. So u ll NOT miss any of ur blesings nd xpectatns frm God frm Jan 2 Dec & 4eva.A N Y,legitimate,other_legit,exais,2014-01-01,auto-subtyped
e00452,"Thre hs nt bin light on my phne since sory for d time of dis msg .Hope your birthday is totally cool, really funtastic, wonderful, exciting, majorly awesome, rocking and HAPPY. Happy Birthday wishes.",legitimate,other_legit,exais,2013-11-23,auto-subtyped
e00453,"D birth of JESUS brngz JOY~GRACE~LUV in2 ds world:may djoy of dLord nva depart 4rm u,may Hs grac sustains u,may Hs luv dwel in ur lyf n family<api xmas>",legitimate,other_legit,exais,2013-12-25,auto-subtyped
e00454,"Hapy sunday 2 u,may d gud lord bless you and help you grow more in him and walk in his steps more than ever before IJN.See u @d top. How was today's service? Still in Sagamu camp bro",legitimate,other_legit,exais,2013-07-07,auto-subtyped
e00455,"As we remember the birth of jesus christ 2day,may all the blessns of his birth be upon u and ur family.merry xmas nd a hapi new yr in advance",legitimate,other_legit,exais,2011-12-25,auto-subtyped
e00456,"How has been your day?VLBC Abundant Life Chapel Anniversary,Tagd-GREAT GLORY wit Bishop Jide Orire starts Tomorrow by 5pm.Av a great day as U prepare to attend.",legitimate,other_legit,exais,2013-12-18,auto-subtyped
e00457,"U re specially invitd 2d VLBC Abundant life Chapel,Kotopo""s Anniver.TAGD-GREAT GLORY,from THURS.19TH to SUN.22ND wit Bishop Jide Orire by 5pm daily&10am on Sat.",legitimate,other_legit,exais,2013-12-15,auto-subtyped
e00458,"Gudmorning,u re specially invitd 2 d VLBC Abundant life Chapel,Kotopo from THURS.19TH to SUN.22ND wit Bishop Jide Orire by 5pm daily&10am on Sat.Plan 2 be there",legitimate,other_legit,exais,2013-12-14,auto-subtyped
e00459,"Mudassir Ahmed & Ereku E.O. have both won N1,500 MTN Airtime each in the Xmas Trivia! Reply PLAY to start winning @N30/SMS. Text STOP to 33110 to Opt-Out",legitimate,promo_marketing,exais,2013-12-17,auto: relabelled marketing
e00460,Pls send 5000NAIRA. I will send everytin to u back. Accout no is <ACCT>. Account name is AKINYEMI SEUN A. Tell den u want to money transfer. With dat u will not go to first bank again. Dey will help u do it inside d wema bank . I dont av money i will av call u to explain,legitimate,debit_alert,exais,2013-12-16,auto-subtyped
e00461,Act number <ACCT>. Name ajayi ayobami,legitimate,debit_alert,exais,2013-12-16,auto-subtyped
e00462,81XXXXX111,legitimate,other_legit,exais,2013-08-11,auto-subtyped
e00463,<ACCT> with serial no <ACCT>,legitimate,debit_alert,exais,2013-08-10,auto-subtyped
e00465,"AY I LEFT HM EARLY COME N MEET US IN RECEPTION BY 1PM AT DLK EVENT CETER ALONG NNPC RD,KUTO. NIKE",legitimate,other_legit,exais,2013-12-14,auto-subtyped
e00466,Registration for IJMB 2014/2015 has commenced. Grab d opportunity of gaining admission into 200Level of any universityijmbadmissions.com <PHONE> 22C12506,legitimate,other_legit,exais,2013-12-13,auto-subtyped
e00467,"We aprec8td ur presence,. n decree dt ur dry season has come 2 an end. Its ur season of abundance hence4th. 1Kgs18:41- 45. U shall end well IJN. Don't 4get Xmas carol -Fri 5pm, Evenn out w JESUS -Sat. 5pm. Come w ur friends 4 a lifetime encounter. God bless u.Amen. C u again.....CAC D PEACE ARENA",legitimate,other_legit,exais,2013-12-12,auto-subtyped
e00468,"Flash Share,the best share soft in the world,welcome to download:<URL>",legitimate,promo_marketing,exais,2013-12-10,auto: relabelled marketing
e00470,kindnes is a language which d dumb cn spik n d deaf cn undastnd. 10ks 4 d card. God bless U n ur plans dis mnth. Ds s ur mnth of testimony. Thanks so much more.,legitimate,other_legit,exais,2013-12-09,auto-subtyped
e00471,i collected my phne bck nt long ago frm a frend dat went to charge d battery for me' sorry for d long distance(<ACCT>),legitimate,debit_alert,exais,2013-12-08,auto-subtyped
e00472,"It is worhty of celebratin dt God spared ourlives 2 stat d last lap in d yr 2013.A.N.M.Pls,kindly be reminded of our MEETIN ON DEC 31ST,4PM@ AMOLA.BGS EXCOS..77",legitimate,other_legit,exais,2013-12-01,auto-subtyped
e00473,"…………¨♥*✫♥,………,•✯´………´*✫…….♥*……………. __/__…….*♥…………… ..*-:¦:-*…¸.•✫………….……/.•*•.…~`,`~……………… |¸….✫…………………..JUST´¸…*♥..´¸……..WANNA´¸¸♥*…………WISH´¸.•✫ ……..YOU~`,`~…..A`.✫`…HAPPY●/….HAPPY/▌..HAPPY…./ .*♥♫•♥♫•♥♫♥•♫♥*BIRTHDAY !!!!*♥♫•♥♫•♥♫♥•♫♥* frm ayobami",legitimate,other_legit,exais,2013-11-27,auto-subtyped
e00474,Please call me. Enjoy non-stop Eskimi on MTN GoodyBag Social Bundles. Text ESKM or ESKW to 131 for monthly (N60) or weekly (N25) plan!,legitimate,promo_marketing,exais,2013-07-23,auto-subtyped
e00476,Please call me. I have gist for you. Enjoy a FREE 7-day trial of Cholera prevention tips & other FREE services on MTN Play!Dial *700*6*1# & follow the prompt,legitimate,promo_marketing,exais,2013-11-23,auto-subtyped
e00477,"Tks u so much my beloved, according 2 medical test, it ""ws"" tyhoid fever. Ese gan oo! My regards 2 femi",legitimate,other_legit,exais,2013-11-23,auto-subtyped
e00478,Beloved! Hw is thou break?Break is a time 2 breakforth.Thou art invited 2 a summit dat 'll on 20th-22nd Dec. 2013@abk; pray&plan ahead. Waitn 4ur reply &opinion,legitimate,other_legit,exais,2013-11-21,auto-subtyped
e00479,Brooklyn Nets point guard Deron Williams will not return to Wednesday nights game against the Charlotte Bobcats after re injuring his left ankle.,legitimate,other_legit,exais,2013-11-22,auto-subtyped
e00480,LeBron James led Miami with 21 points and the Heat rolled past the Magic 120:92 on Wednesday night for their fifth straight victory.,legitimate,other_legit,exais,2013-11-21,auto-subtyped
e00481,20.06.2013: Spurs 88:95 Heat.,legitimate,other_legit,exais,2013-11-19,auto-subtyped
e00482,"Dear Customer,you have 21 free SMS to etisalat numbers. 10 free MMS to all etisalat lines. 11.28 MB data. 60 seconds free airtime.",legitimate,recharge,exais,2013-11-21,auto-subtyped
e00483,"Dear Customer,you have 21 free SMS to etisalat numbers. 10 free MMS to all etisalat lines. 12.26 MB data. 60 seconds free airtime.",legitimate,recharge,exais,2013-11-21,auto-subtyped
e00484,Stopautorenew,legitimate,promo_marketing,exais,2013-11-11,auto: relabelled marketing
e00487,Dnt bother to cum again til 2mao,legitimate,other_legit,exais,2013-10-05,auto-subtyped
e00488,"How joyous! How incredible! Glory to God in heaven, goodwill to men on earth. U r such a grt person dt only share birthday wt a whole nation NIGERIA HBD! HID!",legitimate,other_legit,exais,2013-10-01,auto-subtyped
e00489,AIRTEL CLUB 10: User3061696 : GODISABLE 2protect u & guard u 4rm ur enemies.believe in jesus and he will deliver you,legitimate,promo_marketing,exais,2013-09-25,auto: relabelled marketing
e00490,"AIRTEL CLUB 10: USERNAME.SUN : If u have an interest group, remember that you can promote it here on this chat.either create a group or advertise it here",legitimate,promo_marketing,exais,2013-09-24,auto: relabelled marketing
e00491,Airtel club 10: User361181 : unesco has said that India and Nigeria accounted for one third of child deaths worldwide,legitimate,promo_marketing,exais,2013-09-24,auto: relabelled marketing
e00492,Airtel club 10: User3298364 : I chat in ADULT ADVENTURE group and I enjoy the experience always..SMS join: ADULT ADVENTURE to 8181,legitimate,promo_marketing,exais,2013-09-23,auto: relabelled marketing
e00493,Airtel Club 10: simeontawose : over 1000 math solution available on <URL> so visit and make use of them,legitimate,promo_marketing,exais,2013-09-23,auto: relabelled marketing
e00494,Airtel Club 10: diamond's hrt : I just saw a picture of miley cyrus naked on <URL> hmmmm na wa o! Life don spoil,legitimate,promo_marketing,exais,2013-09-22,auto: relabelled marketing
e00495,"airtel club 10: O TIO : D unbelieving, d vile, murderers, d sexualy immoral, d sorcerers & all liars wil av their part in d lake of fire. dis is d 2nd death",legitimate,promo_marketing,exais,2013-09-22,auto: relabelled marketing
e00496,"airtel club 10: User3294851 : To make real and lasting money, click <URL> It is totally free.",legitimate,promo_marketing,exais,2013-09-21,auto: relabelled marketing
e00497,airtel club 10: Aleph : God is not biased.JOB 35VS19..text join:I AM to 8181..have wonderful day ahead.,legitimate,promo_marketing,exais,2013-09-21,auto: relabelled marketing
e00498,"airtel club 10: Aleph : give wholeheartedly, support missionary works. Give unto charity. Be a sincere tither..text join: trending gist to 8181",legitimate,promo_marketing,exais,2013-09-21,auto: relabelled marketing
e00499,Airtel Club 10: dawinner : are u a new user nd u re lookin 4 a group 2 join 4 freebies just sms join :the home of solution,scam,promo_win,exais,2013-09-20,auto: fraud
e00500,"Airtel club 10: User3193687 : it's large,it's explosive,it's the best group on the Airtel network. It is trending gist... SMS join: trending gist to 8181",legitimate,promo_marketing,exais,2013-09-19,auto: relabelled marketing
e00501,Final Result: Arsenal 3:1 Stoke City.Dial *244# For More,legitimate,promo_marketing,exais,2013-09-22,auto: relabelled marketing
e00502,Goal update: Arsenal 3:1 Stoke City B. Sagna hits the net for Arsenal! at 72.Dial *244# For More,legitimate,promo_marketing,exais,2013-09-22,auto: relabelled marketing
e00503,"Marouane Fellaini will bring something different to Manchester United this season, according to Michael Carrick.Dial *244# For More",legitimate,promo_marketing,exais,2013-09-22,auto: relabelled marketing
e00504,Halftime Update One: Arsenal 2:1 Stoke City.Dial *244# For More,legitimate,promo_marketing,exais,2013-09-22,auto: relabelled marketing
e00505,Goal update: Arsenal 1:0 Stoke City Arsenal score a goal through A. Ramsey! at 5.Dial *244# For More,legitimate,promo_marketing,exais,2013-09-22,auto: relabelled marketing
e00506,Brendan Rodgers has confirmed Liverpool will be without Philippe Coutinho for at least six weeks after he underwent shoulder surgery..Dial *244# For More,legitimate,promo_marketing,exais,2013-09-19,auto: relabelled marketing
e00507,Real Madrid coach Carlo Ancelotti says that he will be careful with Gareth Bale as he eases his world-record signing into the team.Dial *244# For More,legitimate,promo_marketing,exais,2013-09-17,auto: relabelled marketing
e00508,Sunderland manager Paolo Di Canio is hopeful Lee Cattermole takes his advice to heart as he bids to return to the club's first team..Dial *244# For More,legitimate,promo_marketing,exais,2013-09-17,auto: relabelled marketing
e00509,"Chelsea's new signing Christian Atsu will benefit from his season-long loan to Dutch side Vitesse, according to compatriot Michael Essien.Dial *244# For More",legitimate,promo_marketing,exais,2013-09-13,auto: relabelled marketing
e00510,Barcelona coach Gerardo Martino has heralded the imminent return of club captain Carles Puyol following a lengthy injury absence.Dial *244# For More,legitimate,promo_marketing,exais,2013-09-13,auto: relabelled marketing
e00511,Stoke goalkeeper Asmir Begovic has described compatriot Edin Dzeko as one of the best three strikers in world football.Dial *244# For More,legitimate,promo_marketing,exais,2013-09-13,auto: relabelled marketing
e00512,"John Terry has hailed the arrival of Samuel Eto'o at Chelsea, insisting the striker looks ""very sharp and hungry"".Dial *244# For More",legitimate,promo_marketing,exais,2013-09-12,auto: relabelled marketing
e00513,"Elo blovd! Trst u had a nyc nyt rest,dis is 2 remind u of flwship 2day by 12pm @ St. David'ds Ang chrch Amola.Strt preparin as it wuld b gr8. U mean a lot.FECA",legitimate,other_legit,exais,2013-09-07,auto-subtyped
e00514,(<ACCT>) (<ACCT>)#200 each.,legitimate,debit_alert,exais,2013-09-03,auto-subtyped
e00515,Nw u cn try it <ACCT> with serial no <ACCT>.,legitimate,debit_alert,exais,2013-08-10,auto-subtyped
e00516,PLEASE LOAD CREDIT <ACCT>,legitimate,debit_alert,exais,2013-08-10,auto-subtyped
e00517,Please call me. 'Scape Goat remix'. by Dbanj & Kanye West is ready for download on MTN Play. Text 2 to 700 to get it for N75. MTN subscribers only,legitimate,other_legit,exais,2013-05-18,auto-subtyped
e00518,FOR YOUR TIME <ACCT>,legitimate,debit_alert,exais,2013-05-18,auto-subtyped
e00521,"SUPER SUNDAY is 2day by 8AM at ChristEmbasy- 3,Osuntokun rd Bodija. God HIMSELF wil be present 2 work MIRACLES in UrLife.Don't Mis Out! 4 dtails-<PHONE>",legitimate,other_legit,exais,2013-09-01,auto-subtyped
e00522,"SUPER SUNDAY countdown!1day 2 go!This is One HolyGhost Event U shudnt Mis.This Sunday,8AM @ ChristEmbasy- 3,Osuntokun rd Old Bodija.4 dtails-<PHONE>",legitimate,other_legit,exais,2013-08-31,auto-subtyped
e00523,"CHRIST EMBASSY Invites U 2 SUPER SUNDAY.Date-01/09/2013Time-8am.Venue-3,Osuntokun Avenue Old Bodija.UR MIRACLE AWAITS U!GodBless U!4 dtails- <PHONE>",legitimate,appointment,exais,2013-08-30,auto-subtyped
e00524,"The MTN Zone rate to MTN subscribers is 50 kobo per second less the discount, all hours of the day after.",legitimate,promo_marketing,exais,2013-08-31,auto: relabelled marketing
e00525,You currently have an ACTIVE discount Notification. Dial *135*6# to turn this off.,legitimate,promo_marketing,exais,2013-08-31,auto: relabelled marketing
e00527,"Gud moni nd hapi sunday 2 u. Pls if u ar coming 2 my aous, just try nd flash me b4 coming. I'm presently in church nw. Take care. Tanks",legitimate,other_legit,exais,2013-08-25,auto-subtyped
e00529,"AY, I've bn tryin 2 call u bt u didnt pick ur calls. Jst 2 say hi 2 u, av a nice wk ahead. Takia ore.",legitimate,other_legit,exais,2013-08-19,auto-subtyped
e00530,"Its Detrimental b sentimental on d mata of Destiny,its 6 days 2 d PREDESTINED CONVNTN, final arrangmnt wuld b made saturday.STRT PACKIN 2NYT.PLAN!PRAY!PUBLICIZ",legitimate,other_legit,exais,2013-08-15,auto-subtyped
e00531,"Its Detrmental b sentimental on d mata of Destiny,its 15 days to the PREDESTINED CONVENTION""EKO 2013"" PRAY,PUBlICIZE,PREPARE-its gona b an awesome time wit God",legitimate,other_legit,exais,2013-08-08,auto-subtyped
e00532,"Its 16 Days 2 CONVENTION.Are u stil considrin comin?Make up your mind nw,its gona b a 1daful tym with d lord @ lagos,Tell someone abt it, Tfare is 1300 REG-500.",legitimate,other_legit,exais,2013-08-07,auto-subtyped
e00533,"Guday dear,Be updated on d hapnins in Feca. D PREDESTINED CONVENTION is hapnin in Lagos betwn 21-25 August, its nt 1 u wuld wnt to miss, REG is 500, plan & pray",legitimate,other_legit,exais,2013-08-06,auto-subtyped
e00534,"elo dear,trust ur day wnt well? Its bin long we had u in fellowship,hop u r fyn? We wuld aprci8 ur presence in felwship 2mao@st davids church by12pm.Lotz of LUV",legitimate,other_legit,exais,2013-08-02,auto-subtyped
e00535,"Rivers of Love, invites u to 20th Annv. Conventn. Thur.15th-Sun.18th Aug. wt. Pat Massaro, Taiwo Amoo & Sunday Awe ¿ D Church auditorium, Ibadan. Amonas",legitimate,other_legit,exais,2013-08-14,auto-subtyped
e00536,"FREE Mobile App is available to you now. It comes with Music, Videos, Games, Themes, Callertunes and much more!! Go to <URL>",legitimate,promo_marketing,exais,2013-08-08,auto: relabelled marketing
e00539,Happy new month. Jesus loves you.,legitimate,other_legit,exais,2013-01-01,auto-subtyped
e00541,"SEASONAL GR8TINGS 2 U IN JN.AS WE R CELEBRATING DIS SEASON, LET US BE CAREFUL NOT TO 4GET D PURPOSE 4 D SEASON.IS JESUS D LORD IN UR LYFKEEP WATCHING AS U PRAY",legitimate,other_legit,exais,2011-12-29,auto-subtyped
e00542,"Y'ello! Your data balance is 24.27MB, Expires: 24/Aug/2014 14:49. Your subscription will be auto renewed and all unused data rolled over after renewal.",legitimate,promo_marketing,exais,2014-08-03,auto: relabelled marketing
e00543,"Y'ello, your data bundle balance is 97.83MB, expires: 24/Aug/2014 14:49. you have 140.05MB of your additional data bundle, expires: 24/Aug/2014 12:00. You will be charged bundle rate at data bundle exhaustion with subscription validity.",legitimate,promo_marketing,exais,2014-07-26,auto: relabelled marketing
e00544,"Y'ello! You have received 160MB extra data in the MTN Data Delight offer, you now have 260MB. Valid for 30Days. Dial *559*2# for balance on extra data. Enjoy!",legitimate,promo_marketing,exais,2014-07-25,auto: relabelled marketing
e00546,"Welcome to 100MB Mobile Data plan, expires 24/Aug/2014 14:49. Text 2 to 131 to view balance. You will be charged bundle rate at data bundle exhaustion within subscription validity.",legitimate,promo_marketing,exais,2014-07-25,auto: relabelled marketing
e00548,My consultant just sent d message to me.d woman i knw in sch of nursin also told me d same tin.,legitimate,other_legit,exais,2014-08-08,auto-subtyped
e00549,My friend called me this am that ur candidate scored 30/90. He said his hands are tied but he 'll still push her case.,legitimate,other_legit,exais,2014-08-08,auto-subtyped
e00550,Xalatan eye drop.,legitimate,other_legit,exais,2014-08-06,auto-subtyped
e00551,Thanks,legitimate,other_legit,exais,2014-08-08,auto-subtyped
e00552,"pls kindly change my address before uploading d paper Department of Electrical and Information Engineering, College of Science And Technology, Covenant University Ota Nigeria. CONFIRM now pls",legitimate,other_legit,exais,2014-08-08,auto-subtyped
e00553,hmmmm so u just take off lek that no shower? safe trip.God be with you,legitimate,other_legit,exais,2014-04-28,auto-subtyped
e00554,Sorry cudnt see u before leaving. Trying to check into the waiting terminal. Thanks for all ur support and encouragement. God keep u. Regards to all.,legitimate,other_legit,exais,2014-04-28,auto-subtyped
e00555,The chairman's number from dr Badmus <PHONE>,legitimate,other_legit,exais,2014-04-24,auto-subtyped
e00556,"Morning Boyobaya, hope you did not forget me? Thanks.",legitimate,other_legit,exais,2014-08-08,auto-subtyped
e00557,He said he would be leaving latest by 8:30am. His number is: <PHONE>,legitimate,other_legit,exais,2014-07-24,auto-subtyped
e00558,Kk sir,legitimate,other_legit,exais,2014-07-20,auto-subtyped
e00559,"No problem, when I arrive.",legitimate,other_legit,exais,2014-07-20,auto-subtyped
e00560,But oby should know sha,legitimate,other_legit,exais,2014-07-20,auto-subtyped
e00561,I don't know the person oooo,legitimate,other_legit,exais,2014-07-20,auto-subtyped
e00562,Leaving abk now. Coming with Cindy. Who is charge of the guest house. Prof said its a new staff.,legitimate,other_legit,exais,2014-07-20,auto-subtyped
e00563,We should expect you on Sunday,legitimate,other_legit,exais,2014-07-18,auto-subtyped
e00564,Thank God for journey mercy,legitimate,other_legit,exais,2014-07-18,auto-subtyped
e00565,I don land oooo. Ao far?,legitimate,other_legit,exais,2014-07-18,auto-subtyped
e00566,"This is to formally announce the painful loss of the Pioneer Chairman of ASUU-UNAAB,Prof. Bode Shopeju.Commendation Service holds at UNAAB on Aug 15 by 11am.",legitimate,other_legit,exais,2014-08-07,auto-subtyped
e00567,Before ur script can be checked u will need to apply for rectification. But the truth of the matter is many of you performed very low in the exam. And alot of upgrading was done. So even the 50+ u had was upgraded to that point.,legitimate,appointment,exais,2014-08-05,auto-subtyped
e00568,"Please Sir I will appreciate if my script can be checked viz a viz the recorded score sir. Please sir 50's is not good on those courses sir maybe it was my exams scores alone that were recorded sir. Please sir this is my life sir. I have been in school since morning and have seen any of them sir. Please sir I don't have anywhere to go sir. Just for them to review to be sure that test and exams are recorded. Test scores 22: CSC 342 , 17 CSC 303 .",legitimate,other_legit,exais,2014-08-04,auto-subtyped
e00569,"Nacoss, they didn't know u wld be around. Dat dooesnt stop u frm going",legitimate,other_legit,exais,2014-08-01,auto-subtyped
e00570,Which dinner be that?,legitimate,other_legit,exais,2014-08-01,auto-subtyped
e00571,Ok. Thaank God but dat won't stop her from following us to tomorrow's dinner:/:D,legitimate,other_legit,exais,2014-08-01,auto-subtyped
e00572,Not...she is just feeling feverish. I guess it is stress.,legitimate,other_legit,exais,2014-08-01,auto-subtyped
e00573,Ok. Thanks. Hope no qualms? May branch ur end later,legitimate,other_legit,exais,2014-08-01,auto-subtyped
e00574,Where are you? Calling ur number but its not available. I dropped the key behind the window. Got to go. Cindy says she need some drugs.,legitimate,other_legit,exais,2014-08-01,auto-subtyped
e00575,Your companionship gave me d courage to move on. A part of u wld surely be missed. We shall surely meet in PEACE n not in pieces. Safe trip n meet with FAVOUR 4 more blessings. Dr. Onashoga,legitimate,other_legit,exais,2014-04-28,auto-subtyped
e00576,Hong kong,legitimate,other_legit,exais,2014-04-23,auto-subtyped
e00577,I beg wc country,legitimate,other_legit,exais,2014-04-23,auto-subtyped
e00578,#NAME?,legitimate,other_legit,exais,2014-04-22,auto-subtyped
e00579,"His Resurrection gives Life a meaning, Hope and Joy for a fresher beginning. Happy Easter to u and all yours",legitimate,other_legit,exais,2014-04-20,auto-subtyped
e00580,Odeyemi Seun .G.0907IT01999Courses.1.OPERATING SYSTEM2.COMPILER,legitimate,other_legit,exais,2014-07-31,auto-subtyped
e00581,"Gud p.m sir,i was among dos who write digital electronics exam.my test score was nt added 2 my exam score.i was d girl dat gav u her test script cos u substracted five marks.pls sir jst snd my test score 2 d skul 2 b added wit my exam score.dnt wano carry d course over.God bles u sir.",legitimate,appointment,exais,2014-07-31,auto-subtyped
e00582,Gud am sir its victor police I just got to abk nw and my fone is down pls call me on dis no <PHONE>.u can always reach me true that no.,legitimate,other_legit,exais,2014-07-30,auto-subtyped
e00583,Good morning ma. How was the holiday. Please I have sent the forms to ogbomoso. The person will call u.,legitimate,other_legit,exais,2014-07-30,auto-subtyped
e00584,070XXXXXX07 mrs adepoju from engr abayomi alli,legitimate,other_legit,exais,2014-07-30,auto-subtyped
e00585,081XXXXXX93. U can wait for him at Apata. He has left already. Should be there in probably 40 minutes time,legitimate,other_legit,exais,2014-07-29,auto-subtyped
e00586,"Dear Customer, to subscribe to GTBank SMS transactionalert, text (GeNS Account No.) from registered phone number to <PHONE> E.gGeNS <PHONE>. N4 per SMS",legitimate,promo_marketing,exais,2014-07-29,auto-subtyped
e00599,forever2010,legitimate,other_legit,exais,2014-07-23,auto-subtyped
e00600,What is the system password,legitimate,other_legit,exais,2014-07-23,auto-subtyped
e00601,Can I get a system with office 2010 for my presentation. The faculty PC is corrupting my slides. Or if I can get a charger for HP mini laptop,legitimate,other_legit,exais,2014-07-23,auto-subtyped
e00602,"oki oluwabusayo,00XXXXXX83.access bank plc.OR oki oluwabusayo a/c 30XXXXXX33.first bank of nig plc",legitimate,other_legit,exais,2014-07-23,auto-subtyped
e00603,Dt. Ozebo080XXXXXXX57,legitimate,other_legit,exais,2014-07-22,auto-subtyped
e00604,"Gud day sir, I am still awaiting Dr. Izibor's number. Regards to the family.",legitimate,other_legit,exais,2014-07-22,auto-subtyped
e00605,Morning sir. Ao is the family and work over there? Can u kindly send me Dr. Ezobo's number I want to find out about his structure at isolu.,legitimate,other_legit,exais,2014-03-31,auto-subtyped
e00606,Evening sir...I know u will church now. I took 71b as directed by the port authority app on my phone to church. But found myself at around highland pack. The bus driver said it should have been 71A or 7C but am on my way back. Not sure if I will still be able to make it to church.,legitimate,other_legit,exais,2014-07-17,auto-subtyped
e00607,I later went to see prof's Secretary and then he gave me the copies he had on display.,legitimate,other_legit,exais,2014-07-10,auto-subtyped
e00608,Ok thanks,legitimate,other_legit,exais,2014-07-10,auto-subtyped
e00609,He doesn't have them in the office... Promised he will bring it to school tomorrow.,legitimate,other_legit,exais,2014-07-10,auto-subtyped
e00610,OK...sir. Just entered his office now,legitimate,other_legit,exais,2014-07-10,auto-subtyped
e00611,I asked Kelly yo give u $70. It's to purchase the books from Prof. Tell him I asked u to give him the money when u collect the books from him. Thanks,legitimate,other_legit,exais,2014-07-10,auto-subtyped
e00612,Hmmmm...its because Brazil embarrassingly lost to Germany 7:1 yesterday.,legitimate,other_legit,exais,2014-07-10,auto-subtyped
e00613,Got your voice msg. We just landed back in Pittsburgh. Will talk to u tomorrow,legitimate,other_legit,exais,2014-07-02,auto-subtyped
e00614,OK...I have just made arrangement with Rolley. Have a nice weekend Sir.,legitimate,other_legit,exais,2014-06-27,auto-subtyped
e00615,"Vigil is still holding. If Rolley is not going, u can talk to Joshua to pick u up. We are San Francisco already. Thanks",legitimate,other_legit,exais,2014-06-27,auto-subtyped
e00616,Good morning sir. Will be coming with sis kelechi and Rolly.,legitimate,other_legit,exais,2014-06-22,auto-subtyped
e00617,Bless God...I will call Rolly very early tomorrow to confirm but I think yes. Will keep you posted. My regards to mummy and Ola.,legitimate,other_legit,exais,2014-06-22,auto-subtyped
e00618,Got your msg. We got home about an hour ago. Everything went well. Are u coming with Robinson tomorrow?,legitimate,other_legit,exais,2014-06-22,auto-subtyped
e00619,Good morning sir...trust you are having a good time in God's presence. Have a safe trip back. Regards to mummy. Cheers.,legitimate,other_legit,exais,2014-06-21,auto-subtyped
e00620,Yes...will be coming with Rolley,legitimate,other_legit,exais,2014-06-15,auto-subtyped
e00621,Did u make arrangement to come to church today?,legitimate,other_legit,exais,2014-06-15,auto-subtyped
e00622,Ok. Just want to be sure that's what u want to do. Will be there at about 9:15 or so,legitimate,other_legit,exais,2014-06-08,auto-subtyped
e00623,On a conference call. Will call u later,legitimate,other_legit,exais,2014-06-02,auto-subtyped
e00624,I av given her...sorry for the inconvenience.,legitimate,other_legit,exais,2014-05-29,auto-subtyped
e00625,Yes 5th ave. It might take u abt 5mins to walk. You stay on the right side of 5th in d direction of the traffic. She will also call u,legitimate,other_legit,exais,2014-05-29,auto-subtyped
e00626,U mean 5th avenue...,legitimate,other_legit,exais,2014-05-29,auto-subtyped
e00627,You will need to meet the lady that led Bible study at church yesterday to give her the office key. She would be at 5th opposite the bookshop. She should be there by abt 11:15am.,legitimate,other_legit,exais,2014-05-29,auto-subtyped
e00628,It was deliberate... I don't use it much in the lab. I use the PC there. One because internet access is on it. And secondly my PC usually hangs when I run MATLAB on it cos of the large volume of data. And that is the main tool I work in the lab,legitimate,other_legit,exais,2014-05-29,auto-subtyped
e00629,How come u left your bag and laptop at home?,legitimate,other_legit,exais,2014-05-29,auto-subtyped
e00630,Am very sorry sir. Just saw ur msg now and am already in the bus.,legitimate,other_legit,exais,2014-05-29,auto-subtyped
e00631,"How are u moving today? if u are going to Pit, drop the office key for me b4 u go",legitimate,other_legit,exais,2014-05-29,auto-subtyped
e00632,I will come with the bus...thank you sir.,legitimate,other_legit,exais,2014-05-28,auto-subtyped
e00633,Just finished my meeting. Can pass thru Pit in 15mins. Will u be ready or coming with the bus?,legitimate,other_legit,exais,2014-05-28,auto-subtyped
e00634,Will be ready,legitimate,other_legit,exais,2014-05-28,auto-subtyped
e00635,I will ready...,legitimate,other_legit,exais,2014-05-28,auto-subtyped
e00636,"Just to let u know. I have a meeting in downtown tomorrow and will be leaving home at 8am. If u want to go to Pit, I can drop u, otherwise u can stay at home or take the bus when u are ready",legitimate,other_legit,exais,2014-05-28,auto-subtyped
e00637,OK will wait for u.,legitimate,other_legit,exais,2014-05-27,auto-subtyped
e00638,When are u leaving today? I plan to be around Pit at about 6pm today to visit someone at hospital.,legitimate,other_legit,exais,2014-05-27,auto-subtyped
e00639,Yes...arrived around 10. Checked prof to give him the receipt wasn't in seat yet neither is his secretary but I intend to check back before leaving.,legitimate,other_legit,exais,2014-05-27,auto-subtyped
e00640,Are u on campus now?,legitimate,other_legit,exais,2014-05-27,auto-subtyped
e00641,OK..will join u now,legitimate,other_legit,exais,2014-05-24,auto-subtyped
e00642,Will be leaving for fellowship shortly,legitimate,other_legit,exais,2014-05-24,auto-subtyped
e00643,"Yes, I have that in mind. We should be leaving in abt 20mins",legitimate,other_legit,exais,2014-05-23,auto-subtyped
e00644,Can we stop by at giant eagle for the connect card on our way home??,legitimate,other_legit,exais,2014-05-23,auto-subtyped
e00645,I av seen her,legitimate,other_legit,exais,2014-05-23,auto-subtyped
e00646,"Ok, watch out for her",legitimate,other_legit,exais,2014-05-23,auto-subtyped
e00647,OK...am walking down duff road...beside golden corral,legitimate,other_legit,exais,2014-05-23,auto-subtyped
e00648,"Cross to the side of Golden Coral and walk down on the d street. Moji is coming with the Nissan, watch out for her",legitimate,other_legit,exais,2014-05-23,auto-subtyped
e00649,Am there now,legitimate,other_legit,exais,2014-05-23,auto-subtyped
e00650,Ok. Did u tell the bus driver where u want to exit? I think u should be there at abt 8,legitimate,other_legit,exais,2014-05-23,auto-subtyped
e00651,Its at the mall...leaving now,legitimate,other_legit,exais,2014-05-23,auto-subtyped
e00652,Let me know when d bus has left the mall area,legitimate,other_legit,exais,2014-05-23,auto-subtyped
e00653,Yes... I have.,legitimate,other_legit,exais,2014-05-22,auto-subtyped
e00654,Just checked bus website and it appears bus 67 doesnt come until about 6:50,legitimate,other_legit,exais,2014-05-22,auto-subtyped
e00655,OK...,legitimate,other_legit,exais,2014-05-22,auto-subtyped
e00656,Ok and let me know when u pass Wilkinsburg,legitimate,other_legit,exais,2014-05-22,auto-subtyped
e00657,Yes sir...67 at Forbes avenue,legitimate,other_legit,exais,2014-05-22,auto-subtyped
e00658,"Which bus are u taking, bus 67 to Monroeville?",legitimate,other_legit,exais,2014-05-22,auto-subtyped
e00659,Am at the bus stop already...,legitimate,other_legit,exais,2014-05-22,auto-subtyped
e00660,When are u leaving pit and do u know which bus to take?,legitimate,other_legit,exais,2014-05-22,auto-subtyped
e00661,"You should be here by now, where are u?",legitimate,other_legit,exais,2014-05-22,auto-subtyped
e00662,"The address is 900 Penn Ave, Wilkinsburg",legitimate,other_legit,exais,2014-05-21,auto-subtyped
e00663,"I'm not sure, u can check online. The address is 900 Penn Have. Tobi says probably 61A or even 67",legitimate,other_legit,exais,2014-05-21,auto-subtyped
e00664,Will soon be leaving now...which bus stop is closest to church,legitimate,other_legit,exais,2014-05-21,auto-subtyped
e00665,When are u leaving campus?,legitimate,other_legit,exais,2014-05-21,auto-subtyped
e00666,OK sir...thanks.,legitimate,other_legit,exais,2014-05-21,auto-subtyped
e00667,"Ok, and enjoy your day. Let me know when leaving, u can still take bus to monroeville and will pick u up",legitimate,promo_marketing,exais,2014-05-21,auto-subtyped
e00668,Just arrived campus now,legitimate,other_legit,exais,2014-05-21,auto-subtyped
e00669,We should be going on in 5 mins,legitimate,other_legit,exais,2014-05-20,auto-subtyped
e00670,Very close .it just ahead,legitimate,other_legit,exais,2014-05-16,auto-subtyped
e00671,Did u see moorewood st,legitimate,other_legit,exais,2014-05-16,auto-subtyped
e00672,Its okay..,legitimate,other_legit,exais,2014-05-16,auto-subtyped
e00673,I have passed Bigelow now at CMU. Where do I stop?,legitimate,other_legit,exais,2014-05-16,auto-subtyped
e00674,"If u are tired of walking, may be u can wait for us, find somewhere to sit. We are about done here. Let me know",legitimate,other_legit,exais,2014-05-16,auto-subtyped
e00675,"You will pass bigelow b4 u get yo cmu, make sure u are walking in d direction of traffic on forbes avenue",legitimate,other_legit,exais,2014-05-16,auto-subtyped
e00676,OK...will start now.. When I get Bigelow will let u know,legitimate,other_legit,exais,2014-05-16,auto-subtyped
e00677,"If u are done, can u come to CMU? It's a long walk, like 15mins. You walk in d direction of traffic on Forbes. Let me know when u get here",legitimate,other_legit,exais,2014-05-16,auto-subtyped
e00678,Yes I called prof...left him a voice mail...the assistant wasn't too welcoming in the morning.,legitimate,other_legit,exais,2014-05-16,auto-subtyped
e00679,n leaving,legitimate,other_legit,exais,2014-05-16,auto-subtyped
e00680,"Tell prof or the assistant what u learnt from the orientation too. I am just at my appointment. May not be done until about 3:30, but will let u know whe",legitimate,appointment,exais,2014-05-16,auto-subtyped
e00681,Prof said the same thing..but from what I gather at the orientation getting a gold card as a research scholar shouldn't take all take process....just an apllication from the dept thats all,legitimate,other_legit,exais,2014-05-16,auto-subtyped
e00682,Yes I saw him and his assistant before going for the orientation... She said all the documents has been forwarded and that they processing it...,legitimate,other_legit,exais,2014-05-16,auto-subtyped
e00683,Did u plan to see or have seen a prof Wosu on your ID?,legitimate,other_legit,exais,2014-05-16,auto-subtyped
e00684,Would love to talk a walk around haven't done at all then stop by at the lab briefly.,legitimate,other_legit,exais,2014-05-16,auto-subtyped
e00685,Yes sir...thanks..getting a bus from wilkinsburgh was quick and direct to campus... Just finished the orientation now.,legitimate,other_legit,exais,2014-05-16,auto-subtyped
e00686,You made it ok to Pit and on time?,legitimate,other_legit,exais,2014-05-16,auto-subtyped
e00687,Are u not hungry yet?,legitimate,other_legit,exais,2014-05-15,auto-subtyped
e00688,I am.,legitimate,other_legit,exais,2014-05-15,auto-subtyped
e00689,"We can start going, let me know when u are ready",legitimate,other_legit,exais,2014-05-15,auto-subtyped
e00690,Not sure what u want to do today. I am on my way to the office,legitimate,other_legit,exais,2014-05-14,auto-subtyped
e00691,"Are u bus 67 or P67, do u know?",legitimate,other_legit,exais,2014-05-12,auto-subtyped
e00692,"Ok, it takes u to the mall. Just wait at the mall for me then but let me know of where in the mall, like the front of which store",legitimate,other_legit,exais,2014-05-12,auto-subtyped
e00693,Am in a bus 67moroeville already,legitimate,other_legit,exais,2014-05-12,auto-subtyped
e00694,"While waiting for P67, if u find P12 bus to holiday park, u should take it and let me know",legitimate,other_legit,exais,2014-05-12,auto-subtyped
e00695,It will get to monroeville and passing thru wilkinsburg,legitimate,other_legit,exais,2014-05-12,auto-subtyped
e00696,Am in bus 67 now...but it actually wrote wikinburgh not morosvielle,legitimate,other_legit,exais,2014-05-12,auto-subtyped
e00697,OK sir,legitimate,other_legit,exais,2014-05-12,auto-subtyped
e00698,"If there is any problem, let me know",legitimate,other_legit,exais,2014-05-12,auto-subtyped
e00699,"Bus 67 goes every 30mins, so u probably missed the 4:30 one. The next one is at 5pm at the junction of Forbes and Bigelow",legitimate,other_legit,exais,2014-05-12,auto-subtyped
e00700,The bus comes to Monroeville and u can call me once u get to Monroeville and I will tell u where to get off the bus,legitimate,other_legit,exais,2014-05-12,auto-subtyped
e00701,Take bus 67 on Forbes. The fare is $3.75 and u must have exact change. You can put more but driver doesn't give change,legitimate,other_legit,exais,2014-05-12,auto-subtyped
e00702,Thank you Sir. Uncle Kelly said u were coming yesterday and gave me some cheques for u. So I was expecting you.,legitimate,other_legit,exais,2014-05-08,auto-subtyped
e00703,"How are u going to church today, do u want me to pick u up or u want to attend the Wilkinsburg?",legitimate,other_legit,exais,2014-05-08,auto-subtyped
e00704,You need to come now if u are going to church with us,legitimate,other_legit,exais,2014-05-07,auto-subtyped
e00705,"Come, let's do your rebtel",legitimate,other_legit,exais,2014-05-07,auto-subtyped
e00706,Let's get ready to go home,legitimate,other_legit,exais,2014-05-06,auto-subtyped
e00707,Acct: ******0220The Naira equivalent of USD50.88 has been authorized for the transaction done on PAYLESS SHOE SOURCE KSUS,legitimate,debit_alert,exais,2014-06-14,auto-subtyped
e00708,"823 Sherwood road, forest hill, Pittsburgh PA 15221",legitimate,other_legit,exais,2014-06-02,auto-subtyped
e00709,Morning prof...checked you earlier to drop the receipts but u were not on seat yet and neither terry too. Let know when I can stop by to drop it. Do enjoy the rest of your day. Bayo,legitimate,promo_marketing,exais,2014-05-27,auto-subtyped
e00710,9.50E+14,legitimate,other_legit,exais,2014-05-14,auto-subtyped
e00711,Its adebayo am suppose to speaking with prof. Oki. Am his PhD student in US. Just wants to greet my oga that all.,legitimate,other_legit,exais,2014-05-11,auto-subtyped
e00712,Good morning sir. I'm Azeez Olatunji. CSC 400 level that missed your test when i went to kano. I'm just reminding you sir. Have a nice weekend.,legitimate,other_legit,exais,2014-05-10,auto-subtyped
e00713,"Sir, am really sorry for d late response,my phone had an issue and it was formated wish lead me to misplacement of d acct and right now i need it sir, am almost getting to the bank am really sorry for the incovinence sir.",legitimate,debit_alert,exais,2014-05-02,auto-subtyped
e00714,Adebayo 20XXXXXX87 zenith bank PLC. Email: <EMAIL>,legitimate,other_legit,exais,2014-04-18,auto-subtyped
e00715,+229 66 52 67 39 kola,legitimate,other_legit,exais,2014-03-11,auto-subtyped
e00716,Bakare sulaimon gbolahan 0907it00804,legitimate,other_legit,exais,2014-03-08,auto-subtyped
e00717,Bakare sulaimoon gbolahan...0907it00804,legitimate,other_legit,exais,2014-03-08,auto-subtyped
e00718,Bakare sulaimoon gbolahan...,legitimate,other_legit,exais,2014-03-08,auto-subtyped
e00719,Wanted to say bye...am leaving now. Regards to all. God keep u.,legitimate,other_legit,exais,2014-04-28,auto-subtyped
e00720,Do have a safe trip and may the Lord prosper your ways and surround you with favour everywhere you go. We're missing you already.,legitimate,other_legit,exais,2014-04-28,auto-subtyped
e00721,*102#,legitimate,other_legit,exais,2014-01-18,auto-subtyped
e00722,AlertZAcct:200**087DT:2/22/2014:1:41 AMSMS Notification Charge Feb 2014DR Amt:16.00Br:Head OfficeBal:327.58REF:282866148,legitimate,other_legit,exais,2014-02-22,auto-subtyped
e00723,Elijah kayode Otalor 0907IT01762,legitimate,other_legit,exais,2014-04-28,auto-subtyped
e00724,Acct name: A. ambroseAcct num: 00XXXXXX80 bank: gtb,legitimate,debit_alert,exais,2014-04-28,auto-subtyped
e00725,Adebayo 20XXXXXX87 zenith bank PLC.,legitimate,other_legit,exais,2014-04-27,auto-subtyped
e00726,Kindly send me ur cousin mat number now,legitimate,other_legit,exais,2014-04-15,auto-subtyped
e00727,Adebayo 20XXXXXX87 zenith bank PLC. Email:,legitimate,other_legit,exais,2014-04-27,auto-subtyped
e00728,Happy easter sir!,legitimate,other_legit,exais,2014-04-23,auto-subtyped
e00729,Congrats bro work hard and play hard in america. God be with you. Congratulations to the family. Ire kanka,legitimate,other_legit,exais,2014-04-27,auto-subtyped
e00730,My Oga..missed ur call in the morning was in church. am going to the US tomorrow. Just wanted to say Hi. Eku ipalemo conference. My regards to Aunty and ibeji's,legitimate,other_legit,exais,2014-04-27,auto-subtyped
e00731,Ps 37:5 Prv. 3:5-10 Prv. 16:3,legitimate,other_legit,exais,2014-04-25,auto-subtyped
e00732,"Egbon me,i cant find it, its nt with me here n no one at home in ilorin to help me check my files.im sory maybe you can ask lumee",legitimate,other_legit,exais,2014-04-25,auto-subtyped
e00733,Amen...thank you Sir.,legitimate,other_legit,exais,2014-04-25,auto-subtyped
e00734,You Çan't miss your blessings. In that land strange opportunities will Çome to you. Doors you can't imagine will open for you. You're coming back bkessed beyond your imagination IJMN. Bon voyage.,legitimate,other_legit,exais,2014-04-25,auto-subtyped
e00735,"Good morning Sir. I just made a fund transfer of 50,000 to your account. God bless you Sir.",legitimate,other_legit,exais,2014-04-25,auto-subtyped
e00736,Very well Sir...Am travelling on Monday 28th...kindly keep me in ur prayers for favour over there.,legitimate,other_legit,exais,2014-04-24,auto-subtyped
e00737,"Bode & Ikeade Maxwell.GTBank: <PHONE>. Thank you, sir.",legitimate,other_legit,exais,2014-04-24,auto-subtyped
e00738,Praise be to His glorious name. When is ur journey? We'll hopefully see next week.,legitimate,other_legit,exais,2014-04-24,auto-subtyped
e00739,"Greetings to U Sir. I want to appreciate u&d grace of God upon ur life. Ur prayers&spiritual guidance has blessed my life, family& career. I prayed to God 4 a Visa to US for a one year research visit&God has done it. Pls kindly send ur account details. Kind regards. Engr Abayomi Alli, Tech unit, LFC Obk",legitimate,other_legit,exais,2014-04-24,auto-subtyped
e00740,I checked already.the form is not out yet.,legitimate,other_legit,exais,2014-04-25,auto-subtyped
e00741,Pls Don't forget to find out about the school of nursing form for Folake. Regards.,legitimate,other_legit,exais,2014-04-25,auto-subtyped
e00742,Pls kindly find out for me the modality for obtaining admission into the sch of nursing at FMC. and when the form will be out,legitimate,other_legit,exais,2014-04-15,auto-subtyped
e00743,Check out WhatsApp Messenger for your smartphone. Download it today from <URL>,legitimate,other_legit,exais,2014-04-15,auto-subtyped
e00744,World congress on engineering and computer science. <URL>,legitimate,other_legit,exais,2014-04-24,auto-subtyped
e00745,Transfered 50k to your ECOBANK Account earlier today. It is part of the tithe from the sponsorship i was given 4my trip. God bless you & keep us in your prayers,legitimate,other_legit,exais,2014-04-24,auto-subtyped
e00746,Eco Bank. Ejigbo Lagos. Ololajulo M. Oluwafemi Saving A/C Num 27XXXXXX69,legitimate,other_legit,exais,2014-04-19,auto-subtyped
e00747,First Bank. Ikotun Lagos Ololajulo M. Oluwafemi. Current A\C Num. 20XXXXXX37,legitimate,other_legit,exais,2014-04-19,auto-subtyped
e00748,"Hellow sir, hw ar u nd ur fmly. what s d situatn now in ur office about what we pry for? Pst Ololajulo",legitimate,other_legit,exais,2014-04-16,auto-subtyped
e00749,Please call me. Improve your English vocabulary one day at a time with Today.s Word Service. Text word to 33334 at only N50 weekly.,legitimate,other_legit,exais,2014-04-24,auto-subtyped
e00750,Thank you sir,legitimate,other_legit,exais,2014-04-23,auto-subtyped
e00751,Sorry I can't take this....u can keep it but please buckle up on ur exam preparations as advised earlier. Thanks anyway.,legitimate,appointment,exais,2014-04-23,auto-subtyped
e00752,"Goodevening sir, thanks for your kind words yesterday,I appreciate you sir. pls manage these sir(<ACCT>) but my test score isn't good sir for csc 303 and csc323 now being an FNG student sir. Please sir help me out sir as I will appreciate it. Thanks a lot sir.(OYEBADE SEUN. 091675).",legitimate,debit_alert,exais,2014-04-23,auto-subtyped
e00753,The death and ressurrection of christ will be relevant in ur life. These that God will raise every dead thing in ur life in Jesus name.Amen.happi easter,legitimate,other_legit,exais,2014-04-20,auto-subtyped
e00754,08xxxxxxx48 dis s his number...,legitimate,other_legit,exais,2014-04-22,auto-subtyped
e00755,Pls send me Ifeoluwa Robert's number I need to call him they are asking for his project soft copy.,legitimate,other_legit,exais,2014-04-22,auto-subtyped
e00756,07xxxxxxx67 Bassey the furniture guy,legitimate,other_legit,exais,2014-04-22,auto-subtyped
e00757,07XXXXXXX67 ridwan,legitimate,other_legit,exais,2014-04-22,auto-subtyped
e00758,Eco bank .acct no 24XXXXXX74.acct name Abu ibidayo dolapo moshood.(current account) Thanks..,legitimate,debit_alert,exais,2014-04-22,auto-subtyped
e00759,"Network is poor, raining over here. Mr Olaleye just called.hope the network gets better so that we can chat.",legitimate,other_legit,exais,2014-04-20,auto-subtyped
e00760,Happy easter sir. Pls. no forget my Sista oh... Na two courses she write...nd dat girl no call me to find out.. oh,legitimate,other_legit,exais,2014-04-21,auto-subtyped
e00761,PT/11/0058. Thank u Sir.,legitimate,other_legit,exais,2014-04-14,auto-subtyped
e00762,Can u kindly send me ur mat no now please,legitimate,other_legit,exais,2014-04-14,auto-subtyped
e00765,Get the latest ringtone. Dial *121#,legitimate,promo_marketing,exais,2014-08-06,auto: relabelled marketing
e00767,"Dear subscriber, your current Airtel Unlimited Blackberry Monthly service expires on Tue 2 Sep,2014. To disable auto renewal, please send stopautorenew to 440",legitimate,promo_marketing,exais,2014-08-02,auto: relabelled marketing
e00768,Your Airtel BB Unlimited plan is active. Re-insert your battery.This plan is for BB devices only.Experience and charging may differ in case of other devices.,legitimate,promo_marketing,exais,2014-08-02,auto: relabelled marketing
e00769,Enjoy your share of N500 Airtime today. Call 14120 for FREE to get yours Now,legitimate,recharge,exais,2014-07-28,auto-subtyped
e00770,"Get N500 Airtime when you Call 14120 today. Hurry, It's FREE to Call",legitimate,recharge,exais,2014-07-25,auto-subtyped
e00771,Call 14120 for FREE to Enjoy Additional N500 Airtime today..,legitimate,recharge,exais,2014-07-17,auto-subtyped
e00772,"Dear Subscriber, your subscription to Airtel BlackBerry BES service will expire in 7 day(s). Please reload your line with N1500 by Mon 21 Jul,2014",legitimate,other_legit,exais,2014-07-17,auto-subtyped
e00773,"Dear subscriber, your current Airtel Unlimited Blackberry Monthly service expires on Thu 14 Aug,2014. To disable auto renewal, please send stopautorenew to 440",legitimate,other_legit,exais,2014-07-14,auto-subtyped
e00774,We have N500 Airtime up for GRABS!!! Call 14120 for FREE to get yours Now,legitimate,recharge,exais,2014-07-08,auto-subtyped
e00775,Thank you for calling Airtel. To get your special offer the day. Call 1414,legitimate,promo_marketing,exais,2014-07-08,auto-subtyped
e00776,Don't let your account balance run LOW!!! Call 14120 for FREE to get your AIRTIME today...,legitimate,recharge,exais,2014-07-07,auto-subtyped
e00777,Don't wait for your account balance to run LOW!!! Call 14120 for FREE to get More Airtime...Anytime,legitimate,recharge,exais,2014-07-06,auto-subtyped
e00778,Call 14120 now for FREE to ENJOY more talktime...#TGIF,legitimate,promo_marketing,exais,2014-07-03,auto-subtyped
e00779,"Dear Customer, make calls within Brazil & back home for as low as N60 with your Airtel line when you roam on Claro Brazil, also available data @ just N1/10kb",legitimate,other_legit,exais,2014-07-03,auto-subtyped
e00780,Enjoy more Airtime on your Mobile phone today. Dial 14120 to get started NOW...,legitimate,recharge,exais,2014-07-02,auto-subtyped
e00781,"Dial *828# now to get the latest football world cup videos at N5 only!! To start browsing, just click on bit.ly/1lRRBtB (No data charges apply!)",legitimate,promo_marketing,exais,2014-06-24,auto-subtyped
e00782,"Dear subscriber, your current Airtel Unlimited Blackberry Monthly service expires on Mon 21 Jul,2014. To disable auto renewal, please send stopautorenew to 440",legitimate,other_legit,exais,2014-06-20,auto-subtyped
e00783,Turn-Up your Day with Caller-Tunes. Call 1418 now to get the Party Started!,legitimate,other_legit,exais,2014-06-20,auto-subtyped
e00784,"Your favourite BlackBerry Monthly Bundle is still available at N1,500 providing you with 2GB worth of data allowance valid for 30 days! Dial *440*16# to ENJOY!",legitimate,promo_marketing,exais,2014-06-11,auto-subtyped
e00785,"Download videos of latest fashion trends, health and travel tips for N5! Dial *828# to subscribe or click on bit.ly/1lRRBtB to browse. No data charges apply!",legitimate,promo_marketing,exais,2014-06-10,auto-subtyped
e00786,"Dear subscriber, your current Airtel Unlimited Blackberry Monthly service expires on Wed 9 Jul,2014. To disable auto renewal, please send stopautorenew to 440",legitimate,other_legit,exais,2014-06-08,auto-subtyped
e00787,"Download the latest Nollywood videos and gossip at N5 only!! Dial *828# to subscribe or to start browsing, just click on bit.ly/1lRRBtB.",legitimate,promo_marketing,exais,2014-06-04,auto-subtyped
e00788,"Dear Customer you have used 100% of your credit. Kindly load recharge to make call. If you are a prepaid customer, dial *500# to borrow from Extra Credit.",legitimate,credit_alert,exais,2014-05-24,auto-subtyped
e00789,"Dear subscriber, your current Airtel Unlimited Blackberry Monthly service expires on Mon 23 Jun,2014. To disable auto renewal, please send stopautorenew to 440",legitimate,other_legit,exais,2014-05-23,auto-subtyped
e00790,"Download and dance to the videos of Aye, Yawa Dey and more at N5 only!! Dial *828# or to start browsing, just click on bit.ly/1lRRBtB (No data charges apply!)",legitimate,promo_marketing,exais,2014-05-22,auto-subtyped
e00791,Dial *678*15# to keep yourself up to date with the latest happenings,legitimate,promo_marketing,exais,2014-05-19,auto-subtyped
e00792,"Download the latest Nollywood videos and gossip at N5 only!! Dial *828# or to start browsing, just click on bit.ly/1lRRBtB (No data charges apply!)",legitimate,promo_marketing,exais,2014-05-16,auto-subtyped
e00793,"Download videos of Jaiye Jaiye, Skelewu and more Naija songs for N5 only! Dial *828# or to start browsing, just click on bit.ly/1lRRBtB (No data charges apply!)",legitimate,promo_marketing,exais,2014-05-13,auto-subtyped
e00794,"Dear subscriber, your current Airtel Unlimited Blackberry Monthly service expires on Tue 10 Jun,2014. To disable auto renewal, please send stopautorenew to 440",legitimate,other_legit,exais,2014-05-11,auto-subtyped
e00795,"Get all the data you need with the NEW Android Bundle. Dial *437# for the 2GB bundle at just N2000, valid for 30 days. Dial *223# to check balance",legitimate,promo_marketing,exais,2014-08-06,auto-subtyped
e00796,"The NEW Android Bundle...guaranteed to make you COME ALIVE! Dial *437# for the 2GB bundle at just N2000, valid for 30 days. Dial *223# to check balance",legitimate,promo_marketing,exais,2014-08-04,auto-subtyped
e00797,"Dear Customer,get 25% bonus on ALL recharge of N100 & above this week. This bonus is valid for Airtel-Airtel call for 3 days. Call 141 for more details",legitimate,recharge,exais,2014-07-04,auto-subtyped
e00798,"Get live action and match highlights from Brazil, Free for one day on all recharges starting N100. Start recharging now!",legitimate,other_legit,exais,2014-06-19,auto-subtyped
e00799,"Dear customer, you have been credited with 25% bonus for Airtel-to-Airtel calls. Bonus valid for 3 days",legitimate,other_legit,exais,2014-05-11,auto-subtyped
e00800,for the discount.,legitimate,promo_marketing,exais,2014-08-06,auto-subtyped
e00801,"Dear Subscriber,Congratulations!You can now call at HALF price to all networks in 9ja for the rest of today.Your spend today qualified you",legitimate,other_legit,exais,2014-08-06,auto-subtyped
e00802,"Dear Customer,your unused 15 MB data plan has expired on 2014-08-06.Please recharge your account to continue to enjoy the service.",legitimate,recharge,exais,2014-08-05,auto-subtyped
e00803,"Dear Customer,you have 19 free SMS to etisalat numbers. 10 free MMS to all etisalat lines. 15.00 MB data.",legitimate,other_legit,exais,2014-08-05,auto-subtyped
e00804,"Dear Customer,your 15 MB data balance will expire on 2014-08-06.Please make use of it before the expiry date.",legitimate,other_legit,exais,2014-08-04,auto-subtyped
e00805,"5 MB free data valid till 2014-08-12,you have 10 MB free data valid till 2014-08-12,Thank you.",legitimate,other_legit,exais,2014-08-04,auto-subtyped
e00806,"Dear Customer you recharged 200.00 naira and you have been rewarded with 200.00 naira for national calls.For recharging this week,you have",legitimate,other_legit,exais,2014-08-04,auto-subtyped
e00807,networks in 9ja .,legitimate,other_legit,exais,2014-08-03,auto-subtyped
e00808,"Dear Subscriber,You are almost there!Ur cumulative daily usage is N 21.60,Use additional N 3.40 to start calling at HALF price to all",legitimate,other_legit,exais,2014-08-03,auto-subtyped
e00809,"Dear Subscriber,You are almost there!Ur cumulative daily usage is N 11.20,Use additional N 13.80 to start calling at HALF price to all",legitimate,other_legit,exais,2014-07-31,auto-subtyped
e00810,"Dear Customer,your unused 15 MB data plan has expired on 2014-08-01.Please recharge your account to continue to enjoy the service.",legitimate,recharge,exais,2014-07-31,auto-subtyped
e00811,"Dear Subscriber,You are almost there!Ur cumulative daily usage is N 10.00,Use additional N 15.00 to start calling at HALF price to all",legitimate,other_legit,exais,2014-07-29,auto-subtyped
e00812,"Dear Customer,your 15 MB data balance will expire on 2014-08-01.Please make use of it before the expiry date.",legitimate,other_legit,exais,2014-07-29,auto-subtyped
e00813,"Dear Subscriber,You are almost there!Ur cumulative daily usage is N 15.70,Use additional N 9.30 to start calling at HALF price to all",legitimate,other_legit,exais,2014-07-27,auto-subtyped
e00814,Dear Customer you recharged 100.00 naira and you have been rewarded with 50.00 naira for national calls.,legitimate,other_legit,exais,2014-07-26,auto-subtyped
e00815,"Dear Customer,your 15 MB data balance will expire on 2014-07-03.Please make use of it before the expiry date.",legitimate,other_legit,exais,2014-06-29,auto-subtyped
e00816,You GET INSTANT Double on ALL YOUR Recharges of N200 and Above to call all networks in 9ja. Bonus Valid for 7 days,legitimate,other_legit,exais,2014-06-23,auto-subtyped
e00817,Double Your Recharge Promo is Back! Recharge N200 & above and get double to call all Networks in 9ja. Bonus is valid for 7 days,legitimate,recharge,exais,2014-06-18,auto-subtyped
e00818,"Dear Subscriber,You are almost there!Ur cumulative daily usage is N 18.00,Use additional N 7.00 to start calling at HALF price to all",legitimate,other_legit,exais,2014-05-25,auto-subtyped
e00819,"Dear Customer,your unused 15 MB data plan has expired on 2014-05-26.Please recharge your account to continue to enjoy the service.",legitimate,recharge,exais,2014-05-25,auto-subtyped
e00820,.kindly text 'Plan' to 303 for information on additional bundle or call 700 for more information.,legitimate,other_legit,exais,2014-04-25,auto-subtyped
e00821,You have used up your Monthly Internet Plan.Browsing now costs 5k per kb.Auto renewal applies at validity.Text help to 229 for more info,legitimate,other_legit,exais,2014-04-25,auto-subtyped
e00822,"Dear subscriber,your remaining data balance is 50 MB.To buy additional plan,text HELP to 229 for info.Thank you!.",legitimate,other_legit,exais,2014-04-24,auto-subtyped
e00823,"Dear subscriber,your remaining data balance is 100 MB.To buy additional plan,text HELP to 229 for info.Thank you!.",legitimate,other_legit,exais,2014-04-22,auto-subtyped
e00824,"Dear Customer,you have 8 free SMS to etisalat numbers. 78 seconds free airtime.",legitimate,recharge,exais,2014-04-19,auto-subtyped
e00825,Your main data balance as at 2014-04-16 20:13 is 649 MB valid till 2014-05-13.Dial *229*0# to stop auto-renewal.Enjoy 100%extra data between 1AM &5AM for 7days.Text ON to 229 @N100.,legitimate,promo_marketing,exais,2014-04-16,auto-subtyped
e00826,kindly text 'Plan' to 303 for information on additional bundle or call 700 for more information.,legitimate,other_legit,exais,2014-04-12,auto-subtyped
e00827,"Dear customer,you are on the Monthly data plan.Your balance as at 2014-04-12 21:19 is 10 MB valid till 2014-04-19.Text HELP to 229 for more information.Your main data balance as at 2014-04-12 21:19 is 2 MB valid till 2014-04-27.Dial *229*0# to stop auto-renewal.Enjoy 100%extra data between 1AM &5AM for 7days.Text ON to 229 @N100.",legitimate,recharge,exais,2014-04-12,auto-subtyped
e00828,"Dear Customer,you have 8 free SMS to etisalat numbers. 10 free MMS to all etisalat lines. 9.92 MB data.",legitimate,other_legit,exais,2014-04-12,auto-subtyped
e00829,"Dear customer,you are on the Monthly data plan.Your balance as at 2014-04-12 21:17 is 10 MB valid till 2014-04-19.Text HELP to 229 for more information.Your main data balance as at 2014-04-12 21:17 is 2 MB valid till 2014-04-27.Dial *229*0# to stop auto-renewal.Enjoy 100%extra data between 1AM &5AM for 7days.Text ON to 229 @N100.",legitimate,recharge,exais,2014-04-12,auto-subtyped
e00830,"Dear Customer,your remaining Easynet Fixed plan is 10 MB.Please,buy additional data to continue enjoying the service or send help to 229. .",legitimate,other_legit,exais,2014-04-12,auto-subtyped
e00831,Dear Customer you recharged 1000.00 naira and you have been rewarded with 1000.00 naira for national calls.,legitimate,other_legit,exais,2014-04-12,auto-subtyped
e00832,"Dear Customer,you have 8 free SMS to etisalat numbers. 60 seconds free airtime.",legitimate,promo_marketing,exais,2014-04-08,auto: relabelled marketing
e00833,"You have used up your internet Bundle,Browsing now costs 5k per kb.Auto renewal applies at validity.Text help to 229 for more info.",legitimate,promo_marketing,exais,2014-04-07,auto: relabelled marketing
e00836,"Dear subscriber,your remaining data balance is 10 MB.To buy additional plan,text HELP to 229 for info.Thank you!.",legitimate,promo_marketing,exais,2014-04-07,auto: relabelled marketing
e00837,"Dear Customer,you have 8 free SMS to etisalat numbers. 10 free MMS to all etisalat lines.",legitimate,promo_marketing,exais,2014-04-02,auto: relabelled marketing
e00838,"Hello, Your request to buy 500MB weekly data plan was successful.Automatic renewal applies and unused data will rollover",legitimate,recharge,exais,2014-03-27,auto-subtyped
e00839,"Dear customer,you are on the Monthly data plan.Your balance as at 2014-03-27 21:11 is 15 MB valid till 2014-04-03.Text HELP to 229 for more information.Your main data balance as at 2014-03-27 21:11 is 650 MB valid till 2014-04-27.Dial *229*0# to stop auto-renewal.Enjoy 100%extra data between 1AM &5AM for 7days.Text ON to 229 @N100.",legitimate,recharge,exais,2014-03-27,auto-subtyped
e00840,Dear Customer you recharged 100.00 naira and you have been rewarded with 50.00 naira for national calls,legitimate,other_legit,exais,2014-03-27,auto-subtyped
e00841,Dear Customer you recharged 200.00 naira and you have been rewarded with 200.00 naira for national calls,legitimate,other_legit,exais,2014-03-27,auto-subtyped
e00842,"5 MB free data valid till 2014-04-03,you have 10 MB free data valid till 2014-04-03,Thank you.",legitimate,promo_marketing,exais,2014-03-27,auto: relabelled marketing
e00844,"Dear Customer,you have 2 free SMS to etisalat numbers. 60 seconds free airtime.",legitimate,promo_marketing,exais,2014-03-26,auto: relabelled marketing
e00846,You have used up your Monthly Internet Plan.Browsing now costs 5k per kb.Auto renewal applies at validity.Text help to 229 for more info.,legitimate,other_legit,exais,2014-03-20,auto-subtyped
e00848,"Hello, Your request to buy 200MB weekly data plan was successful.Automatic renewal applies and unused data will rollover",legitimate,promo_marketing,exais,2014-03-19,auto: relabelled marketing
e00849,you are on the Monthly data plan.Your balance as at 2014-03-19 17:57 is 15 MB valid till 2014-03-26.Text HELP to 229 for more information.Your main data balance as at 2014-03-19 17:57 is 260 MB valid till 2014-04-19.Dial *229*0# to stop auto-renewal.Enjoy 100%extra data between 1AM &5AM for 7days.Text ON to 229 @N100.,legitimate,promo_marketing,exais,2014-03-19,auto: relabelled marketing
e00850,you are on the Monthly data plan.Your balance as at 2014-03-19 17:52 is 15 MB valid till 2014-03-26.Text HELP to 229 for more information.Your main data balance as at 2014-03-19 17:52 is 260 MB valid till 2014-04-19.Dial *229*0# to stop auto-renewal.Enjoy 100%extra data between 1AM &5AM for 7days.Text ON to 229 @N100.,legitimate,promo_marketing,exais,2014-03-19,auto: relabelled marketing
e00852,"have 5 MB free data valid till 2014-03-26,you have 10 MB free data valid till 2014-03-26,Thank you.",legitimate,promo_marketing,exais,2014-03-19,auto: relabelled marketing
e00859,"recharging this week,you have 5 MB free data valid till 2014-03-15,Thank you.",legitimate,promo_marketing,exais,2014-03-08,auto: relabelled marketing
e00860,Dear Customer you recharged 100.00 naira and you have been rewarded with 50.00 Naira for national calls.Thanks for using Etisalat.For,legitimate,promo_marketing,exais,2014-03-08,auto: relabelled marketing
e00861,"Dear Customer,you have 2 free SMS to etisalat numbers. 10 free MMS to all etisalat lines.",legitimate,promo_marketing,exais,2014-03-02,auto: relabelled marketing
e00862,Your request is successful. You are on 500MB data plan. Dial *229*1# @ N100 and enjoy extra data between 1AM to 5AM for 7days.,legitimate,promo_marketing,exais,2014-02-28,auto: relabelled marketing
e00863,"Dear Customer, you have successfully opted out of 500MB Data plan. Text help to 229 for more purchase info",legitimate,promo_marketing,exais,2014-02-28,auto: relabelled marketing
e00865,"Dear customer,you are on the Monthly data plan.Your balance as at 2014-02-28 13:7 is 15 MB valid till 2014-03-07.Text HELP to 229 for more",legitimate,promo_marketing,exais,2014-02-28,auto: relabelled marketing
e00866,information.Your main data balance as at 2014-02-28 13:7 is 650 MB valid till 2014-03-31.Dial *229*0# to stop auto-renewal.Enjoy 100%extra,legitimate,promo_marketing,exais,2014-02-28,auto: relabelled marketing
e00867,"Dear Customer,you have 2 free SMS to etisalat numbers. 10 free MMS to all etisalat lines. 15.00 MB data.",legitimate,promo_marketing,exais,2014-02-28,auto: relabelled marketing
e00868,Dear Customer you recharged 1000.00 naira and you have been rewarded with 1000.00 Naira.Thanks for using Etisalat.,legitimate,promo_marketing,exais,2014-02-28,auto: relabelled marketing
e00869,",you have 5 MB free data valid till 2014-03-07,you have 10 MB free data valid till 2014-03-07,Thank you.",legitimate,promo_marketing,exais,2014-02-28,auto: relabelled marketing
e00871,"more info on available data plans.You have used up your internet Bundle,Browsing now costs 5k per kb.Auto renewal applies at validity.Text",legitimate,promo_marketing,exais,2014-02-22,auto: relabelled marketing
e00872,Your balance of Recharged Data Account is lower than 10 MB.,legitimate,promo_marketing,exais,2014-02-21,auto: relabelled marketing
e00873,Your balance of Recharged Data Account is lower than 50 MB.,legitimate,promo_marketing,exais,2014-02-20,auto: relabelled marketing
e00874,Your balance of Recharged Data Account is lower than 100 MB.,legitimate,promo_marketing,exais,2014-02-18,auto: relabelled marketing
e00875,"Dear Customer,you have 2 free SMS to etisalat numbers. 10 free MMS to all etisalat lines. 12.89 MB data. 60 seconds free airtime.",legitimate,promo_marketing,exais,2014-01-09,auto: relabelled marketing
e00876,"Dear Customer,you have 2 free SMS to etisalat numbers. 10 free MMS to all etisalat lines. 15.00 MB data. 60 seconds free airtime.",legitimate,promo_marketing,exais,2014-01-09,auto: relabelled marketing
e00877,",you have 5 MB free data valid till 2014-01-16,you have 10 MB free data valid till 2014-01-16,Thank you.",legitimate,promo_marketing,exais,2014-01-09,auto: relabelled marketing
e00878,Dear Customer you recharged 2000.00 naira and you have been rewarded with 2000.00 Naira.Thanks for using Etisalat.For recharging this week,legitimate,promo_marketing,exais,2014-01-09,auto: relabelled marketing
e00879,Congratulations!You can now call at HALF price to all networks in 9ja for the rest of today.Your spend today qualified you for the discount.,scam,promo_win,exais,2014-01-03,auto: fraud
e00884,"Become Nigeria's next multi-millionaire! N100M cash, cars & other prizes could be yours in the Centenary Lottery! Text CWC to 35777 on ur Airtel line! N100/SMS",legitimate,promo_marketing,exais,2014-07-15,auto: relabelled marketing
e00887,"Dear Customer,your 15 MB data balance will expire on 2014-07-18.Please make use of it before the expiry date.",legitimate,promo_marketing,exais,2014-07-16,auto: relabelled marketing
e00888,Free Calls Today! Get 100% Bonus on Your Recharges of N200 & Above to Call All Networks & 50% bonus On Recharges Below N200.Valid/7days,legitimate,promo_marketing,exais,2014-07-06,auto: relabelled marketing
e00889,"5 MB free data valid till 2014-07-03,you have 10 MB free data valid till 2014-07-03,Thank you.",legitimate,promo_marketing,exais,2014-06-25,auto: relabelled marketing
e00891,"Enjoy 1 month Free Life & Accident insurance cover worth N100,000! Just dial *48433# to register or Send HELP to 48433 for more info. Powered by Etisalat and FB",legitimate,promo_marketing,exais,2014-06-06,auto: relabelled marketing
e00892,"Fantastic roaming offer in Brazil on etisalat. Roam on vivo, Call 9ja &make local calls @N200/min, browse @ N1 /10KB & SMS@N60. Valid till July 31st 2014.",legitimate,promo_marketing,exais,2014-06-02,auto: relabelled marketing
e00894,Free Browsing on Easy Cliq! Recharge N100 Now and Get 5MB FREE to Browse Your Favorite Sites From Your etisalat Line. Recharge Another N100 and Get 10MB MOR,legitimate,promo_marketing,exais,2014-04-29,auto: relabelled marketing
e00895,April 25th is World Malaria Day. Use a treated mosquito net and create a Malaria-Free Nigeria. Play Your Part! Proudly supported by Etisalat.,legitimate,promo_marketing,exais,2014-04-28,auto: relabelled marketing
e00896,"Recharge N4,0, Dial *344*4000# & Get N12,500 to call ALL Networks",legitimate,promo_marketing,exais,2014-03-01,auto: relabelled marketing
e00897,Dear Customer you recharged 1000.00 naira and you have been rewarded with 1000.00 Naira.Thanks for using Etisalat.For recharging this week,legitimate,promo_marketing,exais,2014-02-28,auto: relabelled marketing
e00899,Free Browsing on Easy Cliq! Recharge N100 Now and Get 5MB FREE to Browse Your Favorite Sites From Your etisalat Line. Recharge Another N100 and Get 10MB MORE,legitimate,promo_marketing,exais,2014-02-21,auto: relabelled marketing
e00900,"Dear Customer,You are unable to renew your 500MB data plan.Recharge your account and text HELP to 229 for more information.",legitimate,promo_marketing,exais,2014-02-11,auto: relabelled marketing
e00901,Browse for FREE on Easy Cliq Get 15MB FREE this week only on easy cliq! Recharge N200 now and start browsing on all your favorite sites from your etisalat line,legitimate,promo_marketing,exais,2014-02-10,auto: relabelled marketing
e00902,"For recharging this week,you have 5 MB free data valid till 2014-02-15,you have 10 MB free data valid till 2014-02-15,Thank you.",legitimate,promo_marketing,exais,2014-02-08,auto: relabelled marketing
e00903,"Free Browsing on Easy Cliq! Recharge N100 Now and Get 5MB FREE to Browse Your Favorite Sites From Your etisalat Line. Recharge Another N100 and Get 10MB MORE,,,, Browse & SMS PLUS 100% Bonus Data when You buy 1.5GB Data Plan & Above. Valid/30days",legitimate,promo_marketing,exais,2014-01-22,auto: relabelled marketing
e00904,"Dear subscriber,your remaining data balance is 100 MB.To buy additional plan,text HELP to 229 for info.Thank you!.,, Browse & SMS PLUS 100% Bonus Data when You buy 1.5GB Data Plan & Above. Valid/30days",legitimate,promo_marketing,exais,2014-01-20,auto: relabelled marketing
e00906,"Welcome to Etisalat! Register your SIM to enjoy the best value on calls, fast internet service and more. Dial 200 to activate your SIM",legitimate,promo_marketing,exais,2014-01-09,auto: relabelled marketing
e00907,"Dear Customer, please ignore any Call or SMS that implies you won an amount of money in a promo with a Tic No. These messages are fraudulent & not from Etisalat",legitimate,promo_marketing,exais,2014-01-08,auto: relabelled marketing
e00909,Free Browsing on Easy Cliq! Recharge N100 Now and Get 5MB FREE to Browse Your Favorite Sites From Your etisalat Line. Recharge Another N100 and Get 10,legitimate,promo_marketing,exais,2013-12-30,auto: relabelled marketing
e00911,"Dear Customer,you have 10 free MMS to all etisalat lines.",legitimate,promo_marketing,exais,2013-12-18,auto: relabelled marketing
e00912,Main bal: N 0.00; promo: N 100.00; Main5: N 1000.00;Excite Your Callers with Turn Up by Olamide. Text 50231 to 251@ N50/Tune. N50 Activation,legitimate,debit_alert,exais,2013-12-18,auto: relabelled bank alert
e00917,Good morning sir. Hope you had a lovely night. Jst to notify you that the interview is by 8am. Thanks,legitimate,other_legit,exais,2014-07-29,auto-subtyped
e00918,<EMAIL>,legitimate,other_legit,exais,2014-05-02,auto-subtyped
e00919,Call mi back if u have credit or send pls call mi if u dont,legitimate,credit_alert,exais,2014-07-28,auto-subtyped
e00920,Pls send d guys number. Bt dat not d way am supposed to b treated.,legitimate,other_legit,exais,2014-07-20,auto-subtyped
e00922,Happy Eld-el-fltr ma. Hope I got it this time. I had a fall on the stairs. I wouldn't be able to make it down today. Will talk when we see.,legitimate,other_legit,exais,2014-07-27,auto-subtyped
e00923,(08XXXXXX00) (08XXXXXX07) His name... Kojusola Tunde,legitimate,other_legit,exais,2014-07-27,auto-subtyped
e00927,Shakira becomes 1st person ever to reach 100million likes on Facebook.For more news Text ENT to 38547 & get News 7Days free.Service will auto-renew N50/7days,legitimate,promo_marketing,exais,2014-07-24,auto: relabelled marketing
e00930,P-Square to work with Jermaine Jackson on their 6th studio album.For more news Text NAIJA to 38547 & get NEWS 3Days free.Service will auto-renew N50/7days.,legitimate,promo_marketing,exais,2014-07-24,auto: relabelled marketing
e00931,FREE FOR 5 DAYS! Get all football club's transfer news alerts as it happens in your favourite club.Text TRA to 38400. Service will auto-renew N50/5days.,legitimate,promo_marketing,exais,2014-07-23,auto: relabelled marketing
e00932,"France Vs Germany 5PM, Brazil Vs Colombia 9PM,Text WC to 38400 and get world cup fixtures 3 Days free.Service will auto-renew N50/3days.",legitimate,promo_marketing,exais,2014-07-06,auto: relabelled marketing
e00933,"France Vs Germany 5PM, Brazil Vs Colombia 9PM,Text PIDGIN to 38400 & get world cup fixtures 3 Days free.Service go auto-renew N50/3days.",legitimate,promo_marketing,exais,2014-07-06,auto: relabelled marketing
e00936,Thank you.,legitimate,other_legit,exais,2014-07-25,auto-subtyped
e00937,"Am vry sorry dat this is coming rather late. I had thought that we will b able to meet 1 on 1. I am extremely shocked and sorry to hear dat my beloved uncle has passed on. Although no word can really help to ease the loss we experience. But I know that Heaven is a place nearby, so no need saying goodbye to him, cos I knw we will meet to part no more. Tobi Adeneye",legitimate,other_legit,exais,2014-07-25,auto-subtyped
e00938,"Get Free Advice On HIV & Related Health Issues, call 6222 now absolutely free! Powered By The Network That Cares, Etisalat",legitimate,promo_marketing,exais,2014-06-24,auto: relabelled marketing
e00939,Up Super Eagles! Etisalat Easytunez Service is FREE for 30days! Text GOAL to 251 for Free Activation & Get a List of FREE Super Eagles Ring Back Tunes,legitimate,promo_marketing,exais,2014-06-19,auto: relabelled marketing
e00941,"Be the first to know the current trends on fashion, lifestyle, entertainment and much more. Simply dial *523#. Service cost N50 weekly",legitimate,promo_marketing,exais,2014-07-24,auto: relabelled marketing
e00943,"Make Calls for Free Today! You Get 100% Bonus on Your Recharges of N200 & Above to Call All Networks & 50% bonus On Recharges Below N200.Valid/7days ,,,,Text WC to and get 3 Days free",legitimate,promo_marketing,exais,2014-07-15,auto: relabelled marketing
e00944,The email address is <EMAIL> Bola Adeneye,legitimate,other_legit,exais,2014-07-14,auto-subtyped
e00945,Congratulations! <PHONE> is one of the few lucky who can access our exclusive Famous Quotes service! To get started call *585*4*1# now! N20/day.,scam,promo_win,exais,2014-07-07,auto: fraud
e00946,"A pleasant evening sir, hope your day was splendid. I want to appreciate you for the help you gave to us this morning. Thank you sir. God bless you.",legitimate,other_legit,exais,2014-07-06,auto-subtyped
e00947,"I THINK I HAVE IT ON MY PHONE, LET ME SEND THAT TO YOU. BUT CHANGE THE NAME",legitimate,other_legit,exais,2014-07-06,auto-subtyped
e00948,Acct name: ADENEYE OLUWATOBI A.acct no. : 20XXXXXX07Bank: FIRST BANK,legitimate,debit_alert,exais,2014-03-28,auto-subtyped
e00950,Etisalat Easytunez is FREE for 30days now! Text free to 251 for Free Activation & get a list of Free hot Tunes. Or text 2 to 251 for Aye by Davido for free,legitimate,promo_marketing,exais,2014-06-30,auto: relabelled marketing
e00965,"Dear Customer, you have successfully been unsubscribed from EasyTunez. You can subscribe again by sending RBTON to 251.,,,,txt STOP to Opt-Out.Service will auto-renew N50/3days.",legitimate,promo_marketing,exais,2014-03-22,auto: relabelled marketing
e00988,Get Live action and match updates from Brasil on Airtel Football service. Dial *244*8# to get started. Service cost N10 daily,legitimate,promo_marketing,exais,2014-06-13,auto: relabelled marketing
e00989,Pls am still waiting for ur email address,legitimate,other_legit,exais,2014-06-10,auto-subtyped
e00990,Its tobi,legitimate,other_legit,exais,2014-06-05,auto-subtyped
e00991,"Hello uncle mi, bin tryn to reach u bt wsnt goin tru. Jst tryn 2 remind u abt d moni sir.",legitimate,other_legit,exais,2014-06-05,auto-subtyped
e00992,"Name: ADENEYE Oluwatobi AdewaleBiodata: Nationality- nigerian; State of origin- Ogun state; Age: 26 yearsDegrees: B.sc computer science, M.sc computer science. D full details is on my cv sent to ur mail.",legitimate,other_legit,exais,2014-06-05,auto-subtyped
e00994,Send YES to 7804! Bonus service available for 09XXXXXXX21: you can get 7 FREE days of Wellness SMS & then N100/week. Text YES to 7804 at no cost!,legitimate,promo_marketing,exais,2014-04-09,auto: relabelled marketing
e00996,"You've won 7 FREE days of ""Wellness"" SMS & then N100/week! Lucky ones only: <PHONE> is the winner! To receive it, text YES to 7804 now at no cost!",scam,promo_win,exais,2014-02-16,auto: fraud
e00999,Never run out of airtime! Dial *500# to subscribe for automatic credit.,legitimate,promo_marketing,exais,2014-05-29,auto: relabelled marketing
e01000,Never run out of Airtime. Dial *500# to subscribe for automatic credit.,legitimate,promo_marketing,exais,2014-05-28,auto: relabelled marketing
e01003,"Take care of your body. It's the only place you have to live! Get daily health tips from Etisalat. To ENJOY 3 days FREE, SMS FREE to 4949. Service costs N10",legitimate,promo_marketing,exais,2014-02-05,auto: relabelled marketing
e01007,"Believe In Yourself,Your Hard Work And The Efforts You HavePut-In.Success Will Be Yours In The End.You Will Pass Flying Colors. Amen",legitimate,other_legit,exais,2014-05-02,auto-subtyped
e01008,1.24E+14,legitimate,other_legit,exais,2014-01-02,auto-subtyped
e01009,"Congratulations, your handset has been configured! To enjoy internet browsing with 10MB data bundle plan for N100 only, dial 14154",scam,promo_win,exais,2014-04-14,auto: fraud
e01010,"Welcome to our network, you will receive service configuration messages soon. Please save each that you receive so that you can browse Internet, send multimedia messages, etc. Use 0000 as PIN code if requested. Should you need to configure your handset later on",scam,otp_harvest,exais,2012-01-01,auto: fraud
e01011,From tobi blessing's frd,legitimate,other_legit,exais,2014-04-01,auto-subtyped
e01012,"Always look forward towards your future. Fill your eyes andheart with motivation, Push yourself and boosts your capabilities to achieve what youwant, May you will gain confidence and believe in what you do, Wish you a happy Month., text SPORTS to 30327.",legitimate,other_legit,exais,2014-04-01,auto-subtyped
e01013,My bbm pin : 7424A0A2,legitimate,other_legit,exais,2014-03-30,auto-subtyped
e01017,<EMAIL>; <EMAIL>,legitimate,other_legit,exais,2014-03-11,auto-subtyped
e01018,708XXXXXX33,legitimate,other_legit,exais,2014-01-16,auto-subtyped
e01019,"80XXXXXX96,,,, please send internet",legitimate,other_legit,exais,2014-01-14,auto-subtyped
e01020,Text to 229: 'SMART' for smartphone plans; 'MONTHLY' for monthly plans; 'MOBILE' for daily & weekly plans; 'fb' for facebook plans; 'OM' for Opera Mini plans,legitimate,promo_marketing,exais,2014-01-08,auto: relabelled marketing
e01021,Happy new year daddy. U will live to see more years in good health and prosperity. U will reap fruits of ur labour,legitimate,other_legit,exais,2014-01-01,auto-subtyped
e01025,"Dear Customer, as a G-BAM customer, you have received FREE 5Mb for browsing. Browse and enjoy the best calling rates on G-Bam. Enjoy!",legitimate,promo_marketing,exais,2014-08-08,auto: relabelled marketing
e01029,"Y'ello! Get fast, easy, reliable and unlimited WiFi access in hotspots around the world with MTN WiFi app. Click here to download the App: <URL>",legitimate,promo_marketing,exais,2014-08-04,auto: relabelled marketing
e01031,"Stream the latest video,Dorobucci by the Marvin Crew FOR FREE on MTN Music+.Sms MUSIC to 5900 or click <URL> & get FREE 1 month subscription&150MB",legitimate,promo_marketing,exais,2014-08-02,auto: relabelled marketing
e01032,Acct name adejola Afeez olakunle. acct number 01XXXXXX99 and bank name is gt bank,legitimate,debit_alert,exais,2014-08-06,auto-subtyped
e01037,"Y'ello ,you have been charged N50.00 and your callertunez service has been extended to 2014-09-01 successfully. Reply TOP5 or""#SongName"" to search tunez. For more info, text HELP to 4100",legitimate,promo_marketing,exais,2014-08-03,auto: relabelled marketing
e01038,Sorry i went to d mosque dis is jubril mtn no 0813 940 7909,legitimate,other_legit,exais,2014-08-02,auto-subtyped
e01041,"Assalam aleikum may Allah, accept what ever little we did during this month & make us of those who have been saved from the fire of He'll, and count among the dwellers of paradise. Have a blessed day... Wishing u Eid Mubarak.sorry twas late, been busy",legitimate,other_legit,exais,2014-07-27,auto-subtyped
e01042,"Please call me back. Get discounted products like Electronics, Gadgets, Clothes, Travel tickets etc, sms Menu to 2220. N100/Month.",legitimate,other_legit,exais,2014-06-24,auto-subtyped
e01043,Take yaba bus & drop at Jibowo. From Jibowo take keke to unilag junction. U will see Tonia school beside it is London Business Academy(glass house)ask for me,legitimate,other_legit,exais,2014-07-19,auto-subtyped
e01044,Gud evening ma I have a flat battery since yesterday and have been busy since I charge my fone in sch tolu's no is 070XXXXXX43,legitimate,other_legit,exais,2014-07-16,auto-subtyped
e01046,Wen u get to lafenwa or ita oshin take camp cab wen u get to camp cross to d oda side going to Unaab den call me,legitimate,other_legit,exais,2014-07-14,auto-subtyped
e01048,"Do you know you can get N1,000 in the Diamond mobile App activate & win promo? Simply download and use the Mobile App. For enquiries, call <PHONE>",legitimate,promo_marketing,exais,2014-07-08,auto-subtyped
e01049,"Dear Customer, never disclose your banking password, username and PIN to anyone by email, phone or in person. For enquiries please call <PHONE> or SMS 30811",legitimate,other_legit,exais,2014-07-06,auto-subtyped
e01050,"Due to system maintenance, our service channels will be UNAVAILABLE from 5pm 04/07- 7am 07/07 2014. For open services, visit diamondbank.com or call <PHONE>",legitimate,other_legit,exais,2014-07-04,auto-subtyped
e01051,"Dear TOSIN, Fund your account and win N1000 when you download and carry out a transaction with the Diamond Mobile App. For enquiries call <PHONE>",legitimate,other_legit,exais,2014-06-13,auto-subtyped
e01052,"Dear TOSIN RASHEED AGBAJE, Fund your account and win N1000 when you download and carry out a transaction with the Diamond Mobile App. For enquiries call <PHONE>",legitimate,other_legit,exais,2014-06-13,auto-subtyped
e01053,"Dear TOSIN RASHEED AGBAJE, Fund your account today and win N1,000 when you download and use the Diamond Mobile App. Terms & Conditions Apply. For enquiries, call <PHONE> or SMS 30811",legitimate,other_legit,exais,2014-06-13,auto-subtyped
e01054,Win free airtime while you study for JAMB & 'O' level exams by downloading the DIAMOND PREP CHALLENGE app on your mobile phone. For enquiries call 0700 3000000,legitimate,recharge,exais,2014-06-07,auto-subtyped
e01055,Breaking News!!! Recharge and get 200% extra airtime INSTANTLY to call any Airtel number. Limited period offer. Recharge Now!,legitimate,promo_marketing,exais,2014-07-05,auto: relabelled marketing
e01056,2morow.,legitimate,other_legit,exais,2014-07-01,auto-subtyped
e01057,Gud afternoon I just wanted to ask when are we going to get the balance of our wages,legitimate,other_legit,exais,2014-07-01,auto-subtyped
e01058,Is ok,legitimate,other_legit,exais,2014-06-24,auto-subtyped
e01059,Gud afternun mr Nats my acct name is agbaje Tosin rasheed acct number is <ACCT> bank name 1st bank,legitimate,debit_alert,exais,2014-06-24,auto-subtyped
e01060,"Dear all,pls we are to report at d venue WDC agege by 9am prompt for a meeting with d client.dont fail.come with ur pencils,eraser and d recruitment qntrs... Mr.nath..mms",legitimate,appointment,exais,2014-06-17,auto-subtyped
e01061,"Please call me. SGet daily Business Tips, 60mins voice calls, 30SMS, 100MB data @ N1000/month. Dial *460*1# to migrate & *460*2*1# to buy",legitimate,promo_marketing,exais,2014-07-01,auto-subtyped
e01062,"I ve been calling ur line, ur not picking. U are invited for a briefing tomorrow at psi by 9am promt.",legitimate,other_legit,exais,2014-06-30,auto-subtyped
e01068,verse wat is d Alfa nw just shake ur mouth 4rm dier,legitimate,other_legit,exais,2014-06-28,auto-subtyped
e01070,"MTN Backup, service to protect your personal data (contacts, calendar,...) detected your new handset. You will receive a message to configure it and to retrieve your previous data.",legitimate,promo_marketing,exais,2014-06-28,auto: relabelled marketing
e01071,SWW! Ramadan Kereem! the moon has been sighted and confirmed by sultan. first of Ramadan is Saturday 28/6/2014,legitimate,other_legit,exais,2014-06-28,auto-subtyped
e01072,Walaikum salam w w jazakumllah kairan,legitimate,other_legit,exais,2014-06-28,auto-subtyped
e01073,Acct name agbaje Tosin rasheed acct no <ACCT> bank name 1st bank abeg 2mao morning by 8am I go dey expect am so sorry 4 d inconvinencies,legitimate,debit_alert,exais,2014-06-25,auto-subtyped
e01074,"Gud mornin dis my acct details Acct name agbaje tosin, acct number 30XXXXXX34 bank name 1st bank",legitimate,debit_alert,exais,2014-06-19,auto-subtyped
e01075,Come.See.Experience..Acquire! Share the fun & gains @ the Convocation Research & Agric. Fair @ 10am 2day. Venue: Ceremonial Building. Don't be told. Be there.,legitimate,appointment,exais,2014-06-18,auto-subtyped
e01076,"Dear subscriber, you have just been credited with 10MB of data",legitimate,promo_marketing,exais,2014-06-16,auto: relabelled marketing
e01077,Acct name agbaje tosin acct no 30xxxxxxx34 bank name 1st bank,legitimate,debit_alert,exais,2014-06-13,auto-subtyped
e01078,venue. no 12 seriki aro abass street off osolo road 7/8 bus stop airport rd ajao estate.,legitimate,appointment,exais,2014-06-11,auto-subtyped
e01079,venue. no 12 seriki aro abass street off osolo road 7/8 bus stopairport rd ajao estate tell odas call ds no <PHONE>,legitimate,appointment,exais,2014-06-11,auto-subtyped
e01080,"To continue your subscription to Glo Backup service, please go to the following URL to configure your handset: <URL>",legitimate,promo_marketing,exais,2014-06-11,auto: relabelled marketing
e01081,Glo Backup saves contacts and restores them if you change or lose your phone. Backup costs N50. More info: <URL>,legitimate,promo_marketing,exais,2014-06-11,auto: relabelled marketing
e01083,Are you searching for LOVE or in LOVE and you don't know how to keep it? Text DL to 30327 for LOVE ADVICE. Service cost N20/day. Powered by Etisalat,legitimate,promo_marketing,exais,2014-06-03,auto: relabelled marketing
e01086,williams Frank 07xxxxxxx344...akplor kingsley 081XXXXXX61,legitimate,other_legit,exais,2014-06-05,auto-subtyped
e01087,"Dear Customer, Enjoy minimum Free Internet for 6-12 months as you buy the Latest Samsung, Nokia & other devices from Gloworld Shops. Glo gives you MORE.",legitimate,promo_marketing,exais,2014-06-02,auto: relabelled marketing
e01088,Project breakfast briefing will come up on Friday 30 May 2014 by 9am. Pls come early. Frm. Femi,legitimate,other_legit,exais,2014-05-29,auto-subtyped
e01089,Agbaje Tosin rasheed matric no 2010/2648,legitimate,other_legit,exais,2014-05-19,auto-subtyped
e01092,"Acct name Agbaje Tosin rasheed, acct number 30XXXXXX34 bank name 1st bank",legitimate,debit_alert,exais,2014-05-18,auto-subtyped
e01093,"We show our profound gratitude for gracing our wedding programme thru ur prayer, presence &gift. Thanks for being part of our joy.Thanks.Mr.&Mrs Bunmi Oluwalana",legitimate,other_legit,exais,2014-05-18,auto-subtyped
e01094,Enjoy Aljazeera news for 7 days FREE on easynews from Etisalat and get 2 products free for 30 Days. Text Aljazeera to 655,legitimate,promo_marketing,exais,2014-05-07,auto: relabelled marketing
e01095,"Join us as we celebrate the union between Esther Falana and Bunmi Oluwalana on 17th May @ RCCG Olorunnisola Atitebi Bankole Str, Ipaja Ayobo by 10am.08XXXXXXX80",legitimate,other_legit,exais,2014-05-07,auto-subtyped
e01096,"Still haven't done so? Hurry & recharge with at least N100 now! Important! <ACCT>, it's your lucky day for FREE 20% extra bonus to call MTN2MTN!",legitimate,promo_marketing,exais,2014-05-06,auto: relabelled marketing
e01097,"81XXXXXX71, you have been selected! Lucky you! Just recharge with at least N100 today! Enjoy FREE 20% extra credit for MTN2MTN calls!",legitimate,promo_marketing,exais,2014-05-06,auto: relabelled marketing
e01098,70XXXXX653,legitimate,other_legit,exais,2014-05-03,auto-subtyped
e01099,Hi friendz. Hope ur preparatn 4 d eXam is going smoothly. Ur SUCCESS in ds EXAM is undoutable bcos u'll perform excellently well by GOD's grace- Amen!,legitimate,appointment,exais,2014-04-28,auto-subtyped
e01100,"Salaam alykum,dis is 2 wish u suxes in d forthcoming examination,may Allah{SWT}grant u success in all ur endeavor in life n hereafter",legitimate,other_legit,exais,2014-04-27,auto-subtyped
e01101,Your Diamond Online/Mobile user name is tosrasheed.Set up your password within 30 days on the Diamond online log in screen to prevent account deactivation,scam,bank_phish,exais,2014-04-27,auto: fraud
e01102,Welcome to Diamond. Your new account no is 00XXXXXX20 You will receive your e-banking details shortly.Please save our Contact Centre no <PHONE> f enquiries,legitimate,promo_marketing,exais,2014-04-26,auto: relabelled marketing
e01103,"You are invited for interview @ GNI PLC on friday 25th & monday 28th @ 28 Afolabi Aina Str, Behind Alade Market Allen Junction Ikeja.Time 10am prompt by Mr.Chinedu Manager-<PHONE>.",legitimate,other_legit,exais,2014-04-24,auto-subtyped
e01105,"This Sunday on Glo: Moyes Man Utd take on his old team Everton at 4.10pm! For live match SMS/news and Mp3s, text SUB to 30181 to register. Just N50/wk!",legitimate,promo_marketing,exais,2014-04-15,auto: relabelled marketing
e01107,"Get 75% bonus plus 5MB data on every recharge to call ANY network in Nigeria. Recharge N1000, get N1000+ N750! Recharge N100, get N100+ N75, Recharge Now!",legitimate,promo_marketing,exais,2014-04-17,auto: relabelled marketing
e01109,Acct name Aremu nasirlahi tosin acct number 01XXXXXX47,legitimate,debit_alert,exais,2014-03-27,auto-subtyped
e01111,"VALENTINE OFFER! Get SHARP 24"" LED @ 25,990/ & A SPECIAL DISCOUNT ON SAMSUNG A/C:IKEJA CITY MALL <PHONE>,ALLEN AVENU <PHONE>, HURRY LIMITTED STOCK ONLY!!!",legitimate,debit_alert,exais,2014-02-26,auto: relabelled bank alert
e01112,I want make u elp me check my CGPA b4 u leave nd it urgent.,legitimate,other_legit,exais,2014-02-07,auto-subtyped
e01113,"For 10mb Daily data plan @N100, dial *229*3*1# or text 'MI1' to 229. For 50MB 7 Day data plan @N500, dial *229*3*4# or text 'MI2' to 229. Opt out code: *229*0#",legitimate,promo_marketing,exais,2014-01-12,auto: relabelled marketing
e01114,"Text to 229: 'MB2' for 200mb @N1000; 'MB3' for 500mb @N2000; 'MB4' for 1.5GB @N4000; 'MB5' for 3GB @N6500; 'MB6' for 6GB @N8000; 'SM1' for 10GB @N10000; 'SM2' for 15GB @N15000; 'SM3' for 20GB @N20000. 'MB7' for 3GB Night & Wkend (9pm-7am) @N4000. All plans listed are valid for 30 days. To opt out, dial *229*0#",legitimate,promo_marketing,exais,2014-01-12,auto: relabelled marketing
e01116,"Text 'smarta' to 8183 @N1000 for 200MB. For 500MB, Text 'smartb' to 8183 @N2000.For 1.5GB, Text 'smartc' to 8183 @4000. For 3GB, Text 'smartd' to 229 @N6500. For 6GB,Text 'smarte' to 8183 @N8000..",legitimate,promo_marketing,exais,2014-01-12,auto: relabelled marketing
e01118,It's Officially noted dat 20014 is in and seated with us.it brings all good life packages.Happy New year,legitimate,other_legit,exais,2014-01-02,auto-subtyped
e01119,8 Days to the Start of the EPL! Get Chelsea FC news & goal alerts as it happens.Text CHE to 38400 & get 5Days free.Service will auto-renew N50/5days.,legitimate,promo_marketing,exais,2014-08-08,auto: relabelled marketing
e01120,"Netherlands Vs Argentina 9PM,Text WC to 38400 & get 3Days free,txt STOP to Opt-Out.Service will auto-renew N50/3days.",legitimate,promo_marketing,exais,2014-07-09,auto: relabelled marketing
e01126,"YES or NODo you want to be one of our DAILY winners?'Nigeria Mega Jackpot' gives N110,000 in total every day.Send WIN to 35777 & participate now.N100/SMS",scam,promo_win,exais,2014-08-01,auto: fraud
e01144,"For recharging this week,you have 5 MB free data valid till 2014-05-20,Thank you.",legitimate,promo_marketing,exais,2014-05-13,auto: relabelled marketing
e01150,"Sorry, you have used a wrong code. Dial *665*100# to loan N100, *665*200# to loan N200 and *665*500# to loan N500. To get your debt status, text DEBT to 665",legitimate,promo_marketing,exais,2014-07-08,auto: relabelled marketing
e01155,Psquare Peter threatens to sue & expose fraudulent Nigerian bank.For more news Text NAIJA to 38547 & get News 5Days free.Service will auto-renew N50/5days.,legitimate,promo_marketing,exais,2014-08-04,auto: relabelled marketing
e01159,Hello Friend! Do you know that you can now borrow Extra Credit on your friendly network. Simply dial *500# and come alive!,legitimate,promo_marketing,exais,2014-08-02,auto: relabelled marketing
e01168,"Mrnin 2 u, dis is 2 remnd us dat REDEMPTION WEEK starts today, pls cum early wit ur hrt preprd n inform odaz, mancot wl b stopn 2 drop us at d junctn.BE THERE!!",legitimate,other_legit,exais,2014-07-23,auto-subtyped
e01169,Congratulations! 08XXXXXXX95 is one of the few lucky who can access our exclusive Famous Quotes service! To get started call *585*4*1# now! N20/day.,scam,promo_win,exais,2014-07-23,auto: fraud
e01170,Its hapnin ds wk. RDEMPTN WK 2014. Theme: The True SeekerWord expositn by Rev Adetuberu by3:30pm Thur Hymnal evenin 6pmFri: Nyt of Power 10pm. Be there.,legitimate,other_legit,exais,2014-07-22,auto-subtyped
e01171,"Calvary grtns, dis is to inform u dat dia wil be an imprtnt meetn 2mrw 17th at mancot park(library) by 1pm.Pls ensure U are around its compulsary,Love you.",legitimate,other_legit,exais,2014-07-17,auto-subtyped
e01172,"M.favoured gem, pls d departutr time is btw 12-2pm at mancot park, camp. Ensure u arive early. Dnt 4get ur buckets, cardigans",legitimate,other_legit,exais,2014-06-26,auto-subtyped
e01173,"As u go forth 2 write dis exam,may d faith of Abraham,wisdom of Solomon,sure mercy of David",legitimate,appointment,exais,2014-04-29,auto-subtyped
e01181,I didn't say I don't love you all I said was that Am not ready and u should give me sometime since u said I Am not d person u love and u kept saying Am lying Fine you can just go,legitimate,other_legit,exais,2014-07-16,auto-subtyped
e01182,I Am sorry to tell you this but it is the truth Am not ready for relationship and I don't think Am d right person for You Am telling u this bcos I don't want to hurt you Bye from Femi,legitimate,other_legit,exais,2014-07-15,auto-subtyped
e01183,"When I first saw you, I was afraid to talk to you. When I first talked to you, I was afraid to like you. When I first liked you, I was afraid to love you. Now that I love you I'm afraid to lose you.",legitimate,other_legit,exais,2014-07-06,auto-subtyped
e01184,9.30E+14,legitimate,other_legit,exais,2014-07-05,auto-subtyped
e01185,4Team Breaking News and all Team Live Match Alerts text ur Premier Lge or top European TEAM NAME eg: Chelsea to 747 N75/wk auto-renewed To cancel text STOP,legitimate,promo_marketing,exais,2014-07-15,auto: relabelled marketing
e01188,"Dear <PHONE>! Get 5 FREE days of useful alerts, then N50/5days. To start at no cost, Send 1 for ROMANCE",legitimate,promo_marketing,exais,2014-02-17,auto: relabelled marketing
e01194,I have good news. Call me when u're free,legitimate,other_legit,exais,2014-07-11,auto-subtyped
e01195,6.85E+14,legitimate,other_legit,exais,2014-06-13,auto-subtyped
e01196,Rice....carpet....milk....mug and cup...computer... wall clock... pot...fry pan...kettle... beans...,legitimate,other_legit,exais,2014-02-08,auto-subtyped
e01197,"8045 9200 5109 3762,airtel card",legitimate,other_legit,exais,2014-01-19,auto-subtyped
e01198,I feel my world empty without you. I want to hear your voice again! A phonecall would fulfill my life with happiness +<ACCT>,legitimate,debit_alert,exais,2014-07-08,auto-subtyped
e01199,beloved aw was ur day? dis is just to remind u not to forget our due and money for shirt.may God provide for our needs IJN.av a favoured week.shalom,legitimate,other_legit,exais,2014-07-06,auto-subtyped
e01200,"Dear Valued Customer, Welcome to Airtel! Kindly register your sim, please igore if already registered. To know more about our services",legitimate,promo_marketing,exais,2014-07-04,auto: relabelled marketing
e01202,Your free subscription expires today! To subscribe send 1 to 28052 now. N10/Day,legitimate,promo_marketing,exais,2014-06-20,auto: relabelled marketing
e01205,Congratulations! You have been gifted 5 Days FREE Amebo service for being on One SIM Plan.?To unsubscribe send STOP to 28052,scam,promo_win,exais,2014-06-13,auto: fraud
e01218,"Get it Right! Take d Lead! You're specially invited 2 fellowship wit us @WCF 2moro by 4pm @ Dewot centre, Camp!Dnt com alone, com wif Frnds!We'll be xpectn U!",legitimate,other_legit,exais,2014-06-17,auto-subtyped
e01219,"God's Word works wonders @ Winners' Campus Fellowship!Join Us 2moro 4 a refreshx & spirit-fild servx @Dewot centre,camp,by 4pm. God is sure 2 b der.Stay Blsd.",legitimate,other_legit,exais,2014-06-10,auto-subtyped
e01220,"today's service tagged open heavens holds today by 4pm at dewort event centr,camp.come with ur welfare offering and a gift for a friend.God bless u as come",legitimate,other_legit,exais,2014-04-16,auto-subtyped
e01221,"winners campus fellowship holds today by 4pm @ dewort, camp.pls com wit a friend . God bless u",legitimate,other_legit,exais,2014-03-27,auto-subtyped
e01222,"winners campus fellowship holds today by 4pm @ dewort, camp.pls com wit a friend . God bless u,,, ABEOKUTA",legitimate,other_legit,exais,2014-03-19,auto-subtyped
e01223,freshers alive holds today @dewot center by 4pm.pls b reminded dat those who applied 4bursary should com 4 intrview @LFC obantoko by 10am,legitimate,other_legit,exais,2014-02-26,auto-subtyped
e01224,WCF congratulates 100l students on their matric day tomorow.pls try to locate WCF tent dat as bin prepared 4 d matriculants.come with a friend and God bless u,legitimate,other_legit,exais,2014-02-18,auto-subtyped
e01225,"Winners campus felloewship holds today(wednesday) by 4pm at dewot event centre,camp.Come with a friend and worship with us and you will be surely blessed",legitimate,other_legit,exais,2014-02-12,auto-subtyped
e01226,Winners campus fellowship holds this wednesday at dewot event center by 4pm .pls come with a friend and worship with us and u will be richly blessed,legitimate,other_legit,exais,2014-02-04,auto-subtyped
e01227,Winners campus fellowship holds this wednesday at dewot event center by 4pm .pls come with a friend and worship with us and u will be richly blessed.,legitimate,other_legit,exais,2014-02-04,auto-subtyped
e01228,"Winners campus fellowship begins this session on wednesday(29-01-2014) at dewort event hall,camp by 4pm.Come with a friend and worship with us.God bless you.",legitimate,other_legit,exais,2014-01-29,auto-subtyped
e01231,Yello! MTN wishes all our customers a happy fathers. day celebration! So call your dad or father-figure in your life and let him know how special he is!,legitimate,promo_marketing,exais,2014-06-15,auto: relabelled marketing
e01232,"Itz me Rofiat, datz my numba F.M",legitimate,other_legit,exais,2014-06-12,auto-subtyped
e01233,Happy resumptionm fellowship begins today(wednsdy) 05-06-14 by 4pm at dewot event center.pls come wit a friend.God bless u,legitimate,other_legit,exais,2014-06-04,auto-subtyped
e01234,"Village outreach, 2014Take off time; 7amTake off point; DamboldT/fare: #200. pls come with ur camping materials.God bless you as u prepare to come.",legitimate,other_legit,exais,2014-05-27,auto-subtyped
e01238,Airtel SMS-Browser1.Sports2.Entertainment3.Astrology4.Information5.Fashion & Health6.Devotional7.Bollywood & Indian8.JOB,legitimate,promo_marketing,exais,2014-05-25,auto: relabelled marketing
e01240,Ref ID: C140523.1319.320003 You have received 20 NGN from 80XXXXXX15. Need a job? Dial *108*11# for free.,legitimate,promo_marketing,exais,2014-05-23,auto: relabelled marketing
e01244,Gud p.m belovedD village outreach committee hereby use dis medium to ask us to pls begin to return d envelopes back to church with d money in them.GOD bless u,legitimate,other_legit,exais,2014-05-10,auto-subtyped
e01246,"MAY: Many Are Your, blessings, breakthroughs",legitimate,other_legit,exais,2014-05-01,auto-subtyped
e01247,"U fit come ma place come see me,if na your sister place you de",legitimate,other_legit,exais,2014-04-20,auto-subtyped
e01248,"Guy where you u dey, I dey ma hostle now,, 2 for LOVE",legitimate,other_legit,exais,2014-04-20,auto-subtyped
e01249,"happy Easter my guy ,,, 2 for LOVE",legitimate,other_legit,exais,2014-04-20,auto-subtyped
e01250,"Good morning,hope you slept well, I want to celebrate with you this special day #eastersunday#",legitimate,other_legit,exais,2014-04-20,auto-subtyped
e01251,"Happy workers day from Femi ,,,, It's Absolutely FREE!",legitimate,other_legit,exais,2014-04-29,auto-subtyped
e01252,"Registration will close tomorrow and I havnt pay department fee it's 1500 penanty for not paying latest tomorrow is 5000,,, then N20 for 2days after; to subscribe, there something great just for you!",legitimate,promo_marketing,exais,2014-02-09,auto-subtyped
e01253,Dad's fone is wit me,legitimate,other_legit,exais,2014-02-09,auto-subtyped
e01254,"Lab coat:1500 p ast question: 1000 department fee:1500 college fee:1000 textbooks 1500 from Femi ,,,text NO to 38321",legitimate,other_legit,exais,2014-02-06,auto-subtyped
e01255,Ave received ur msg buh u must face ur studies squarely in order 2 make it in lyf...remember d child of whom u are..,legitimate,other_legit,exais,2014-01-18,auto-subtyped
e01256,It's Elclassico! Get live Updates on your phone as Barcelona takes on Real Madrid in the Copa Del Rey Cup Final. Dial *244#. Service cost N20 daily,legitimate,promo_marketing,exais,2014-04-16,auto: relabelled marketing
e01257,It was very nice to speak with you a while ago :) Fun talks are not the only interesting things that you can have here!:) Call me now for a chat +<ACCT> :),legitimate,debit_alert,exais,2014-04-07,auto-subtyped
e01258,"Dear Bolaji, Oluwafemi [name sake] i realize how important today is to you. Birthdays come once in a year, so we celebrate you today. Happy birthday,, 3 for MONEY or 4 for JOKES, to 38888.",legitimate,other_legit,exais,2014-03-29,auto-subtyped
e01259,"Happy Sunday how is study hope you are preparing for examination ,,,, 3 for MONEY or 4 for JOKES, to 38888.",legitimate,other_legit,exais,2014-03-16,auto-subtyped
e01260,If you reach camp enter oluwokesi if you Don reach there call my number or call 080XXXXXX99,legitimate,other_legit,exais,2014-02-08,auto-subtyped
e01261,Just wanna wish u a hbd in advance wishin u d best in lyf,legitimate,other_legit,exais,2014-03-28,auto-subtyped
e01262,"Guess wat bro? Aunty aishat just gave birth to a bouncin baby gal todae wich is 28th march nd 2morrow 29th march is also ur bofdae congratulationz,,, please call 141., text SPORTS to 30327.",legitimate,other_legit,exais,2014-03-28,auto-subtyped
e01263,"At shop nd i was d only one around so i had 2 call 4 help...bro it was so terrible,,, please call 141.",legitimate,other_legit,exais,2014-03-07,auto-subtyped
e01264,Jesus where did he faint even me am scared now,legitimate,other_legit,exais,2014-03-07,auto-subtyped
e01265,Yep buh i was so scared nd he was taken to hetta...after he came back 2 lyf he didnt rememba dat he fainted,legitimate,other_legit,exais,2014-03-07,auto-subtyped
e01266,Wat happened to him hope he is okay now,legitimate,other_legit,exais,2014-03-07,auto-subtyped
e01267,"Hi bro,sumtin bad happened 2dae cos micheal fainted nd died buh we tank God dat he jerked back to lyf after an hour",legitimate,other_legit,exais,2014-03-07,auto-subtyped
e01269,Beloveth! This is to remind u of MTS XTIAN STUDENTS FELLOWSHIP whch comes evry Thursday by 1pm unda d tree behind COLNAS. Pls inform all ur level mates. SHALOM!,legitimate,other_legit,exais,2014-03-27,auto-subtyped
e01270,"A month of sorrow 4 some bt a month of joy 4 you, we celebrate with u ds month. Wishing u a happy birthday ds month.4rm COLNASSA EXCOS 2013/2014.",legitimate,other_legit,exais,2014-03-16,auto-subtyped
e01272,Send YES to subscribe to Akpos Jokes and win free airtime after 15 messages. Your free subscription expires today. N25/day,legitimate,promo_marketing,exais,2014-03-07,auto: relabelled marketing
e01276,Congratulations! You have been gifted 5 Days FREE Akpos Jokes service for being on One SIM Plan. To unsubscribe send STOP to 38040,scam,promo_win,exais,2014-03-03,auto: fraud
e01279,the God's glory not depart from ur family. Hapi new month!,legitimate,other_legit,exais,2014-03-01,auto-subtyped
e01280,"Hello, dis is 2 infm u dt COLNASSA Freshers vs Stalites football match screening holds on 1/3/14 (sat); 4pm; sch pitch. Be there. Sports Dir.",legitimate,other_legit,exais,2014-02-28,auto-subtyped
e01282,"PRECIOUS ONE, come discover HOW TO DEAL WITH FEAR 2mrw in our life transforming service 8am live @FATHERS HOUSE. You'll sure love it. NO CH-RCH WITHOUT U",legitimate,other_legit,exais,2014-02-15,auto-subtyped
e01283,"PRECIOUS ONE, can't wait to host you 2mrw its our LOVE AFFAIRS SERVICE @FATHERS HOUSE 8am live as we talk abt love, dating, LIVERPOOL",legitimate,other_legit,exais,2014-02-08,auto-subtyped
e01284,"TREASURED ONE, when we pray MIRACLE happens. Join us today 5:30pm @ FATHERS HOUSE, opp. odo eran",legitimate,other_legit,exais,2014-02-05,auto-subtyped
e01285,"G.m beloved.hope ur week was nt too stressful n hope dt u r fine?The training start by 4pm today at salawu abiola sec scl.take a cab from camp n tell d driver dt u r going to d scl above,it just 30 naira.pls,ds is d last training for tom's match n hope to see u.u cld call m if need b",legitimate,other_legit,exais,2014-02-15,auto-subtyped
e01286,My number 08XXXXXXX37 there is no service here that was y I didn't call. 0803 469 2899 that my friends no.wats d urgent thing about,legitimate,other_legit,exais,2014-02-15,auto-subtyped
e01287,"Winners campus fellowship holds today (wednesday)at dewot event hall,camp by 4pm.Come with a friend and worship with us and you will be surely blessed.",legitimate,other_legit,exais,2014-02-12,auto-subtyped
e01290,Enter the following verification code in Self-Care Portal: nOIL,legitimate,otp,exais,2014-02-05,auto-subtyped
e01291,"Dear BOLAJI, school fee Ref: FUN/FEE/FSG/201314/1/49768 Bank: FUNAAB MFB Date: 04/02/14 14:03:11 Amt:32,000.00. Go online to complete your course registration and print receipt.",legitimate,other_legit,exais,2014-02-04,auto-subtyped
e01294,"Hope you're enjoying SMS Chat. Your subscription will be renewed in 24 hrs @ N50/wk, N25/ 3 days or N10/day. To opt-out text STOP",legitimate,promo_marketing,exais,2014-01-24,auto: relabelled marketing
e01295,"Congratulations on ur admission to Funaab.One tin dat brings First Class with ease is the effective use of past questions.Freshers Meal is a handy archive of all available and up to date past questions,available at all bookshops @ Sub & shop A9 Cooperative complex (opposite Annenih).At AFFORDABLE PRICES.",legitimate,other_legit,exais,2014-01-25,auto-subtyped
e01296,"Am sure ur wk went wel.Jst chkn 2 say hi+2 rmind u abt d OVERFLOW service wit Dr Albert 2moro by5.30pm,@FathersHouse.seein u wil b a dlite&Come wt ur frends.C U",legitimate,other_legit,exais,2014-01-24,auto-subtyped
e01297,Get a FREE caller tune having your name in it. SMS NT <your name> to 792 to get your Name Tune for FREE now! Eg. NT TAYO,legitimate,promo_marketing,exais,2014-01-24,auto: relabelled marketing
e01298,"Experience THE OVERFLOW live @ FATHERS HOUSE opp. odo eran, obantoko 2mrw 5:30pm & SUN. 8am. Its an ENCOUNTER of a lifetime. There is no CH-RCH without U.",legitimate,other_legit,exais,2014-01-24,auto-subtyped
e01299,"Dear Customer, an e-Savers Account: <PHONE> has been opened. A charge of N500 + VAT would be debited from your account for your new debit card",legitimate,debit_alert,exais,2014-01-24,auto-subtyped
e01348,One who creates the opportunity is Brilliant. One who gets the opportunity is Lucky. One who capitalizes on the opportunity is the Winner.,scam,promo_win,exais,2014-11-07,auto: fraud
e01357,"The winners of lifes game arent those who have never tasted failure, but those who have tasted failure again and again but never gave up!",scam,promo_win,exais,2014-06-07,auto: fraud
e01369,"Dear Subscriber, Your Thought30 service has been renewed for next 30 days. If you wish to unsubscribe send STOP to 4040. To enjoy more Dial 4022 at 1N/min.",legitimate,promo_marketing,exais,2014-01-07,auto: relabelled marketing
e01371,"Radiating with a fresh glow, you will draw lots of attention when you follow the amazingly effective beauty tips.Sms BEAUTY to 4040 to subscribe¿N90/30 days",legitimate,promo_marketing,exais,2014-30-06,auto: relabelled marketing
e01375,"Dear subscriber, your subscription will expire in 2 days. If you wish to unsubscribe send 'STOP' to 4040. To enjoy more Dial 4022 at 1N/min.",legitimate,promo_marketing,exais,2014-29-06,auto: relabelled marketing
e01437,"With what freshness and eagerness, is each new day born; as if to say to every person, Behold! You have one more chance.Go strive for glory.",legitimate,promo_marketing,exais,2014-25-05,auto: relabelled marketing
e01448,"Plenty of people miss their share of happiness, not because they never found it but because they didnt stop to enjoy it.Savor every moment!",scam,otp_harvest,exais,2014-19-05,auto: fraud
e01472,"A beautiful quote-If the loser keeps his smile, the winner will lose the thrill of victory.",scam,promo_win,exais,2014-07-05,auto: fraud
e01530,"Dear Subscriber, Your Thought30 service has been renewed for next 30 days. If you wish to unsubscribe send STOP to 4040.",legitimate,promo_marketing,exais,2014-02-02,auto: relabelled marketing
e01536,Sorry here is it <ACCT> am sorry I travelled,legitimate,debit_alert,exais,2014-07-08,auto-subtyped
e01537,Am at the corridor of your office now sir.,legitimate,other_legit,exais,2014-07-08,auto-subtyped
e01538,Calvary greetns!This is to inform u that an adequate list of every finalists in our unit should be compulsorily submitted to d Gen.sec on or b4 friday.Sectrt.,legitimate,other_legit,exais,2014-07-08,auto-subtyped
e01539,It's funmi.result is out .,legitimate,other_legit,exais,2014-06-08,auto-subtyped
e01540,Good morning sir.Sir something is wrong with my education. Despite all my efforts my results are nothing to write about sir. Even those I took in tutorial have better results than I am. please pray for me and give me time to call you back sir. Your son. Paul From Revival Centre Apata.,legitimate,other_legit,exais,2014-05-08,auto-subtyped
e01541,No pls,legitimate,other_legit,exais,2014-05-08,auto-subtyped
e01542,But it is getting too long ma. Hope you will send it this week ma. Thank you and God bless.,legitimate,other_legit,exais,2014-05-08,auto-subtyped
e01543,I will i ve not forgoten i know it my obligation i shall fulfill it. Many thanks,legitimate,other_legit,exais,2014-05-08,auto-subtyped
e01544,Morning ma. It is almost a month now that you've promised to send the money. Hope all is well.Acc name: Adeniyi Olatunbosun Paul No: <ACCT>Bank: GTB.,legitimate,debit_alert,exais,2014-05-08,auto-subtyped
e01545,Good Morning ma. Hope you will help today ma. Thanks and God bless,legitimate,other_legit,exais,2014-16-07,auto-subtyped
e01546,Acc name: Adeniyi Olatunbosun Paul acc. No: 01XXXXXX42Bank: GTB BANK. Thank you ma.,legitimate,other_legit,exais,2014-14-07,auto-subtyped
e01547,1. <EMAIL> or <EMAIL> you Can send it it to either of the two,legitimate,other_legit,exais,2014-04-07,auto-subtyped
e01548,Good Morning ma. Happy new week. Please I want to ask when you are coming to abeokuta because of my printer cable is very much needed now. Thanks,legitimate,other_legit,exais,2014-26-05,auto-subtyped
e01549,My broda d Lord will grant u a good success in yr exams i appreciate yr effort on my work talk to u later,legitimate,other_legit,exais,2014-27-04,auto-subtyped
e01550,Good morning ma. Hope your journey wasn't too stressful yesterday? Do not have air time then. Have a blessed weekend and my regard to big brother and sisters.,legitimate,other_legit,exais,2014-26-04,auto-subtyped
e01551,How far abt it sir any progress? the network is bad.,legitimate,other_legit,exais,2014-04-08,auto-subtyped
e01552,Thank you sir. Am still on it I was asked to come back on Wed sir. the lecturer in charge isn't around. Please sir pray for me I will have to wait in Abk sir.,legitimate,other_legit,exais,2014-04-08,auto-subtyped
e01553,noted. all is well in Jesus name,legitimate,other_legit,exais,2014-04-08,auto-subtyped
e01554,Evening sir. Am still on it I was asked to come back on Wed sir. the lecturer in charge isn't around. Please sir pray for me I will have to wait in Abk sir.,legitimate,other_legit,exais,2014-04-08,auto-subtyped
e01555,Good Morning sir. Please I might be a bit late today sir Just leaving Abk now. Am Sorry sir. Olatunbosun,legitimate,other_legit,exais,2014-14-07,auto-subtyped
e01556,Where are they from?,legitimate,other_legit,exais,2014-04-08,auto-subtyped
e01557,Pls pay into Nidave acct no: 01XXXXXX42 with Gtb tanx,legitimate,debit_alert,exais,2014-04-08,auto-subtyped
e01558,Procurement,legitimate,other_legit,exais,2014-04-08,auto-subtyped
e01559,There is a letter and a cheque for you at Funaab . You can call me sir. It is with me.,legitimate,other_legit,exais,2014-04-08,auto-subtyped
e01560,The Lord who has called you is faithful and He Rewards. May the Grace 2 function Effectively and Profitably be bestowd upon you.GOD BLESS YOU. DUDUYEMI FUNMI.,legitimate,other_legit,exais,2014-03-08,auto-subtyped
e01561,Please wake me up by 6am just want to sleep now. Thanks OLATUNBOSUN CACSA thank you,legitimate,other_legit,exais,2014-03-08,auto-subtyped
e01562,I timo 6 vs 12,legitimate,other_legit,exais,2014-02-08,auto-subtyped
e01563,Bible reference for fight of faith now pls,legitimate,other_legit,exais,2014-02-08,auto-subtyped
e01564,"Am in a meetin, cant pick a call now",legitimate,other_legit,exais,2014-02-08,auto-subtyped
e01565,"Beloved Executive, CACSAFUNAAB acknowledges & appreciate your efforts in advancing God's work, u've served God, He'll surely reward. Bring ur files along 2moro.",legitimate,other_legit,exais,2014-02-08,auto-subtyped
e01566,"May dis month of august bring you unexpected(august) joy, happiness, breakthrough, blessing, success, goodness. Happy new monthHope you've not forget d money",legitimate,other_legit,exais,2014-01-08,auto-subtyped
e01567,"This is august. May dis month of august bring you unexpected(august) joy, happiness, breakthrough, blessing, success, goodness. Happy new month to you sir.",legitimate,other_legit,exais,2014-01-08,auto-subtyped
e01568,"HAPPY NEW MONTH Ambassador, August shall be your month of greater testimonies in Jesus name. Amen.Handing Over & Induction Service holds on Sunday, Be there.",legitimate,other_legit,exais,2014-01-08,auto-subtyped
e01569,Please use the OTP code: 20XXXXXX17 to complete your transaction. OTP code expires after 10 minutes.,legitimate,otp,exais,2014-30-07,auto-subtyped
e01570,"Dear Customer, kindly visit our <APATA - IBADAN branch> to collect your Welcome Pack which contains your Naira MasterCard & Cheque Book, where applicable.",legitimate,other_legit,exais,2014-11-06,auto-subtyped
e01571,"Dear Customer, a Savings Account: 01XXXXXX42 has been opened. A charge of N1000 + VAT would be debited from your account for your new debit card",legitimate,debit_alert,exais,2014-04-06,auto-subtyped
e01572,<ACCT>At the back 2036496. Am sorry I do not have much there. Please keep it save brother,legitimate,debit_alert,exais,2014-30-07,auto-subtyped
e01573,Thank you very much,legitimate,other_legit,exais,2014-27-07,auto-subtyped
e01574,Strength does not come from winning. Your struggles develop your strengths. When you go through hardships and decide not to surrender that is strength. Gud nite,legitimate,other_legit,exais,2014-26-07,auto-subtyped
e01575,Thank you sir. I sincerely appreciate it sir,legitimate,other_legit,exais,2014-31-05,auto-subtyped
e01576,Weekend Glo card for U. <ACCT>,legitimate,debit_alert,exais,2014-31-05,auto-subtyped
e01577,"Staying far never breaks a relation, staying near never builds a relation! An invisible vibration between hearts keeps a relation special. Stay blessed brother.",legitimate,other_legit,exais,2014-16-05,auto-subtyped
e01578,"Tax,It has been log.",legitimate,other_legit,exais,2014-01-05,auto-subtyped
e01579,May this month deliver unto us all our outstanding victories.(amen). Happy new month brother,legitimate,other_legit,exais,2014-01-05,auto-subtyped
e01580,Receive my simple gift of Love Wrapped with Sincerity Tied with care and Sealed with blessings 2 Keep you happy and safe all the life long.Happy New Year,legitimate,other_legit,exais,2014-01-01,auto-subtyped
e01581,"t shot, HAPPY NEW.",legitimate,other_legit,exais,2014-01-01,auto-subtyped
e01582,"As gold is special among metals,diamond among stones and eagle among birds so will God make u so special among others dis yr.ur accetption shall not cu",legitimate,other_legit,exais,2014-01-01,auto-subtyped
e01583,"May dis season help u find d corners of ur smiles,d highest of ur hopes,windows of ur opportunities,& a path to d most special places ur hrt would ever know.",legitimate,other_legit,exais,2013-25-12,auto-subtyped
e01584,"As we celebrate d birth of our lord jesus christ,may the joy,happiness and peace dat gose with it stay with u and for ever more.Wish u merry xmass and happy new year ahead.",legitimate,other_legit,exais,2013-25-12,auto-subtyped
e01585,"Gtbank: <PHONE>, abiola gbemisola tolulope.",legitimate,other_legit,exais,2014-21-07,auto-subtyped
e01586,Am Sorry Don't Let me delay you. You call go home will call you when .done,legitimate,other_legit,exais,2014-10-07,auto-subtyped
e01587,"Lyk yesteday nw,a fwend of mai promise me 4th and i go collect to pay from ma wards and av pay 12th nw and remain 5 and dey keep tellin me dat i wil cum bck wit empty hand,dey think am not cerious and i kn wat am doing,and dey says na husband i should luk 4 nw dat skul coucil",legitimate,other_legit,exais,2014-09-07,auto-subtyped
e01588,Relax. Tell Olamide to flash me when you get home today. I want to talk with all of you OK. Just keep been a Good girl. It's a matter of time. Love u sister,legitimate,other_legit,exais,2014-09-07,auto-subtyped
e01589,"home wit empty hand,shey i should turn ma self to a bitch?i kn dat mum is tryin buh is a mata of tym,buh she dnt wona reason wit me,and al d exam am doi",legitimate,appointment,exais,2014-09-07,auto-subtyped
e01590,"Am sick and tire of mum and olamide every day na abusive word on me dat, i just dey work buh d work no show 4 ma body,and i dey go out every and cum bck n i dnt collect any money frm he cus i kn dat al d responsiblity i suppose take on david na she dey do am, atleast i try ma best given her 2th out of 5th i collect every mnth yet mum do complan, shey i should kil ma self ni",legitimate,other_legit,exais,2014-09-07,auto-subtyped
e01591,"fee atleast i try ma best,dey pay me 5th and i give dem 2th,i obtain exams i dnt ask dem of any money yet dey complan should i kil ma self",legitimate,other_legit,exais,2014-09-07,auto-subtyped
e01592,"Am sick and tire of mum and olamide every day na abusive word on me every dat i just dey work buh he no show 4 ma body,and i dey go out every and i kn go cum bck home empty hand,shey i should ma self to a bitch cus i don get a baby so dat i can take care of him,dey even says i cnt afford to pay david skul",legitimate,other_legit,exais,2014-09-07,auto-subtyped
e01593,"CACSA FINAL YEAR SUNDAY.Date: 13th of July, 2014 Theme: Excellent Generation.Text: Daniel chap 1 vs 17-20",legitimate,other_legit,exais,2014-07-07,auto-subtyped
e01594,Morning ma. Am Sorry Am I'm Ibadan. Now will be in Abk by next week Wednesday. Have sad started my IT. leave message with Mr. Bamgbola I will see him.,legitimate,other_legit,exais,2014-04-07,auto-subtyped
e01595,My broda are in sch/hostel/abeokuta. Am around we need to see it urgent tomorrow morning,legitimate,other_legit,exais,2014-03-07,auto-subtyped
e01596,"Acc. No: <PHONE> Acc. Name: Adeniyi Olatunbosun Paul. Bank: Access Bank.Sorry for the attack, God will bring back your loss in multiple folds.",legitimate,other_legit,exais,2014-29-05,auto-subtyped
e01597,Afternoon ma. Happy workers day. Just want to remind you of the IT placement you want to help me with ma. Thank you God bless.,legitimate,other_legit,exais,2014-01-05,auto-subtyped
e01598,Good evening Bro. Please branch in sister funmi AGS house as you will be going to office this Morning to collect her laptop and the featuring groups in the choir-drama for you to design a beautiful banne She will be printing it today. Please help with all you Can. PRO Thank you. Sir,legitimate,other_legit,exais,2014-30-06,auto-subtyped
e01599,Acc. No: 01XXXXXX42 Acc. Name: Adeniyi Olatunbosun Paul.Bank: Gtb apata. Thank you,legitimate,other_legit,exais,2014-26-06,auto-subtyped
e01600,WhatsApp code 574-309,legitimate,other_legit,exais,2014-04-06,auto-subtyped
e01601,Evening sir. Happy birthday to your boy the little brother. We all send our congratulations. Many Happy returns. Regards to all and your wife. From ADENIYI'S.,legitimate,other_legit,exais,2014-25-05,auto-subtyped
e01602,"The wedding bell rings as GBEMIWOLE exchange marital vows Date: 23rd August 2014. Time:10am promptVenue: 32, Aladesuru street, along ladipo road.",legitimate,other_legit,exais,2014-13-05,auto-subtyped
e01603,Good morning pls do not forget the lamp o . Thanks God bless,legitimate,other_legit,exais,2014-31-01,auto-subtyped
e01604,Colour blue or orange,legitimate,other_legit,exais,2014-30-01,auto-subtyped
e01605,"Faith makes αll things possible,Hope makes αll things work,Love makes αll things beautiful.May Ўoΰ have αll this three this Christmas!Wishing Ўoΰ merry xmas and a prosperous new year in advance.",legitimate,other_legit,exais,2013-25-12,auto-subtyped
e01607,you are right brother... how is all am on my from lokoja ..i call when i get home,legitimate,other_legit,exais,2014-28-01,auto-subtyped
e01611,"Get the new MTN Android Smartphones for as low as N8,000 only and enjoy BBM, Whatsapp & access to over 1 Mill apps & games. Visit MTN Stores to get yours now",legitimate,promo_marketing,exais,2014-08-08,auto: relabelled marketing
e01614,"Get 60mins voice calls, 30SMS, 100MB data and daily business Tips for just N1, 000 with MTN SmartBiz. Dial *460*1# to migrate and *460*2*1# to buy",legitimate,promo_marketing,exais,2014-07-26,auto: relabelled marketing
e01615,"Yello!Get the latest African hit tracks & more with the hottest music app,MTN Music+.To download for free,SMS MUSIC to 5900 for 1month free subscription + 150MB",legitimate,promo_marketing,exais,2014-07-23,auto: relabelled marketing
e01618,"Going to Brazil? Enjoy over 80% slash on call rates to Nigeria with MTN on Claro Network. Call@N100, SMS@N30 & Browse@10k/kb. Offer Valid till July 14th ,2014",legitimate,promo_marketing,exais,2014-06-26,auto: relabelled marketing
e01619,"Get 60mins voice calls, 30SMS, 100MB data and daily business Tips for just N1,000 with MTN SmartBiz. Dial *460*1# to migrate and *460*2*1# to buy",legitimate,promo_marketing,exais,2014-06-23,auto: relabelled marketing
e01620,"Y'ello! Get FREE 200% airtime to call MTN2MTN when you recharge upto N200.Hurry & recharge before 11:59pm 25th June,2014.Dial *559*4# to view bonus",legitimate,promo_marketing,exais,2014-06-20,auto: relabelled marketing
e01621,"TORI FOR TOWN. DON JAZZY DON COME AGAIN WITH ANOTHER SONG, ADAOBI. ABEG SEND 707164 TO 4100 TO GET AM AS CALLERTUNE FOR N50 ONLY",legitimate,promo_marketing,exais,2014-06-14,auto: relabelled marketing
e01622,"Going to Brazil? Enjoy over 80% slash on call rates to Nigeria with MTN on Claro Network. Call@N100, SMS@N30 & Browse@10k/kb. Offer Valid till July 14th,2014",legitimate,promo_marketing,exais,2014-06-13,auto: relabelled marketing
e01623,Yello! Enjoy 2 hours browsing for only N250. Text 2H to 131 to activate MTN Simple Surf now,legitimate,promo_marketing,exais,2014-06-12,auto: relabelled marketing
e01628,Get daily gist from City People Magazine delivered to your phone with MTN Mobile Newspaper! Text CPW to 4900 to subscribe & remain updated. Costs N30/Week,legitimate,promo_marketing,exais,2014-06-06,auto: relabelled marketing
e01629,Y'ello! Get to know more about Nigeria's history this Democracy Day. Simply text NHISTORY to 700 for Nigeria History. Service costs N50 weekly,legitimate,promo_marketing,exais,2014-05-30,auto: relabelled marketing
e01630,"MTN Biz Plus for SMEs offers low call rates, voice share, data share and a lot more. Dial *460*1# or text 460 to 131 to migrate now!",legitimate,promo_marketing,exais,2014-05-30,auto: relabelled marketing
e01634,BBM Is Now On NOKIA! Grab D Nokia X smartphone with easy access To ANDROID Apps On MTN 3G Network. Visit any MTN Store to get yours today.,legitimate,promo_marketing,exais,2014-05-08,auto: relabelled marketing
e01635,"Timaya is back again with another hot tune, Bow Down exclusively on MTN Play! Text 71 to 4100 for the Callertune @ N50 & 71 to 700 for the full track @ N75!",legitimate,promo_marketing,exais,2014-05-08,auto: relabelled marketing
e01636,"Y'ello! Join the league of exceptional stars at MTN Project Fame Season 7.0. To participate, text Name & Location to 35850 to get a unique Pin @ N100 per sms",legitimate,promo_marketing,exais,2014-05-07,auto: relabelled marketing
e01640,Yello! Get easy access and prompt services at your convenience by using MTN Self Service Channels. Visit <URL> to know more .,legitimate,promo_marketing,exais,2014-04-17,auto: relabelled marketing
e01643,Today is World Health Day. Learn more about how to protect yourself from Vector- borne diseases. Dial *700*5# & follow the prompts. Starts at N10/day,legitimate,promo_marketing,exais,2014-04-08,auto: relabelled marketing
e01644,Enjoy affordable internet access with 10MB daily Internet plan. Text 104 to 131 to activate for only N100 daily.,legitimate,promo_marketing,exais,2014-04-04,auto: relabelled marketing
e01645,"Y'ello! Get FREE 200% airtime to call MTN2MTN when you recharge upto N750.Hurry & recharge before 11:59pm 9th April,2014.Dial *559*4# to view bonus",legitimate,promo_marketing,exais,2014-04-03,auto: relabelled marketing
e01646,Y'ello. You are now eligible to borrow credit when you need it. Simply dial *606# whenever your balance is less than N12 to enjoy this service. Thank you.,legitimate,promo_marketing,exais,2014-03-26,auto: relabelled marketing
e01647,"No internet? No problem; You can still enjoy Facebook without internet charges. Dial *510# for Daily, Weekly, Monthly subscriptions to Quick Facebook from MTN",legitimate,promo_marketing,exais,2014-03-25,auto: relabelled marketing
e01649,"Be first to own the new Samsung Galaxy S5 super-smart, water-resistant smartphone. Pre order it now from MTN at <URL>",legitimate,promo_marketing,exais,2014-03-19,auto: relabelled marketing
e01650,Y'ello! You can now borrow airtime when your balance is less than N12 with MTN Xtratime. Simply dial *606# to check if you can use this service. Thank you.,legitimate,promo_marketing,exais,2014-03-18,auto: relabelled marketing
e01651,Y'ello! You can now borrow airtime when your balance is less than N12 with MTN Xtratime. Simply dial *606# to check if you can use this service.,legitimate,promo_marketing,exais,2014-03-08,auto: relabelled marketing
e01652,"Y'ello! Get FREE 200% airtime to call MTN2MTN when you recharge upto N200.Hurry & recharge before 11:59pm 12th March,2014.Dial *559*4# to view bonus",legitimate,promo_marketing,exais,2014-03-06,auto: relabelled marketing
e01655,"Happy Valentine's Day! Be romantic this YelloValentine with FREE Cupid Notes, Love or Heart to Heart Quotes. Simply text CUPID, LOVE or HTH to 700.",legitimate,promo_marketing,exais,2014-02-15,auto: relabelled marketing
e01661,"Pls, kindly submit questions, marking schemes and exam scripts 4 2011/12, 2012/13, and 2013/14 of courses taught on or be4 monday. 4 CPN accreditatn of 25th.tnx",legitimate,appointment,exais,2014-08-07,auto-subtyped
e01662,Kindly pick csc 701 marking scheme in the department. Tnx. Coordinator,legitimate,other_legit,exais,2014-08-05,auto-subtyped
e01663,Csc 427 re uploaded just now.,legitimate,other_legit,exais,2014-07-01,auto-subtyped
e01664,"Dear colleague, ur prompt presence at csc 201 CAT 2morow by 10am is a great honour. I count on u dat u will not disappoint. 500 comp lab and Yakubu hall. Tnx.",legitimate,other_legit,exais,2014-03-25,auto-subtyped
e01665,Am still waiting 4 d result. It's d only one delaying. PG is meeting on it by 10am on monday. <EMAIL>,legitimate,other_legit,exais,2014-03-01,auto-subtyped
e01666,"Uwc dear, enjoy God",legitimate,promo_marketing,exais,2014-08-07,auto-subtyped
e01667,Gud evenin ma. Hw was ur day? Tnx so much ma 4 ur love and care. I rily appreciate. God bless u so much.,legitimate,other_legit,exais,2014-08-07,auto-subtyped
e01668,"Its anoda new mnth, i pray d Lord wil perfect al dat concerns u. I declare PEACE in2 ur life. Every of ur desire wil be fulfiled acording 2 his WILL. Frm Tomisin.",legitimate,other_legit,exais,2014-03-01,auto-subtyped
e01669,You're reminded of CPN accreditation committee meeting tomor at 12noon. Thanks. HOD,legitimate,other_legit,exais,2014-08-07,auto-subtyped
e01670,Mr Ayoola 08XXXXXX17,legitimate,other_legit,exais,2014-07-09,auto-subtyped
e01671,Csc 427 - 29F. Mr salako is the one in charge of Csc 323,legitimate,other_legit,exais,2014-06-16,auto-subtyped
e01672,Matric no. 09/1633 csc 323 and csc 427. Help me check the scores for this carryover student,legitimate,other_legit,exais,2014-06-16,auto-subtyped
e01673,Reminder: departmental meeting to consider 1st results holds Mon 16/06/14 @9am. HOD,legitimate,appointment,exais,2014-06-14,auto-subtyped
e01674,Departmental meeting to consider first semester results holds Monday 16/06/ 2014 at 9.00am. H.O.D,legitimate,other_legit,exais,2014-06-11,auto-subtyped
e01675,Dept meeting tomor at 10am. Kindly come with the part-time results of 1st and 2nd semester 2012/13 session. HOD,legitimate,other_legit,exais,2014-05-20,auto-subtyped
e01676,Dept meeting tomor at 10am. Kindly come with 1st and 2nd semester 2012/13 session. HOD,legitimate,other_legit,exais,2014-05-20,auto-subtyped
e01677,There will be a short training on the use of Digital Logic Trainer on fri 25/04/2014 by 12noon for all staff. HOD,legitimate,other_legit,exais,2014-04-22,auto-subtyped
e01678,Kindly make available your exam questions to me latest by wed 23/12/2014 for moderation. Thanks. HOD.,legitimate,appointment,exais,2014-04-22,auto-subtyped
e01679,All members of staff of the dept are to assist in invigilating csc 251 test which coms up tmrw bet 3:00pm-3:45pm at Colleng Aut. Thanks. HOD,legitimate,other_legit,exais,2014-03-17,auto-subtyped
e01680,Departmental meeting holds on wed 19/03/2014 at 12noon prompt. HOD,legitimate,other_legit,exais,2014-03-17,auto-subtyped
e01681,Post-data seminar of Falana O. takes place now at 11pm. Kindly attend now. HOD,legitimate,other_legit,exais,2014-03-17,auto-subtyped
e01682,Come to my office afta ur class.,legitimate,other_legit,exais,2014-06-25,auto-subtyped
e01683,Ma my matric no is 20101836,legitimate,other_legit,exais,2014-06-11,auto-subtyped
e01684,Good afternoon ma. Ma a notice was sent from the department that there was no score for my IT so I decided to inform you.thank u ma.,legitimate,other_legit,exais,2014-06-11,auto-subtyped
e01685,See me 2morrow,legitimate,other_legit,exais,2014-03-27,auto-subtyped
e01686,Place kindly collect My external hard drive from d Ghanaian guy in ur class. Thanks,legitimate,other_legit,exais,2014-03-10,auto-subtyped
e01689,Tp12/13/h/1183,legitimate,other_legit,exais,2014-08-07,auto-subtyped
e01690,<EMAIL>; ola@GOOGLECOM,legitimate,other_legit,exais,2014-08-07,auto-subtyped
e01691,"Sory, cudnt see u wen I came to campus.Was in a hurry to meet up with d group bus.We are on d way to lagos.i was nominated for a workshop in Uganda.Will cal u",legitimate,other_legit,exais,2014-07-18,auto-subtyped
e01692,"My director, ow r u this morning? Yes d seminar is going on. Oga said am not yet ready 4 presentation based on what I presented to him- Lolz. Ok I Wil inform him",legitimate,other_legit,exais,2014-02-13,auto-subtyped
e01693,"Prof. Flaky, ar u in the research group meeting? Ow far, gist me . I am in training. Pls help me tell oga I will come n see him later later. Tank u.",legitimate,other_legit,exais,2014-02-13,auto-subtyped
e01694,"Gudmorning, in a training. Send text.",legitimate,other_legit,exais,2014-02-12,auto-subtyped
e01695,Bonus service available for <PHONE>! Bonus:Funny Facts/Fitness Tips SMS & a FREE surprise gift! 1 price for all:N100/week. To get it text JOY to 38431 NOW!,legitimate,other_legit,exais,2014-08-07,auto-subtyped
e01696,First Bank Panseke Branch is giving Naira Credit Card and Personal Loan Against Salary between 12 and 48 months.Call Francis <PHONE> OR Jumoke <PHONE>.,legitimate,credit_alert,exais,2014-07-31,auto-subtyped
e01697,"Pls attend Emergency Congress at COLPLANT Auditorium by 1pm tomorrow,Jul-23,2014.Agenda:(1)2014 Promotion Exercise(2)APER Form(3)AOB.Pls be punctual.Secretary",legitimate,other_legit,exais,2014-07-22,auto-subtyped
e01698,"PLS NOTE!!! Date for Congress is Thursday,Jul-17,2014 at COLPLANT Auditorium by 1pm.Pls be punctual.Secretary",legitimate,other_legit,exais,2014-07-15,auto-subtyped
e01699,"Pls attend Congress of ASUU-UNAAB at 1pm on Thursday, July 15,2014 at COLPLANT Auditorium.Agenda (1)Earned Allowances (2) National Housing Scheme(3)Election of Deans of COLVET& COLMAS(4)Proposal from Banks(5)AOB.Pls be punctual.Secretary",legitimate,other_legit,exais,2014-07-15,auto-subtyped
e01700,Our Union is not in support of endorsement of any document in respect of payment of Earned Allowances.Kindly abide by the position of our Union.Thanks.Chairman,legitimate,other_legit,exais,2014-07-09,auto-subtyped
e01701,"Pls attend 46th Inaugural Lecture by Prof.(Mrs) Folake Henshaw on Wed.,Jul-09, 2014 by 2pm at UNAAB Ceremonial Building.Procession starts @ 1:30pm pls.Secretary",legitimate,appointment,exais,2014-07-07,auto-subtyped
e01702,"Dear Cooperator, Pls be informed that you can now collect your Dividend at the Cooperative Office located at Unity Building between 9 and 4pm daily.Thanks.",legitimate,other_legit,exais,2014-07-04,auto-subtyped
e01703,"Pls attend COLPLANT Lecture on 'Mitigating the Perils of Plagiarism:Turnitin...' by Prof. I.O. Daniel at PG School Hall by 10am tomoro,Tue., July 1,2014.Thanks",legitimate,appointment,exais,2014-06-30,auto-subtyped
e01704,RE:Pls disregard any circular from the Bursary Department requesting for your endorsement of receipt of payment as regards Earned Allowances.Thank you.Chairman,legitimate,other_legit,exais,2014-06-27,auto-subtyped
e01705,Its the D-Day! Gathering of members of ASUU-UNAAB Cooperative for 9th AGM holds by 1pm at Mahmood Yakub Auditorium.Be there & encourage fellow cooperators too.,legitimate,other_legit,exais,2014-06-25,auto-subtyped
e01706,"Are you a member of ASUU-UNAAB Cooperative?Kindly attend 9th AGM by 1pm tomoro,Wed.,Jun-25,2014 ¿ Yakub Mahmood Aud.It promises to be rewarding!Don""t miss it!",legitimate,other_legit,exais,2014-06-24,auto-subtyped
e01707,"ATTN:MEMBERS OF ASUU-UNAAB COOPERATIVE ONLY.Kindly leave out 1pm Wed,Jun-25,2014 to attend 9th AGM of ASUU-UNAAB Cooperative ¿ Yakub Mahmood Aud.Don't miss it!",legitimate,other_legit,exais,2014-06-21,auto-subtyped
e01708,"ARISING FROM THE DECISION OF CONGRESS OF ASUU-UNAAB TODAY,Jun-10,2014, PLS ATTEND 25TH REGULAR MEETING OF CONGREGATION BY 2PM TOMORROW,Jun-11,2014 AT JAO 3 AND ELECT CONGRESS APPROVED MEMBERS AS FOLLOWS:DR. B.S BADMUS -BOARD OF SURVEYDR. M.A. ATAYESE-FUNIS BOARD?PROF. A.A.A. AGBOOLA -PHYSICAL PLANNING AND CAPITAL MONITORING COMMITTEEDR. F.I. ADEOSUN, DR. A.A. ADEBOWALE, DR. C.C. OJUKWU AS CONGREGATION REPS IN SENATE.THANKS.SECRETARY",legitimate,other_legit,exais,2014-06-10,auto-subtyped
e01709,"PLS ATTEND EMERGENCY CONGRESS OF ASUU-UNAAB AT COLPLANT AUDITORIUM ON TUES.,Jun-10,2014 BY10AM.AGENDA(1)ELECTION OF REPRESENTATIVES OF CONGREGATION(2) AOB.",legitimate,other_legit,exais,2014-06-09,auto-subtyped
e01710,"Pls attend 45th Inaugural Lecture ''Grass to Grace: An Exposition on Western and Traditional Cropping Systems'' to be delivered by Prof. Philip Omoniyi Adetiloye by 2pm on WEDNESDAY, JUNE 4, 2014 at FUNAAB Ceremonial Auditorium,along Ceremonial Road,Near the Gate. Procession starts at 1:30pm.",legitimate,appointment,exais,2014-06-02,auto-subtyped
e01711,"PLS ATTEND CONGRESS OF ASUU-UNAAB 1PM ON WED.,May-21,2014 ¿ COLPLANT AUD.AGENDA:(1)REPORTS FROM NEC/NDC(2)BURNING LOCAL ISSUES(3)FIRST BANK'S PROPOSAL(4)AOB.TNX",legitimate,other_legit,exais,2014-05-19,auto-subtyped
e01712,This is to appreciate you for creating time out your very tight schedule to give Dr. OLOKODE Sunday a befitting Farewell.God Almighty will keep us all.Thank you,legitimate,other_legit,exais,2014-05-08,auto-subtyped
e01713,"Wake-Keep for Dr. OLOKODE 5pm today at Freeman Methodist Church,Ogbe Abk while Lying in State holds 10am tomoro at same venue.Pls lets honour our colleague.Tnx",legitimate,appointment,exais,2014-05-07,auto-subtyped
e01714,"With a heart full of sorrow,we announce the death of Dr. OLOKODE Sunday of Mech Engr Dept.Burial Programme starts by 5pm on Wed,May 7th @ Methodist Church,Ogbe,Abk & Final Programme holds at same venue by 10am on Thur,May 8.Lets endeavour to give him our last respect.Gowns will be available at venue",legitimate,appointment,exais,2014-05-05,auto-subtyped
e01715,"DEDUCTION AS AGREED:ASUU-UNAAB Secretariat:Profs N5,8333:33;Reader 5,000;SL 3,333:33:00,LI 2,500;LII 2,0,AL 1,666.67/month for 6 months.Report any deviation pls.",legitimate,other_legit,exais,2014-05-02,auto-subtyped
e01716,May Day is about Struggle & our struggle as a Union has brought us this far.We shall all eat fruits of our labour in good health & sound mind.Happy Workers Day!,legitimate,other_legit,exais,2014-05-01,auto-subtyped
e01717,Pls note that absenteeism @ exam duty post for invigilation violates principle of ASUU & is highly condemnable.Kindly ensure that you are at venue in good time,legitimate,appointment,exais,2014-04-28,auto-subtyped
e01718,"In line with principle of ASUU,all academic staff are enjoined to give the First Semester Examination starting on Monday 28th the maximum attention it deserves.",legitimate,other_legit,exais,2014-04-24,auto-subtyped
e01719,"Congress holds 1pm tomoro WED.,April 23 2014 ¿ COLPLANT Aud.Agenda(1)Earned Allowances(2)Annual Leave(3)Welfare(4)Appointment of Deans of COLMAS & COLVET(5)AOB",legitimate,appointment,exais,2014-04-22,auto-subtyped
e01720,The Union is aware of agitations as regards delay in the release of result of Promotion Exercise.Efforts are in top gear to ensure it is released soon & in the best interest of our members.Clarifications on payment of Earned Allowance to members is also being sought from Mgt & will be resolved today,legitimate,other_legit,exais,2014-04-01,auto-subtyped
e01721,"Good evening sir, the phone no (+234) 97XXXXXX8/782. email <EMAIL>",legitimate,other_legit,exais,2014-08-06,auto-subtyped
e01722,"Am tired. This network is really frustrating me. Imagine I wasted almost 1,300 naira on data plan just today.",legitimate,recharge,exais,2014-08-06,auto-subtyped
e01723,How far?? Are u still coming???,legitimate,other_legit,exais,2014-07-27,auto-subtyped
e01724,"Baby, we are now approaching sagamu, am seriously hungry. Av not taken any food today. Even yest food is not normal.",legitimate,other_legit,exais,2014-07-26,auto-subtyped
e01725,Okay I will replace it with a new one. U can still transfer ur data.,legitimate,other_legit,exais,2014-07-26,auto-subtyped
e01726,U didn't reply my mssg on what app. Am sorry I don't mean to,legitimate,other_legit,exais,2014-07-26,auto-subtyped
e01727,Don't worry pls find out for me,legitimate,other_legit,exais,2014-07-25,auto-subtyped
e01728,"Sorry, i slept off. I just got ur mssgs. I can't remember its specs off hand but its a sony camera. What happened dear?",legitimate,other_legit,exais,2014-07-25,auto-subtyped
e01729,Pls reply my message plsssssssssss,legitimate,other_legit,exais,2014-07-25,auto-subtyped
e01730,I don't av d confidence to talk to you right now intact I feel crying. Am troubled,legitimate,other_legit,exais,2014-07-25,auto-subtyped
e01731,Pls send message to me,legitimate,other_legit,exais,2014-07-25,auto-subtyped
e01732,Pls reply,legitimate,other_legit,exais,2014-07-25,auto-subtyped
e01733,Pls can you get me d specification- year & model,legitimate,other_legit,exais,2014-07-25,auto-subtyped
e01734,Pls reply my message,legitimate,other_legit,exais,2014-07-25,auto-subtyped
e01735,"Just ending d dinner nite, how much did u get ur camera",legitimate,other_legit,exais,2014-07-25,auto-subtyped
e01736,"Glory b 2 GOD!!! Well done dear, congrats. Enjoy ur day",legitimate,promo_marketing,exais,2014-07-24,auto-subtyped
e01737,"Hello dear, presentation successful. It was fine. Thanks 4 support.",legitimate,other_legit,exais,2014-07-24,auto-subtyped
e01738,"Tax dear, Good morning, I luv this. Keep it up.",legitimate,other_legit,exais,2014-07-24,auto-subtyped
e01739,"Guess u r in bed already darling, wanna wish a sound night rest. Sweet dreams dear",legitimate,other_legit,exais,2014-07-23,auto-subtyped
e01740,In the conference room. Call you later,legitimate,other_legit,exais,2014-07-23,auto-subtyped
e01741,"Good morning to you, hope u are fine??? I will be breaking my own fasting by 12. Am feeling dizzy and tired. Or may be we should postpone it to Sunday. Pls reply",legitimate,other_legit,exais,2014-07-11,auto-subtyped
e01742,In a meeting. College board,legitimate,other_legit,exais,2014-07-01,auto-subtyped
e01743,"Odun, you are very funny, I sent u a mssg on sat. U didn't reply. And u didn't call me this morning again knowing fully well want I went thru. D vehicle I took from Ibadan broke down b4 odeda.",legitimate,other_legit,exais,2014-06-29,auto-subtyped
e01744,"Good morning my luv, ow was ur nite? I just want to appreciate ur constant support. God Almighty will bless u abundantly. Oops I forgot, happy birthday to daddy or let me say to my grand pa. More blessed year ahead. Continue to be good. But most importantly be more romantic in speech & more. Have a lovely day.",legitimate,other_legit,exais,2014-06-28,auto-subtyped
e01745,"My dear, kindly accept and load these vouchers <ACCT> & <ACCT>. They are mtn 100 vouchers. Luv u",legitimate,debit_alert,exais,2014-05-28,auto-subtyped
e01750,"Dear Customer, your 10MB 1-Day Mobile Data plan is exhausted but your plan expires: 13/Aug/2014 17:59. Subscribe to a data plan now or Browse at bundle rate.",legitimate,promo_marketing,exais,2014-08-06,auto: relabelled marketing
e01751,"Sorry, you cannot buy another MTN Smart Biz until your current MTN Smart Biz expires on 2014-09-05 15:33:40.284.",legitimate,promo_marketing,exais,2014-08-06,auto: relabelled marketing
e01752,Your MTN Smart Biz will expire on 05/Sep/2014 15:33 and will be automatically renewed. We hope you're enjoying it. Thank you!,legitimate,promo_marketing,exais,2014-08-06,auto: relabelled marketing
e01753,"Y'ello! Your data balance is 1.50MB, Expires: 13/Aug/2014 17:59. Your subscription will be auto renewed and all unused data rolled over after renewal.",legitimate,promo_marketing,exais,2014-07-23,auto: relabelled marketing
e01754,"Welcome to 10MB 1-Day Mobile Data plan, expires 13/Aug/2014 17:59. Text 2 to 131 to view balance. You will be charged bundle rate at data bundle exhaustion within subscription validity.",legitimate,promo_marketing,exais,2014-07-23,auto: relabelled marketing
e01755,"Dear Customer, your 10MB 1-Day Mobile Data plan is exhausted but your plan expires: 12/Aug/2014 17:59. Subscribe to a data plan now or Browse at bundle rate.",legitimate,promo_marketing,exais,2014-07-23,auto: relabelled marketing
e01756,"Sorry, you cannot buy another MTN Smart Biz until your current MTN Smart Biz expires on 2014-08-20 14:36:09.721.",legitimate,promo_marketing,exais,2014-07-21,auto: relabelled marketing
e01757,Your MTN Smart Biz will expire on 20/Aug/2014 14:36 and will be automatically renewed. We hope you're enjoying it. Thank you!,legitimate,promo_marketing,exais,2014-07-21,auto: relabelled marketing
e01758,"You have successfully purchased MTN Smart Biz bundle. This includes 60mins, 30SMS, 100MB for on/off net usage in country and Business Tips. Expires: 20/Aug/2014 14:36",legitimate,promo_marketing,exais,2014-07-21,auto: relabelled marketing
e01759,"Y'ello! Your data balance is 3.45MB, Expires: 12/Aug/2014 17:59. Your subscription will be auto renewed and all unused data rolled over after renewal.",legitimate,promo_marketing,exais,2014-07-17,auto: relabelled marketing
e01760,"Welcome to 10MB 1-Day Mobile Data plan, expires 12/Aug/2014 17:59. Text 2 to 131 to view balance. You will be charged bundle rate at data bundle exhaustion within subscription validity.",legitimate,promo_marketing,exais,2014-07-17,auto: relabelled marketing
e01761,"Y'ello! Your data balance is 2.18MB, Expires: 11/Aug/2014 17:59. Your subscription will be auto renewed and all unused data rolled over after renewal.",legitimate,promo_marketing,exais,2014-07-15,auto: relabelled marketing
e01762,"Y'ello! Your data balance is 9.86MB, Expires: 11/Aug/2014 17:59. Your subscription will be auto renewed and all unused data rolled over after renewal.",legitimate,promo_marketing,exais,2014-07-14,auto: relabelled marketing
e01763,"Y'ello! Your data balance is 10.00MB, Expires: 11/Aug/2014 17:59. Your subscription will be auto renewed and all unused data rolled over after renewal.",legitimate,promo_marketing,exais,2014-07-14,auto: relabelled marketing
e01764,"Welcome to 10MB 1-Day Mobile Data plan, expires 11/Aug/2014 17:59. Text 2 to 131 to view balance. You will be charged bundle rate at data bundle exhaustion within subscription validity.",legitimate,promo_marketing,exais,2014-07-14,auto: relabelled marketing
e01765,"You have successfully migrated to MTN Biz Plus - the Voice, SMS, Mobile data bundle designed for business. Dial *460*2# to purchase a bundle now",legitimate,promo_marketing,exais,2014-07-14,auto: relabelled marketing
e01766,"Y'ello! Your data balance is 0.52MB, Expires: 10/Aug/2014 17:59. Your subscription will be auto renewed and all unused data rolled over after renewal.",legitimate,promo_marketing,exais,2014-07-13,auto: relabelled marketing
e01767,"Y'ello! Your data balance is 44.37MB, Expires: 10/Aug/2014 17:59. Your subscription will be auto renewed and all unused data rolled over after renewal.",legitimate,promo_marketing,exais,2014-07-11,auto: relabelled marketing
e01768,"Y'ello! Your data balance is 104.94MB, Expires: 10/Aug/2014 17:59. Your subscription will be auto renewed and all unused data rolled over after renewal.",legitimate,promo_marketing,exais,2014-07-10,auto: relabelled marketing
e01769,"Y'ello, your data bundle balance is 247.65MB, expires: 10/Aug/2014 17:59. you have 45.72MB of your additional data bundle, expires: 10/Aug/2014 12:00. You will be charged bundle rate at data bundle exhaustion with subscription validity.",legitimate,promo_marketing,exais,2014-07-05,auto: relabelled marketing
e01770,"Y'ello, your data bundle balance is 248.78MB, expires: 10/Aug/2014 17:59. you have 72.16MB of your additional data bundle, expires: 10/Aug/2014 12:00. You will be charged bundle rate at data bundle exhaustion with subscription validity.",legitimate,promo_marketing,exais,2014-07-05,auto: relabelled marketing
e01771,"Y'ello, your data bundle balance is 248.86MB, expires: 10/Aug/2014 17:59. you have 92.85MB of your additional data bundle, expires: 10/Aug/2014 12:00. You will be charged bundle rate at data bundle exhaustion with subscription validity.",legitimate,promo_marketing,exais,2014-07-04,auto: relabelled marketing
e01772,"Y'ello! You have received 125MB extra data in the MTN Data Delight offer, you now have 375MB. Valid for 30Days. Dial *559*2# for balance on extra data. Enjoy!",legitimate,promo_marketing,exais,2014-07-03,auto: relabelled marketing
e01773,"Welcome to 250MB 1-Month All Day plan, expires 10/Aug/2014 17:59. Text 2 to 131 to view balance. You will be charged bundle rate at data bundle exhaustion within subscription validity.",legitimate,promo_marketing,exais,2014-07-03,auto: relabelled marketing
e01774,TEXT to 131 TO BUY A MOBILE INTERNET PLAN 104 to 131 FOR DAILY MOBILE (10MB at N100);106 to 131 FOR MONTHLY MOBILE (100MB at N1000);109 to 131 FOR MONTHLY (250MB at N1500);111 to 131 FOR MONTHLY (1GB at N3500);,legitimate,promo_marketing,exais,2014-07-03,auto: relabelled marketing
e01775,Y'ello! Your request has been received and is being processed. You will receive a response shortly. Please do not resend your request. Thank you!,legitimate,promo_marketing,exais,2014-07-03,auto: relabelled marketing
e01776,"TEXT A, B, C, D, E, F, G, H or I to 131 for Details: A. MTN PLAN;B. MTN BUNDLE;C. ADD SERVICE;D. VIEW/CHANGE SERVICE;E. MISCELLANEOUS;F. MTN FASTLINK PLANS;G. MTN MOBILE INTERNET PLANS;H. MTN TOPUP;I. MTN SIMPLE SURF;",legitimate,promo_marketing,exais,2014-07-03,auto: relabelled marketing
e01777,"TEXT TO 131 TO BUY A SIMPLE SURF PLAN2H to 131=2HRS/2DAYS-N25020H to 131=20HRS/7DAYS-N1,500100H to 131=100HRS/30DAYS-N5,000300H to 131=300HRS/90DAYS-N13,000MORE to 131 for other MTN Products",legitimate,promo_marketing,exais,2014-07-03,auto: relabelled marketing
e01779,TEXT to 131 TO MIGRATE 400 TO 131 FOR MTN PAYGO PLAN;401 TO 131 FOR MTN TALKON PLAN;,legitimate,promo_marketing,exais,2014-06-26,auto: relabelled marketing
e01780,"Dear Customer, your 250MB 1-Month All Day plan is exhausted but your plan expires: 11/Jul/2014 17:59. Subscribe to a data plan now or Browse at bundle rate.",legitimate,promo_marketing,exais,2014-06-14,auto: relabelled marketing
e01781,"Y'ello! Your data balance is 205.66MB, Expires: 11/Jul/2014 17:59. Your subscription will be auto renewed and all unused data rolled over after renewal.",legitimate,promo_marketing,exais,2014-06-06,auto: relabelled marketing
e01782,"Y'ello, your data bundle balance is 248.76MB, expires: 11/Jul/2014 17:59. you have 13.06MB of your additional data bundle, expires: 11/Jul/2014 12:00. You will be charged bundle rate at data bundle exhaustion with subscription validity.",legitimate,promo_marketing,exais,2014-06-04,auto: relabelled marketing
e01783,"Y'ello, your data bundle balance is 249.82MB, expires: 11/Jul/2014 17:59. you have 94.72MB of your additional data bundle, expires: 11/Jul/2014 12:00. You will be charged bundle rate at data bundle exhaustion with subscription validity.",legitimate,promo_marketing,exais,2014-06-03,auto: relabelled marketing
e01784,"Y'ello, your data bundle balance is 250.00MB, expires: 11/Jul/2014 17:59. you have 125.66MB of your additional data bundle, expires: 11/Jul/2014 12:00. You will be charged bundle rate at data bundle exhaustion with subscription validity.",legitimate,promo_marketing,exais,2014-06-03,auto: relabelled marketing
e01785,"Welcome to 250MB 1-Month All Day plan, expires 11/Jul/2014 17:59. Text 2 to 131 to view balance. You will be charged bundle rate at data bundle exhaustion within subscription validity.",legitimate,promo_marketing,exais,2014-06-03,auto: relabelled marketing
e01786,"Dear Customer, your 250MB 1-Month All Day plan is exhausted but your plan expires: 11/Jun/2014 17:59. Subscribe to a data plan now or Browse at bundle rate.",legitimate,promo_marketing,exais,2014-05-20,auto: relabelled marketing
e01787,"Y'ello! Your data balance is 182.57MB, Expires: 11/Jun/2014 17:59. Your subscription will be auto renewed and all unused data rolled over after renewal.",legitimate,promo_marketing,exais,2014-04-30,auto: relabelled marketing
e01788,"Y'ello! Your data balance is 250.33MB, Expires: 11/Jun/2014 17:59. Your subscription will be auto renewed and all unused data rolled over after renewal.",legitimate,promo_marketing,exais,2014-04-29,auto: relabelled marketing
e01789,"Y'ello! Your data balance is 279.21MB, Expires: 11/Jun/2014 17:59. Your subscription will be auto renewed and all unused data rolled over after renewal.",legitimate,promo_marketing,exais,2014-04-28,auto: relabelled marketing
e01790,"Y'ello, your data bundle balance is 295.66MB, expires: 11/Jun/2014 17:59. you have 7.75MB of your additional data bundle, expires: 11/Jun/2014 12:00. You will be charged bundle rate at data bundle exhaustion with subscription validity.",legitimate,promo_marketing,exais,2014-04-27,auto: relabelled marketing
e01791,"Y'ello, your data bundle balance is 295.70MB, expires: 11/Jun/2014 17:59. you have 47.30MB of your additional data bundle, expires: 11/Jun/2014 12:00. You will be charged bundle rate at data bundle exhaustion with subscription validity.",legitimate,promo_marketing,exais,2014-04-26,auto: relabelled marketing
e01792,"Y'ello, your data bundle balance is 295.70MB, expires: 11/Jun/2014 17:59. you have 68.90MB of your additional data bundle, expires: 11/Jun/2014 12:00. You will be charged bundle rate at data bundle exhaustion with subscription validity.",legitimate,promo_marketing,exais,2014-04-26,auto: relabelled marketing
e01793,"Y'ello, your data bundle balance is 295.70MB, expires: 11/Jun/2014 17:59. you have 114.55MB of your additional data bundle, expires: 11/Jun/2014 12:00. You will be charged bundle rate at data bundle exhaustion with subscription validity.",legitimate,promo_marketing,exais,2014-04-25,auto: relabelled marketing
e01794,"Y'ello, your data bundle balance is 295.70MB, expires: 11/Jun/2014 17:59. you have 125.01MB of your additional data bundle, expires: 11/Jun/2014 12:00. You will be charged bundle rate at data bundle exhaustion with subscription validity.",legitimate,promo_marketing,exais,2014-04-25,auto: relabelled marketing
e01795,"Acct: ******1736Amt: NGN100.00 DrDesc: Airtime Purchase-USSD-101CT<ACCT>¿USSDAvail Bal: NGN47,936.41",legitimate,debit_alert,exais,2014-08-06,auto-subtyped
e01796,"Acct: ******1736Amt: NGN300.00 DrDesc: Airtime Purchase-USSD-101CT<ACCT>¿USSDAvail Bal: NGN46,736.41",legitimate,debit_alert,exais,2014-08-06,auto-subtyped
e01797,"Acct: ******1736Amt: NGN900.00 DrDesc: Airtime Purchase-USSD-101CT<ACCT>¿USSDAvail Bal: NGN47,36.41",legitimate,debit_alert,exais,2014-08-06,auto-subtyped
e01798,"Acct: ******1736Amt: NGN100.00 CrDesc: REVERSAL OF ENTRY-7/31/2014Avail Bal: NGN48,36.41",legitimate,debit_alert,exais,2014-08-05,auto-subtyped
e01799,"Acct: ******1736Amt: NGN5,000.00 DrDesc: CASH WDL FROM OUR ATM-GTBank EBranch UNAAB Ogun OGNG STAN<ACCT>Avail Bal: NGN47,936.41",legitimate,debit_alert,exais,2014-08-05,auto-subtyped
e01800,"Acct: ******1736Amt: NGN40,000.00 DrDesc: TRANSFER BETWEEN CUSTOMERS-FROM OLAYIWOLA O ESTHER TO ADEJIMI A OLUSESIAvail Bal: NGN52,936.41",legitimate,debit_alert,exais,2014-08-04,auto-subtyped
e01801,"Acct: ******1736Amt: NGN15,000.00 DrDesc: CASH WDL FROM OUR ATM-GTBank EBranch UNAAB Ogun OGNG STAN<ACCT>Avail Bal: NGN92,936.41",legitimate,debit_alert,exais,2014-08-02,auto-subtyped
e01802,"Acct: ******1736Amt: NGN100.00 DrDesc: Airtime Purchase-USSD-101CT<ACCT>¿USSDAvail Bal: NGN107,936.41",legitimate,debit_alert,exais,2014-07-31,auto-subtyped
e01803,"Acct: ******1736Amt: NGN112.00 DrDesc: SI TRANSACTION (DIFFERENT CUSTOMERS)-SMS CHARGE FOR JULY 2014Avail Bal: NGN108,36.41",legitimate,debit_alert,exais,2014-07-30,auto-subtyped
e01804,"Acct: ******1736Amt: NGN10,000.00 DrDesc: CASH WDL FROM OUR ATM-GTBank Asero Abeokuta OGNG STAN<ACCT>Avail Bal: NGN108,148.41",legitimate,debit_alert,exais,2014-07-29,auto-subtyped
e01805,"Acct: ******1736Amt: NGN200.00 DrDesc: Airtime Purchase-USSD-101CT<ACCT>¿USSDAvail Bal: NGN118,148.41",legitimate,debit_alert,exais,2014-07-29,auto-subtyped
e01806,"Acct: ******1736Amt: NGN105,033.30 CrDesc: MTHLY SALARY-trBP 906 FUNAAB JULY 2014 SALARYAvail Bal: NGN118,348.41",legitimate,debit_alert,exais,2014-07-25,auto-subtyped
e01807,"Acct: ******1736Amt: NGN200.00 DrDesc: Airtime Purchase-USSD-101CT<ACCT>¿USSDAvail Bal: NGN13,315.11",legitimate,debit_alert,exais,2014-07-23,auto-subtyped
e01808,"Acct: ******1736Amt: NGN7,200.00 CrDesc: OTHER TRANSACTION WITHOUT COT.-trBP 906 HONORARIA FOR INVIGILATION OF 1ST SEMESTER EXAMINATIONAvail Bal: NGN13,515.11",legitimate,debit_alert,exais,2014-07-23,auto-subtyped
e01809,"Acct: ******1736Amt: NGN100.00 DrDesc: Airtime Purchase-USSD-101CT<ACCT>¿USSDAvail Bal: NGN6,315.11",legitimate,debit_alert,exais,2014-07-23,auto-subtyped
e01810,"Acct: ******1736Amt: NGN100.00 DrDesc: Airtime Purchase-USSD-101CT<ACCT>¿USSDAvail Bal: NGN6,415.11",legitimate,debit_alert,exais,2014-07-23,auto-subtyped
e01811,"Acct: ******1736Amt: NGN1,000.00 DrDesc: Airtime Purchase-USSD-101CT<ACCT>¿USSDAvail Bal: NGN6,515.11",legitimate,debit_alert,exais,2014-07-21,auto-subtyped
e01812,"Acct: ******1736Amt: NGN60,000.00 DrDesc: FASTTRACK CASH WDL-15199906-906/1489 CASH WITHDRAWAL BY OLAYIWOLA OLUWAFOLAKE ESTHERAvail Bal: NGN7,515.11",legitimate,debit_alert,exais,2014-07-21,auto-subtyped
e01813,"Acct: ******1736Amt: NGN100.00 DrDesc: Airtime Purchase-USSD-101CT<ACCT>¿USSDAvail Bal: NGN67,515.11",legitimate,debit_alert,exais,2014-07-19,auto-subtyped
e01814,"Acct: ******1736Amt: NGN20,000.00 DrDesc: CASH WDL FROM OTHERS ATM-Gbongan1 Oshogbo NG STAN<ACCT>Avail Bal: NGN69,615.11",legitimate,debit_alert,exais,2014-07-19,auto-subtyped
e01815,"Acct: ******1736Amt: NGN2,000.00 DrDesc: CASH WDL FROM OTHERS ATM-Gbongan1 Oshogbo NG STAN<ACCT>Avail Bal: NGN67,615.11",legitimate,debit_alert,exais,2014-07-19,auto-subtyped
e01816,"Need to buy N1,000 airtime? Simply dial *737*1000# to purchase from your GTBank account to your GTBank registered mobile number now.",legitimate,recharge,exais,2014-07-19,auto-subtyped
e01817,"Acct: ******1736Amt: NGN6,000.00 DrDesc: CASH WDL FROM OTHERS ATM-SKYE OAU BRANCH ATM 2 ILE-IFE NG STAN<ACCT>Avail Bal: NGN89,615.11",legitimate,debit_alert,exais,2014-07-18,auto-subtyped
e01818,"Acct: ******1736Amt: NGN100.00 DrDesc: Airtime Purchase-USSD-101CT<ACCT>¿USSDAvail Bal: NGN95,615.11",legitimate,debit_alert,exais,2014-07-18,auto-subtyped
e01819,"Acct: ******1736Amt: NGN100.00 DrDesc: Airtime Purchase-USSD-101CT<ACCT>¿USSDAvail Bal: NGN95,715.11",legitimate,debit_alert,exais,2014-07-17,auto-subtyped
e01820,"Acct: ******1736Amt: NGN33,500.00 DrDesc: STANDING INSTRUCTION-TRANSFER FROM OLAYIWOLA OLUWAFOLAKE ESTHER TO OLAYIWOLA OLUWAFOLAKE ESTHERAvail Bal: NGN95,815.11",legitimate,debit_alert,exais,2014-07-15,auto-subtyped
e01821,"Acct: ******8580Amt: NGN33,500.00 CrDesc: STANDING INSTRUCTION-TRANSFER FROM OLAYIWOLA OLUWAFOLAKE ESTHER TO OLAYIWOLA OLUWAFOLAKE ESTHERAvail Bal: NGN134,0",legitimate,debit_alert,exais,2014-07-15,auto-subtyped
e01822,"Acct: ******1736Amt: NGN90,000.00 DrDesc: TRANSFER BETWEEN CUSTOMERS-FROM OLAYIWOLA OLUWAFOLAKE TO ABAYOMI-ALLI ADEBAYOAvail Bal: NGN129,315.11",legitimate,debit_alert,exais,2014-07-15,auto-subtyped
e01823,"Acct: ******1736Amt: NGN20,000.00 DrDesc: CASH WDL FROM OTHERS ATM-Abeokuta Main2 Ogun NG STAN<ACCT>Avail Bal: NGN219,315.11",legitimate,debit_alert,exais,2014-07-15,auto-subtyped
e01824,"Acct: ******1736Amt: NGN20,000.00 DrDesc: CASH WDL FROM OTHERS ATM-Abeokuta Main2 Ogun NG STAN<ACCT>Avail Bal: NGN239,315.11",legitimate,debit_alert,exais,2014-07-15,auto-subtyped
e01825,"Acct: ******1736Amt: NGN100.00 DrDesc: Airtime Purchase-USSD-101CT<ACCT>¿USSDAvail Bal: NGN259,315.11",legitimate,debit_alert,exais,2014-07-14,auto-subtyped
e01826,"Acct: ******1736Amt: NGN8,000.00 DrDesc: CASH WDL FROM OTHERS ATM-OBA LIPEDE BRANCH ATM ABEOKUTA NG STAN<ACCT>Avail Bal: NGN259,415.11",legitimate,debit_alert,exais,2014-07-13,auto-subtyped
e01827,"Acct: ******1736Amt: NGN60,000.00 CrDesc: TRANSFER BETWEEN CUSTOMERS-FROM ADEJIMI ALABA TO OLAYIWOLA OLUWAFOLAKEAvail Bal: NGN267,415.11",legitimate,debit_alert,exais,2014-07-08,auto-subtyped
e01828,"Acct: ******1736Amt: NGN18,000.00 DrDesc: CASH WDL FROM OTHERS ATM-UNAAB MFB ABEOKUTA NG STAN<ACCT>Avail Bal: NGN207,415.11",legitimate,debit_alert,exais,2014-07-03,auto-subtyped
e01829,"Acct: ******1736Amt: NGN2,000.00 DrDesc: CASH WDL FROM OUR ATM-GTBank Bodija Ibadan OYNG STAN<ACCT>Avail Bal: NGN225,415.11",legitimate,debit_alert,exais,2014-06-29,auto-subtyped
e01830,"Acct: ******1736Amt: NGN76.00 DrDesc: SI TRANSACTION (DIFFERENT CUSTOMERS)-SMS CHARGE FOR JUNE 2014Avail Bal: NGN227,415.11",legitimate,debit_alert,exais,2014-06-28,auto-subtyped
e01831,"Acct: ******1736Amt: NGN50,000.00 CrDesc: TRANSFER BETWEEN CUSTOMERS-LOCAL CONFERENCEAvail Bal: NGN122,457.81",legitimate,debit_alert,exais,2014-06-26,auto-subtyped
e01832,"Acct: ******1736Amt: NGN3,000.00 DrDesc: CASH WDL FROM OUR ATM-GTBank Asero Abeokuta OGNG STAN<ACCT>Avail Bal: NGN72,457.81",legitimate,debit_alert,exais,2014-06-24,auto-subtyped
e01833,"Discover an easier way to top up your mobile phone from GTBank account using GTBank's 1-click TopUp. Simply dial *737*amount# e.g *737*1000# for N1,000 airtime",legitimate,recharge,exais,2014-06-22,auto-subtyped
e01834,"Acct: ******1736Amt: NGN10,000.00 DrDesc: CASH WDL FROM OTHERS ATM-Gbongan1 Oshogbo NG STAN<ACCT>Avail Bal: NGN75,457.81",legitimate,debit_alert,exais,2014-06-21,auto-subtyped
e01835,"Acct: ******1736Amt: NGN10,000.00 DrDesc: CASH WDL FROM OUR ATM-GTBank EBranch UNAAB Ogun OGNG STAN<ACCT>Avail Bal: NGN85,457.81",legitimate,debit_alert,exais,2014-06-20,auto-subtyped
e01836,"Acct: ******1736Amt: NGN33,500.00 DrDesc: STANDING INSTRUCTION-TRANSFER FROM OLAYIWOLA OLUWAFOLAKE ESTHER TO OLAYIWOLA OLUWAFOLAKE ESTHERAvail Bal: NGN95,457.81",legitimate,debit_alert,exais,2014-06-17,auto-subtyped
e01837,"Acct: ******8580Amt: NGN33,500.00 CrDesc: STANDING INSTRUCTION-TRANSFER FROM OLAYIWOLA OLUWAFOLAKE ESTHER TO OLAYIWOLA OLUWAFOLAKE ESTHERAvail Bal: NGN100,500",legitimate,debit_alert,exais,2014-06-17,auto-subtyped
e01838,"Acct: ******1736Amt: NGN5,000.00 DrDesc: CASH WDL FROM OUR ATM-GTBank Asero Abeokuta OGNG STAN<ACCT>Avail Bal: NGN128,957.81",legitimate,debit_alert,exais,2014-06-15,auto-subtyped
e01839,"Acct: ******1736Amt: NGN6,000.00 DrDesc: FASTTRACK CASH WDL-14094027-906/4413 CASH WITHDRAWAL BY OLAYIWOLA OLUWAFOLAKE ESTHERAvail Bal: NGN133,957.81",legitimate,debit_alert,exais,2014-06-10,auto-subtyped
e01840,"Acct: ******1736Amt: NGN10,000.00 DrDesc: TRANSFER BETWEEN CUSTOMERS-Avail Bal: NGN",legitimate,debit_alert,exais,2014-06-10,auto-subtyped
e01841,"Acct: ******1736Amt: NGN11,000.00 DrDesc: CASH WDL FROM OUR ATM-GTBank OAU Branch Ile-Ife OSNG STAN<ACCT>Avail Bal: NGN149,957.81",legitimate,debit_alert,exais,2014-06-06,auto-subtyped
e01842,"Acct: ******1736Amt: NGN7,000.00 DrDesc: CASH WDL FROM OTHERS ATM-UNAAB MFB ABEOKUTA NG STAN<ACCT>Avail Bal: NGN160,957.81",legitimate,debit_alert,exais,2014-06-05,auto-subtyped
e01843,"Acct: ******1736Amt: NGN2,300.00 CrDesc: CASH DEPOSIT-OLAYIWOLA JOHNAvail Bal: NGN167,957.81",legitimate,debit_alert,exais,2014-06-04,auto-subtyped
e01844,"Acct: ******1736Amt: NGN5,000.00 DrDesc: TRANSFER BETWEEN CUSTOMERS-FROM OLAYIWOLA OLUWAFOLAKE TO AJAYI OMOWUNMIAvail Bal: NGN165,657.81",legitimate,debit_alert,exais,2014-06-03,auto-subtyped
e01845,"Acct: ******1736Amt: NGN75,000.00 CrDesc: FASTTRACK CASH DEPOSIT-13902527-906/4413 CASH DEPOSIT BY OLAYIWOLA OLUWAFOLAKE ESTHERAvail Bal: NGN170,657.81",legitimate,debit_alert,exais,2014-06-03,auto-subtyped
e01846,"Acct: ******1736Amt: NGN302,769.25 DrDesc: TIME DEPOSIT INVESTMENT-Avail Bal: NGN95,657.81",legitimate,debit_alert,exais,2014-06-02,auto-subtyped
e01847,"Acct: ******1736Amt: NGN6,000.00 DrDesc: CASH WDL FROM OTHERS ATM-Abeokuta Main2 Ogun NG STAN<ACCT>Avail Bal: NGN398,427.06",legitimate,debit_alert,exais,2014-05-31,auto-subtyped
e01848,"Acct: ******1736Amt: NGN5,000.00 DrDesc: CASH WDL FROM OUR ATM-GTBank Asero Abeokuta OGNG STAN<ACCT>Avail Bal: NGN101,657.81",legitimate,debit_alert,exais,2014-05-29,auto-subtyped
e01849,"Acct: ******1736Amt: NGN64.00 DrDesc: SI TRANSACTION (DIFFERENT CUSTOMERS)-SMS CHARGE FOR MAY 2014Avail Bal: NGN106,657.81",legitimate,debit_alert,exais,2014-05-29,auto-subtyped
e01850,"Acct: ******1736Amt: NGN105,033.30 CrDesc: MTHLY SALARY-trBP 906 MAY 2014 SALARYAvail Bal: NGN106,721.81",legitimate,debit_alert,exais,2014-05-28,auto-subtyped
e01851,"Acct: ******1736Amt: NGN2,000.00 DrDesc: CASH WDL FROM OUR ATM-GTBank Asero Abeokuta OGNG STAN<ACCT>Avail Bal: NGN1,688.51",legitimate,debit_alert,exais,2014-05-25,auto-subtyped
e01852,"Acct: ******1736Amt: NGN3,000.00 DrDesc: CASH WDL FROM OTHERS ATM-UNAAB MFB ABEOKUTA NG STAN<ACCT>Avail Bal: NGN3,688.51",legitimate,debit_alert,exais,2014-05-23,auto-subtyped
e01853,"Acct: ******1736Amt: NGN2,000.00 DrDesc: CASH WDL FROM OUR ATM-GTBank UNAAB Branch Abeokuta OGNG STAN<ACCT>Avail Bal: NGN6,688.51",legitimate,debit_alert,exais,2014-05-19,auto-subtyped
e01854,"Acct: ******1736Amt: NGN7,000.00 DrDesc: CASH WDL FROM OUR ATM-GTBank Asero Abeokuta OGNG STAN<ACCT>Avail Bal: NGN8,688.51",legitimate,debit_alert,exais,2014-05-17,auto-subtyped
e01855,"Acct: ******8580Amt: NGN33,500.00 CrDesc: STANDING INSTRUCTION-TRANSFER FROM OLAYIWOLA OLUWAFOLAKE ESTHER TO OLAYIWOLA OLUWAFOLAKE ESTHERAvail Bal: NGN67,0",legitimate,debit_alert,exais,2014-05-16,auto-subtyped
e01856,"Acct: ******1736Amt: NGN33,500.00 DrDesc: STANDING INSTRUCTION-TRANSFER FROM OLAYIWOLA OLUWAFOLAKE ESTHER TO OLAYIWOLA OLUWAFOLAKE ESTHERAvail Bal: NGN15,688.51",legitimate,debit_alert,exais,2014-05-16,auto-subtyped
e01857,"Acct: ******1736Amt: NGN5,000.00 DrDesc: CASH WDL FROM OUR ATM-GTBank Asero Abeokuta OGNG STAN<ACCT>Avail Bal: NGN49,188.51",legitimate,debit_alert,exais,2014-05-12,auto-subtyped
e01858,"Acct: ******1736Amt: NGN5,000.00 DrDesc: CASH WDL FROM OUR ATM-GTBank UNAAB Branch Abeokuta OGNG STAN<ACCT>Avail Bal: NGN54,188.51",legitimate,debit_alert,exais,2014-05-06,auto-subtyped
e01859,"Acct: ******1736Amt: NGN301,386.99 DrDesc: TIME DEPOSIT INVESTMENT-Avail Bal: NGN64,188.51",legitimate,debit_alert,exais,2014-05-02,auto-subtyped
e01860,"Acct: ******1736Amt: NGN10,000.00 DrDesc: CASH WDL FROM OTHERS ATM-OAU ileife ATM2 Osun NG STAN<ACCT>Avail Bal: NGN365,575.5",legitimate,debit_alert,exais,2014-05-02,auto-subtyped
e01861,"Acct: ******1736Amt: NGN5,000.00 DrDesc: CASH WDL FROM OTHERS ATM-BODIJA BO ATM 2 IBADAN NG STAN<ACCT>Avail Bal: NGN375,575.5",legitimate,debit_alert,exais,2014-05-01,auto-subtyped
e01862,"Acct: ******1736Amt: NGN301,386.99 CrDesc: MATURED TIME DEPOSIT TRANS. TO CUST. A/C-0492/0445957/001/0057/000Avail Bal: NGN380,575.5",legitimate,debit_alert,exais,2014-05-01,auto-subtyped
e01863,"Acct: ******1736Amt: NGN52.00 DrDesc: SI TRANSACTION (DIFFERENT CUSTOMERS)-SMS CHARGE FOR APRIL 2014Avail Bal: NGN79,188.51",legitimate,debit_alert,exais,2014-04-30,auto-subtyped
e01864,"Acct: ******1736Amt: NGN20,000.00 DrDesc: CASH WDL FROM OUR ATM-GTBank Asero Abeokuta OGNG STAN<ACCT>Avail Bal: NGN99,240.51",legitimate,debit_alert,exais,2014-04-28,auto-subtyped
e01865,"Acct: ******1736Amt: NGN20,000.00 DrDesc: CASH WDL FROM OUR ATM-GTBank Asero Abeokuta OGNG STAN<ACCT>Avail Bal: NGN79,240.51",legitimate,debit_alert,exais,2014-04-28,auto-subtyped
e01866,"Acct: ******1736Amt: NGN105,033.30 CrDesc: MTHLY SALARY-trBP 906 APRIL 2014 SALARYAvail Bal: NGN119,240.51",legitimate,debit_alert,exais,2014-04-25,auto-subtyped
e01867,"Acct: ******1736Amt: NGN3,000.00 DrDesc: CASH WDL FROM OUR ATM-GTBank EBranch UNAAB Ogun OGNG STAN<ACCT>Avail Bal: NGN14,207.21",legitimate,debit_alert,exais,2014-04-24,auto-subtyped
e01868,"Acct: ******8580Amt: NGN33,500.00 CrDesc: STANDING INSTRUCTION-TRANSFER FROM OLAYIWOLA OLUWAFOLAKE ESTHER TO OLAYIWOLA OLUWAFOLAKE ESTHERAvail Bal: NGN33,500",legitimate,debit_alert,exais,2014-04-15,auto-subtyped
e01869,"Acct: ******1736Amt: NGN33,500.00 DrDesc: STANDING INSTRUCTION-TRANSFER FROM OLAYIWOLA OLUWAFOLAKE ESTHER TO OLAYIWOLA OLUWAFOLAKE ESTHERAvail Bal: NGN17,207.21",legitimate,debit_alert,exais,2014-04-15,auto-subtyped
e01870,"Acct: ******1736Amt: NGN4,000.00 DrDesc: FASTTRACK CASH WDL-12747852-906/4413 CASH WITHDRAWAL BY OLAYIWOLA OLUWAFOLAKE ESTHERAvail Bal: NGN50,707.21",legitimate,debit_alert,exais,2014-04-15,auto-subtyped
e01871,"Acct: ******1736Amt: NGN2,000.00 DrDesc: CASH WDL FROM OUR ATM-GTBank Asero Abeokuta OGNG STAN<ACCT>Avail Bal: NGN54,707.21",legitimate,debit_alert,exais,2014-04-12,auto-subtyped
e01872,"Acct: ******1736Amt: NGN10,000.00 DrDesc: TRANSFER BETWEEN CUSTOMERS-FROM OLAYIWOLA O ESTHERAvail Bal: NGN56,707.21",legitimate,debit_alert,exais,2014-04-11,auto-subtyped
e01873,"Acct: ******1736Amt: NGN4,000.00 DrDesc: FASTTRACK CASH WDL-12669551-906/7756 CASH WITHDRAWAL BY OLAYIWOLA OLUWAFOLAKE ESTHERAvail Bal: NGN66,707.21",legitimate,debit_alert,exais,2014-04-11,auto-subtyped
e01874,"Acct: ******1736Amt: NGN6,000.00 DrDesc: CASH WDL FROM OUR ATM-GTBank Asero Abeokuta OGNG STAN<ACCT>Avail Bal: NGN70,707.21",legitimate,debit_alert,exais,2014-04-06,auto-subtyped
e01875,"Acct: ******1736Amt: NGN300,000.00 DrDesc: TIME DEPOSIT INVESTMENT-Avail Bal: NGN76,707.21",legitimate,debit_alert,exais,2014-04-02,auto-subtyped
e01876,"Acct: ******1736Amt: NGN37,000.00 DrDesc: FASTTRACK CASH WDL-12397822-906/7756 CASH WITHDRAWAL BY OLAYIWOLA OLUWAFOLAKE ESTHERAvail Bal: NGN376,707.21",legitimate,debit_alert,exais,2014-04-02,auto-subtyped
e01877,"Acct: ******1736Amt: NGN106,599.97 CrDesc: MTHLY SALARY-trBP 906 MARCH 2014 SALARYAvail Bal: NGN413,707.21",legitimate,debit_alert,exais,2014-04-01,auto-subtyped
e01878,"Acct: ******1736Amt: NGN48.00 DrDesc: SI TRANSACTION (DIFFERENT CUSTOMERS)-SMS CHARGE FOR March 2014Avail Bal: NGN307,107.24",legitimate,debit_alert,exais,2014-03-29,auto-subtyped
e01879,"Acct: ******1736Amt: NGN10,000.00 DrDesc: CASH WDL FROM OTHERS ATM-Gbongan1 Oshogbo NG STAN<ACCT>Avail Bal: NGN307,155.24",legitimate,debit_alert,exais,2014-03-22,auto-subtyped
e01880,"Acct: ******1736Amt: NGN18,000.00 DrDesc: FASTTRACK CASH WDL-11864362-906/7756 CASH WITHDRAWAL BY OLAYIWOLA OLUWAFOLAKE ESTHERAvail Bal: NGN317,155.24",legitimate,debit_alert,exais,2014-03-12,auto-subtyped
e01881,"Acct: ******1736Amt: NGN5,000.00 DrDesc: TRANSFER BETWEEN CUSTOMERS-FROM OLAYIWOLA OLUWAFADEKE TO KOLARU O HELENAvail Bal: NGN335,155.24",legitimate,debit_alert,exais,2014-03-12,auto-subtyped
e01882,"Acct: ******1736Amt: NGN18,000.00 DrDesc: TRANSFER BETWEEN CUSTOMERS-FROM OLAYIWOLA OLUWAFADEKE TO TLM TRAVELSAvail Bal: NGN340,155.24",legitimate,debit_alert,exais,2014-03-12,auto-subtyped
e01883,"Acct: ******1736Amt: NGN5,000.00 DrDesc: CASH WDL FROM OTHERS ATM-ILESA BRANCH OSUN STATE NG STAN<ACCT>Avail Bal: NGN358,155.24",legitimate,debit_alert,exais,2014-03-08,auto-subtyped
e01884,"Acct: ******1736Amt: NGN5,000.00 CrDesc: CASH DEPOSIT-PST GEORGEAvail Bal: NGN363,155.24",legitimate,debit_alert,exais,2014-03-05,auto-subtyped
e01885,"Acct: ******1736Amt: NGN20,000.00 DrDesc: TRANSFER BETWEEN CUSTOMERS-TRF FRM OLAYIWOLA OLUWAFOLAKE TO OGUNMADE OLUWASEUNAvail Bal: NGN358,155.24",legitimate,debit_alert,exais,2014-03-04,auto-subtyped
e01886,"Acct: ******1736Amt: NGN18,500.00 DrDesc: TRANSFER BETWEEN CUSTOMERS-TRF FRM OLAYIWOLA OLUWAFOLAKE TO NOAH OLUSOLAAvail Bal: NGN378,155.24",legitimate,debit_alert,exais,2014-03-04,auto-subtyped
e01887,"Acct: ******1736Amt: NGN10,000.00 DrDesc: FASTTRACK CASH WDL-11646563-492/1177 CASH WITHDRAWAL BY OLAYIWOLA OLUWAFOLAKE ESTHERAvail Bal: NGN396,655.24",legitimate,debit_alert,exais,2014-03-04,auto-subtyped
e01888,"Acct: ******1736Amt: NGN7,000.00 DrDesc: CASH WDL FROM OUR ATM-GTBank Asero Abeokuta OGNG STAN<ACCT>Avail Bal: NGN406,655.24",legitimate,debit_alert,exais,2014-03-01,auto-subtyped
e01889,"Acct: ******1736Amt: NGN106,699.97 CrDesc: MTHLY SALARY-trBP 906 FEB 2014 SALARYAvail Bal: NGN413,655.24",legitimate,debit_alert,exais,2014-02-27,auto-subtyped
e01890,"Acct: ******1736Amt: NGN60.00 DrDesc: SI TRANSACTION (DIFFERENT CUSTOMERS)-SMS CHARGE FOR FEBRUARY 2014Avail Bal: NGN306,955.27",legitimate,debit_alert,exais,2014-02-27,auto-subtyped
e01891,"Acct: ******1736Amt: NGN5,000.00 DrDesc: FASTTRACK CASH WDL-11429937-906/7756 CASH WITHDRAWAL BY OLAYIWOLA OLUWAFOLAKE ESTHERAvail Bal: NGN307,15.27",legitimate,debit_alert,exais,2014-02-24,auto-subtyped
e01892,"Acct: ******1736Amt: NGN8,000.00 DrDesc: CASH WDL FROM OUR ATM-GTBank Asero Abeokuta OGNG STAN<ACCT>Avail Bal: NGN312,15.27",legitimate,debit_alert,exais,2014-02-18,auto-subtyped
e01893,"Acct: ******1736Amt: NGN9,000.00 DrDesc: CASH WDL FROM OTHERS ATM-53 GBANGAN RDOSHOGBO NG STAN<ACCT>Avail Bal: NGN320,15.27",legitimate,debit_alert,exais,2014-02-14,auto-subtyped
e01894,"Acct: ******1736Amt: NGN8,000.00 DrDesc: CASH WDL FROM OTHERS ATM-FCMB MOSHOOD ABIOLA WAY, IBADAN, OYNG STAN<ACCT>Avail Bal: NGN329,15.27",legitimate,debit_alert,exais,2014-02-12,auto-subtyped
e01895,"Acct: ******1736Amt: NGN105,033.30 CrDesc: MTHLY SALARY-trBP 906 JUNE 2014 SALARYAvail Bal: NGN227,491.11",legitimate,debit_alert,exais,2013-01-01,auto-subtyped
e01896,"Acct: ******1736Amt: NGN5,000.00 DrDesc: CASH WDL FROM OUR ATM-GTBank Asero Abeokuta OGNG STAN<ACCT>Avail Bal: NGN59,188.51",legitimate,debit_alert,exais,2013-01-01,auto-subtyped
e01897,Ref: 442701583 06/08 15:35:15 Bonus: Dial*559*1# Amt: N300.00 Prev bal: N19.16 Bal: N319.16 Visit: <URL> From: MTN VTU TopUp,legitimate,recharge,exais,2014-08-06,auto-subtyped
e01898,"Ref: 442700471 06/08 15:32:36 Bonus: Dial*559*1# Amt: N900.00 Prev bal: N119.16 Bal: N1,019.16 Visit: <URL> From: MTN VTU TopUp",legitimate,recharge,exais,2014-08-06,auto-subtyped
e01899,Ref: 442699903 06/08 15:31:07 Bonus: Dial*559*1# Amt: N100.00 Prev bal: N19.16 Bal: N119.16 Visit: <URL> From: MTN VTU TopUp,legitimate,recharge,exais,2014-08-06,auto-subtyped
e01900,Ref: 439677703 29/07 11:16:26 Bonus: Dial*559*1# Amt: N200.00 Prev bal: N5.42 Bal: N205.42 Visit: <URL> From: MTN VTU TopUp,legitimate,recharge,exais,2014-07-29,auto-subtyped
e01901,Ref: 438037087 23/07 20:57:49 Bonus: Dial*559*1# Amt: N200.00 Prev bal: N87.54 Bal: N287.54 Visit: <URL> From: MTN VTU TopUp,legitimate,recharge,exais,2014-07-23,auto-subtyped
e01902,Ref: 437711569 23/07 06:49:39 Bonus: Dial*559*1# Amt: N100.00 Prev bal: N90.46 Bal: N190.46 Visit: <URL> From: MTN VTU TopUp,legitimate,recharge,exais,2014-07-23,auto-subtyped
e01903,Ref: 437707461 23/07 06:29:56 Bonus: Dial*559*1# Amt: N100.00 Prev bal: N0.00 Bal: N100.00 Visit: <URL> From: MTN VTU TopUp,legitimate,recharge,exais,2014-07-23,auto-subtyped
e01904,"Ref: 437173535 21/07 14:35:12 Bonus: Dial*559*1# Amt: N1,000.00 Prev bal: N0.00 Bal: N1,000.00 Visit: <URL> From: MTN VTU TopUp",legitimate,recharge,exais,2014-07-21,auto-subtyped
e01905,Ref: 436671796 19/07 16:58:58 Bonus: Dial*559*1# Amt: N100.00 Prev bal: N0.08 Bal: N100.08 Visit: <URL> From: MTN VTU TopUp,legitimate,recharge,exais,2014-07-19,auto-subtyped
e01906,Ref: 436167242 18/07 07:34:12 Bonus: Dial*559*1# Amt: N100.00 Prev bal: N0.00 Bal: N100.00 Visit: <URL> From: MTN VTU TopUp,legitimate,recharge,exais,2014-07-18,auto-subtyped
e01907,Ref: 435784334 17/07 07:42:57 Bonus: Dial*559*1# Amt: N100.00 Prev bal: N0.00 Bal: N100.00 Visit: <URL> From: MTN VTU TopUp,legitimate,recharge,exais,2014-07-17,auto-subtyped
e01908,Ref: 434935585 14/07 19:36:00 Bonus: Dial*559*1# Amt: N100.00 Prev bal: N0.00 Bal: N100.00 Visit: <URL> From: MTN VTU TopUp,legitimate,recharge,exais,2014-07-14,auto-subtyped
e01909,"Ref: <ACCT>/07 14:46:42Amt: N1,500.00From: <ACCT>Voucher recharge Pin: <ACCT>Voucher serialno: <ACCT>",legitimate,debit_alert,exais,2014-07-03,auto-subtyped
e01910,Ref: 424430613 19/06 18:42:01 Bonus: Dial*559*1# Amt: N100.00 Prev bal: N0.30 Bal: N100.30 Visit: <URL> From: <ACCT>,legitimate,debit_alert,exais,2014-06-19,auto-subtyped
e01911,Ref: 422477005 15/06 01:53:00 Bonus: Dial*559*1# Amt: N200.00 Prev bal: N0.00 Bal: N200.00 Visit: <URL> From: <ACCT>,legitimate,debit_alert,exais,2014-06-15,auto-subtyped
e01912,"Ref: 417006461 03/06 15:45:54 Bonus: Dial*559*1# Amt: N1,300.00 Prev bal: N0.00 Bal: N1,300.00 Visit: <URL> From: <ACCT>",legitimate,debit_alert,exais,2014-06-03,auto-subtyped
e01913,Ref: 409465434 15/05 13:58:46 Bonus: Dial*559*1# Amt: N100.00 Prev bal: N0.00 Bal: N100.00 Visit: <URL> From: <ACCT>,legitimate,debit_alert,exais,2014-05-15,auto-subtyped
e01914,"Good morning ma, we have bn 2 d venue buh ws told sme ppl r avn test ma...d assignment is alrdy wt me ma buh we r avn class presently ma...will make I gt 2 ur office immediately after d class ma..tanx ma(Hoc mts)",legitimate,appointment,exais,2014-08-06,auto-subtyped
e01915,"Goodmrni ma, hw ws ur 9t ma? Pls ma,we were @ d venue dis mrni buh d cdinator wsn't arnd till 9:20a.m dah we left d venue ma.will cme n c u ma. H.O.C maths",legitimate,appointment,exais,2014-07-09,auto-subtyped
e01916,"To enjoy 100% bonus for airtime purchase on your Airtel line, simply dial *903# to get registered on AccessMoney. For enquiries, please call: 01-2712005-7",legitimate,recharge,exais,2014-08-05,auto-subtyped
e01917,"Buy airtime on your Airtel line with AccessMoney *903# & enjoy 100% bonus. Visit any Access Bank branch to fund your wallet. For enquiries, call: 01-2712005-7",legitimate,recharge,exais,2014-08-04,auto-subtyped
e01918,"Now you can Buy Airtime & Send Money with AccessMoney. Just dial *903# to register, activate and get started today. For enquiries, please call: 01-2712005-7",legitimate,recharge,exais,2014-07-31,auto-subtyped
e01919,"APPRECIATE GOD WITH UR CALLER TUNE For Excellent Jesus ,Txt 032128 to 4100 OR For Am a Divine Project by Nkiru Momah, txt 032127 to 4100.Cost N50each",legitimate,promo_marketing,exais,2014-08-05,auto: relabelled marketing
e01921,"I've Dropped It At D Dept Ma.Dat Was Wat I Was Trying 2 Tell U,thanks Ma.I Wil See U At Ur Office 2morrow.",legitimate,other_legit,exais,2014-08-05,auto-subtyped
e01922,Am in a seminar @ international center. You can drop it @ Mr Aborisade' s office.,legitimate,other_legit,exais,2014-08-05,auto-subtyped
e01923,Pls send 200 card to this number Name: Dr. ShodiyaTel: 0803 455 1851,legitimate,other_legit,exais,2014-06-18,auto-subtyped
e01924,Name: Erioluwa MscTel: 080XXXXXX25Name: Erioluwa Msc1Tel: 070XXXXXX13,legitimate,other_legit,exais,2014-08-05,auto-subtyped
e01925,Name: Erioluwa MscTel: 080XXXXXX25Name: Erioluwa Msc1Tel: 070XXXXXX14,legitimate,other_legit,exais,2014-08-05,auto-subtyped
e01926,Name: Abiodun MscTel: 080XXXXX597Name: Abiodun Msc1Tel: 080XXXXXXX41,legitimate,other_legit,exais,2014-05-26,auto-subtyped
e01927,Name: My New gtb NoTel: 00XXXXXX36,legitimate,other_legit,exais,2014-05-22,auto-subtyped
e01928,"Please call me. Test your brain power with riddles delivered to you daily. Text ""RIDDLE"" TO 33334 at only N50 weekly",legitimate,other_legit,exais,2014-05-12,auto-subtyped
e01929,"Good am sir,dis is d Acct details-number-<ACCT>-name-wilson Yemi mariam-bank-first bank,thank u sir.",legitimate,debit_alert,exais,2014-04-14,auto-subtyped
e01930,May d new month bring many opportunities for success. May all ur dreams become realities & all ur efforts be turned to great achievmnts IJN.,legitimate,other_legit,exais,2014-04-01,auto-subtyped
e01931,7.21E+11,legitimate,other_legit,exais,2014-03-31,auto-subtyped
e01936,You can be the Lucky Winner of the Centenary Mega Jackpot of 100M Naira! To Celebrate Nigeria @ 100! Text 100 to 35777 NOW. Daily prizes still up for grabs.,scam,promo_win,exais,2014-07-22,auto: fraud
e01941,OFFICIAL NIGERIA CENTENARY PROMO! N100m cash + 1CAR Daily & 563 OTHER WINNERS EVERYDAY!Enter NOW! Send WIN to 35777. SMS N100. Live Draw on NTA 8pm daily.,scam,promo_win,exais,2014-04-10,auto: fraud
e01944,Get the latest Mercy Remix by the Praiz and Diana king on MTN Callertune! Text 75 to 4100 to get it now. N50/tune,legitimate,promo_marketing,exais,2014-08-05,auto: relabelled marketing
e01945,Get the latest hit Dorobucci by The Mavins crew on MTN Callertune! Text 030100 to 4100 to get it now. N50/tune.,legitimate,promo_marketing,exais,2014-06-07,auto: relabelled marketing
e01946,Get the hot new single Tchelete by Davido & Mafikizolo! Text 68 to 4100 for the Callertune @ N50,legitimate,promo_marketing,exais,2014-05-27,auto: relabelled marketing
e01947,Get your Callers listening to Olomi by Ara on MTN Callertunez. Text 019803 to 4100 to get it now for N50.,legitimate,promo_marketing,exais,2014-05-02,auto: relabelled marketing
e01948,"Get the hot single from Mocheddah ft. Phyno, Destinambari on MTN Callertunez! Text 703279 to 4100 to get it now or 031051 for Johnny by Yemi Alade! N50/tune.",legitimate,promo_marketing,exais,2014-04-24,auto: relabelled marketing
e01949,Get your Callers listening to Johny by Yemi Alade on MTN Callertunez. Text 031051 to 4100 to get it now for N50.,legitimate,promo_marketing,exais,2014-04-14,auto: relabelled marketing
e01953,Catch the Football fever on Facebook without internet. Dial *510# and join Free quick Facebook now!,legitimate,promo_marketing,exais,2014-06-21,auto: relabelled marketing
e01954,Received with thanks sir.,legitimate,other_legit,exais,2014-08-04,auto-subtyped
e01955,Prof Adagunodo 080XXXXXX09,legitimate,other_legit,exais,2014-08-04,auto-subtyped
e01956,"Good morning sir, going through the programme, I discover our research team is presenting today. What time are we meeting today sir. My power point is not ready yet and I forgot my research note book .",legitimate,other_legit,exais,2014-07-23,auto-subtyped
e01957,Send Dr soda,legitimate,other_legit,exais,2014-07-21,auto-subtyped
e01958,Folake,legitimate,other_legit,exais,2014-07-21,auto-subtyped
e01959,"Sir, Am waiting at Cisco",legitimate,other_legit,exais,2014-07-18,auto-subtyped
e01960,"Good afternoon sir, my PhD working topic - An adaptive mesh based peer-to-peer live streaming system.",legitimate,other_legit,exais,2014-07-13,auto-subtyped
e01961,Kindly send your PhD research topic for inclusion in NCS conference proceedings. It is urgent.,legitimate,other_legit,exais,2014-07-13,auto-subtyped
e01962,"Good evening sir, how is everybody over there Sir, pls sir, I want to make inquire about d conference in Sept.",legitimate,other_legit,exais,2014-07-02,auto-subtyped
e01963,Rcvd with thx,legitimate,other_legit,exais,2014-06-20,auto-subtyped
e01964,Name: Dami MscTel: 070XXXXXX62Name: Dami Msc1Tel: 08XXXXXXX06,legitimate,other_legit,exais,2014-06-20,auto-subtyped
e01965,Pls send me dammy's phone nbr,legitimate,other_legit,exais,2014-06-20,auto-subtyped
e01966,I had issue with my laptop but I will profile a solution soonest. I will definitely work very fast on the simulation. I will show d result next week . am planning to come & see u. Thanks sir& sorry 4 d delay,legitimate,other_legit,exais,2014-04-24,auto-subtyped
e01967,How far have gone with ns3 simulation? Pls work hard so that we can resend to a journal by may.,legitimate,other_legit,exais,2014-04-24,auto-subtyped
e01968,"Okay sir, I will study it & feed you back latest on Monday. thanks and God bless you sir",legitimate,other_legit,exais,2014-04-23,auto-subtyped
e01969,Pls read up bifurcation theory of dynmical system in order to apply to your msc research. You need to transform the scheme into a differential eqn.,legitimate,other_legit,exais,2014-04-23,auto-subtyped
e01970,Name: Ajagbe ImmigrationTel: 08XXXXXXX92,legitimate,other_legit,exais,2014-03-25,auto-subtyped
e01971,On my way to bishop court,legitimate,other_legit,exais,2014-03-08,auto-subtyped
e01972,We are u?,legitimate,other_legit,exais,2014-03-08,auto-subtyped
e01973,Come to the Bishopcourt in parakin. I suppose,legitimate,other_legit,exais,2014-03-08,auto-subtyped
e01974,About to leave Ilesa for Ife. When should we meet sir?,legitimate,other_legit,exais,2014-03-08,auto-subtyped
e01975,Where are u? I am in a mtg in parakin:-) .,legitimate,other_legit,exais,2014-03-08,auto-subtyped
e01976,"Sir, when is this programme likely to end? I need do some things @ d central market& am travelling today as well.",legitimate,other_legit,exais,2014-03-07,auto-subtyped
e01977,I am in the Pg Seminar Room,legitimate,other_legit,exais,2014-03-07,auto-subtyped
e01978,Hello team! I will coord. Folake will teach ns-3 supported by Tosin; i teach Matlab rudiments supported by all. Biodun & Princewill will demonstrate data analysis using their project. Pls see later today for briefing. Thx & God is blessing you.,legitimate,other_legit,exais,2014-03-04,auto-subtyped
e01979,Dr adesina gave us apptmnt for 12pm in his office,legitimate,other_legit,exais,2014-02-13,auto-subtyped
e01980,"Pls, am still waiting for the",legitimate,other_legit,exais,2014-08-04,auto-subtyped
e01981,From Osodu take a bus to Badagry. At Badagry ask for Living Faith Church. Take the road neside the road to Golden suite Hotel. That is where we r staying,legitimate,other_legit,exais,2014-06-27,auto-subtyped
e01982,Name: feyiTel: <PHONE>,legitimate,other_legit,exais,2014-03-06,auto-subtyped
e01983,"E se jare ore mi. Ehn, what sort of material can one read sef, any idea? I would av called but only flashing credit and bbm service. Do av a lovely day #wink",legitimate,credit_alert,exais,2014-03-04,auto-subtyped
e01984,"Really, all d best oooo, make sure u read very well, I trust u. God Wil favour u. Am now @ Ife.",legitimate,other_legit,exais,2014-03-03,auto-subtyped
e01985,"Evenin sis mi, e ku ise eni and e de tun ku alejo wa ojo. I got a message from PG sch stating that the PG exam is comin up this Sat. I'll av to liv Os on Fri.",legitimate,appointment,exais,2014-03-03,auto-subtyped
e01986,"Txn Id R140804.1915.210257 to recharge 45 NGN from <ACCT> is successful. New balance is 45.19 NGN, validity till 0 & grace till 0.To see Airtime Bonus,pls call *223#.",legitimate,debit_alert,exais,2014-08-04,auto-subtyped
e01987,"Txn Id R140803.1416.220139 to recharge 45 NGN from <ACCT> is successful. New balance is 45.09 NGN, validity till 0 & grace till 0.To see Airtime Bonus,pls call *223#.",legitimate,debit_alert,exais,2014-08-03,auto-subtyped
e01988,"Txn Id R140801.1727.220106 to recharge 45 NGN from <ACCT> is successful. New balance is 51.49 NGN, validity till 0 & grace till 0.To see Airtime Bonus,pls call *223#.",legitimate,debit_alert,exais,2014-08-01,auto-subtyped
e01989,"Txn Id R140728.1340.210177 to recharge 45 NGN from <ACCT> is successful. New balance is 45.29 NGN, validity till 0 & grace till 0.To see Airtime Bonus,pls call *223#.",legitimate,debit_alert,exais,2014-07-28,auto-subtyped
e01990,"s,pls call *223#.",legitimate,other_legit,exais,2014-07-17,auto-subtyped
e01991,"Txn Id R140717.0847.220159 to recharge 45 NGN from <ACCT> is successful. New balance is 45.20 NGN, validity till 0 & grace till 0.To see Airtime Bonu",legitimate,debit_alert,exais,2014-07-17,auto-subtyped
e01992,"Txn Id R140714.1731.220240 to recharge 45 NGN from <ACCT> is successful. New balance is 45.21 NGN, validity till 0 & grace till 0.To see Airtime Bonus,pls call *223#.",legitimate,debit_alert,exais,2014-07-14,auto-subtyped
e01993,"Txn Id R140711.1216.220017 to recharge 45 NGN from <ACCT> is successful. New balance is 50 NGN, validity till 0 & grace till 0.To see Airtime Bonus,pls call *223#.",legitimate,debit_alert,exais,2014-07-11,auto-subtyped
e01994,"Txn Id R140710.1622.210150 to recharge 45 NGN from <ACCT> is successful. New balance is 48.74 NGN, validity till 0 & grace till 0.To see Airtime Bonus,pls call *223#.",legitimate,debit_alert,exais,2014-07-10,auto-subtyped
e01995,"Txn Id R140706.1452.220066 to recharge 45 NGN from <ACCT> is successful. New balance is 45.04 NGN, validity till 0 & grace till 0.To see Airtime Bonus,pls call *223#.",legitimate,debit_alert,exais,2014-07-06,auto-subtyped
e01996,"Txn Id R140704.1451.220105 to recharge 45 NGN from <ACCT> is successful. New balance is 48.24 NGN, validity till 0 & grace till 0.To see Airtime Bonus,pls call *223#.",legitimate,debit_alert,exais,2014-07-04,auto-subtyped
e01997,"Txn Id R140703.1129.220180 to recharge 45 NGN from <ACCT> is successful. New balance is 45.04 NGN, validity till 0 & grace till 0.To see Airtime Bonus,pls call *223#.",legitimate,debit_alert,exais,2014-07-03,auto-subtyped
e01998,"Txn Id R140702.1931.210257 to recharge 90 NGN from <ACCT> is successful. New balance is 123.20 NGN, validity till 0 & grace till 0.To see Airtime Bonus,pls call *223#.",legitimate,debit_alert,exais,2014-07-02,auto-subtyped
e01999,"Txn Id R140701.2311.220091 to recharge 45 NGN from <ACCT> is successful. New balance is 45 NGN, validity till 0 & grace till 0.To see Airtime Bonus,pls call *223#.",legitimate,debit_alert,exais,2014-07-01,auto-subtyped
e02000,"Txn Id R140628.1003.210023 to recharge 45 NGN from <ACCT> is successful. New balance is 50.10 NGN, validity till 0 & grace till 0.To see Airtime Bonus,pls call *223#.",legitimate,debit_alert,exais,2014-06-28,auto-subtyped
e02001,"Txn Id R140625.2151.210016 to recharge 45 NGN from <ACCT> is successful. New balance is 45.30 NGN, validity till 0 & grace till 0.To see Airtime Bonus,pls call *223#.",legitimate,debit_alert,exais,2014-06-25,auto-subtyped
e02002,"Txn Id R140625.0818.220090 to recharge 45 NGN from <ACCT> is successful. New balance is 45.10 NGN, validity till 0 & grace till 0.To see Airtime Bonu",legitimate,debit_alert,exais,2014-06-25,auto-subtyped
e02003,"Txn Id R140622.1738.210176 to recharge 90 NGN from <ACCT> is successful. New balance is 90.10 NGN, validity till 0 & grace till 0.To see Airtime Bonus,pls call *223#.",legitimate,debit_alert,exais,2014-06-22,auto-subtyped
e02004,"Txn Id R140622.1738.210176 to recharge 90 NGN from <ACCT> is successful. New balance is 90.10 NGN, validity till 0 & grace till 0.To see Airtime Bonu",legitimate,debit_alert,exais,2014-06-22,auto-subtyped
e02005,"Txn Id R140618.2312.210010 to recharge 90 NGN from <ACCT> is successful. New balance is 90.02 NGN, validity till 0 & grace till 0.To see Airtime Bonus,pls call *223#.",legitimate,debit_alert,exais,2014-06-18,auto-subtyped
e02006,"Txn Id R140614.2143.210022 to recharge 90 NGN from <ACCT> is successful. New balance is 90.22 NGN, validity till 0 & grace till 0.To see Airtime Bonus,pls call *223#.",legitimate,debit_alert,exais,2014-06-14,auto-subtyped
e02007,"Txn Id R140610.1914.220027 to recharge 45 NGN from <ACCT> is successful. New balance is 45.30 NGN, validity till 0 & grace till 0.To see Airtime Bonus,pls call *223#.",legitimate,debit_alert,exais,2014-06-10,auto-subtyped
e02008,"Txn Id R140606.1221.210060 to recharge 45 NGN from <ACCT> is successful. New balance is 45.10 NGN, validity till 0 & grace till 0.To see Airtime Bonus,pls call *223#.",legitimate,debit_alert,exais,2014-06-06,auto-subtyped
e02009,"Txn Id R140529.1902.210109 to recharge 90 NGN from <ACCT> is successful. New balance is 90.35 NGN, validity till 0 & grace till 0.To see Airtime Bonus,pls call *223#.",legitimate,debit_alert,exais,2014-05-29,auto-subtyped
e02010,"Txn Id R140522.1948.220401 to recharge 45 NGN from <ACCT> is successful. New balance is 45.15 NGN, validity till 0 & grace till 0.To see Airtime Bonus,pls call *223#.",legitimate,debit_alert,exais,2014-05-22,auto-subtyped
e02011,"Txn Id R140518.1404.220051 to recharge 45 NGN from <ACCT> is successful. New balance is 45.35 NGN, validity till 0 & grace till 0.To see Airtime Bonus,pls call *223#.",legitimate,debit_alert,exais,2014-05-18,auto-subtyped
e02012,"Txn Id R140518.1404.220051 to recharge 45 NGN from <ACCT> is successful. New balance is 45.35 NGN, validity till 0 & grace till 0.To see Airtime Bonu",legitimate,debit_alert,exais,2014-05-18,auto-subtyped
e02013,"Txn Id R140512.2011.210158 to recharge 180 NGN from <ACCT> is successful. New balance is 185.85 NGN, validity till 0 & grace till 0.To see Airtime Bonus,pls call *223#.",legitimate,debit_alert,exais,2014-05-12,auto-subtyped
e02014,"Txn Id R140507.0946.220134 to recharge 45 NGN from <ACCT> is successful. New balance is 71.45 NGN, validity till 0 & grace till 0.To see Airtime Bonus,pls call *223#.",legitimate,debit_alert,exais,2014-05-07,auto-subtyped
e02015,"Txn Id R140502.0802.210087 to recharge 45 NGN from <ACCT> is successful. New balance is 45.15 NGN, validity till 0 & grace till 0.To see Airtime Bonus,pls call *223#.",legitimate,debit_alert,exais,2014-05-02,auto-subtyped
e02016,"Dear Customer, you have been credited with 45N. Please recharge by 07/08/2014 to repay this amount.",legitimate,recharge,exais,2014-08-04,auto-subtyped
e02017,"Dear Customer, you have been credited with 45N. Please recharge by 06/08/2014 to repay this amount.",legitimate,recharge,exais,2014-08-03,auto-subtyped
e02018,"Dear Customer, you have been credited with 45N. Please recharge by 04/08/2014 to repay this amount.",legitimate,recharge,exais,2014-08-01,auto-subtyped
e02019,"Dear Customer, you have been credited with 45N. Please recharge by 31/07/2014 to repay this amount.",legitimate,recharge,exais,2014-07-28,auto-subtyped
e02020,"Dear Customer, you have been credited with 45N. Please recharge by 20/07/2014 to repay this amount.",legitimate,recharge,exais,2014-07-17,auto-subtyped
e02021,"Dear Customer, you have been credited with 45N. Please recharge by 17/07/2014 to repay this amount.",legitimate,recharge,exais,2014-07-14,auto-subtyped
e02022,"Dear Customer, you have been credited with 45N. Please recharge by 14/07/2014 to repay this amount.",legitimate,recharge,exais,2014-07-11,auto-subtyped
e02023,"Dear Customer, you have been credited with 45N. Please recharge by 13/07/2014 to repay this amount.",legitimate,recharge,exais,2014-07-10,auto-subtyped
e02024,"Dear Customer, you have been credited with 45N. Please recharge by 09/07/2014 to repay this amount.",legitimate,recharge,exais,2014-07-06,auto-subtyped
e02025,"Dear Customer, you have been credited with 45N. Please recharge by 07/07/2014 to repay this amount.",legitimate,recharge,exais,2014-07-04,auto-subtyped
e02026,"Dear Customer, you have been credited with 45N. Please recharge by 06/07/2014 to repay this amount.",legitimate,recharge,exais,2014-07-03,auto-subtyped
e02027,"Dear Customer, you have been credited with 90N. Please recharge by 05/07/2014 to repay this amount.",legitimate,recharge,exais,2014-07-02,auto-subtyped
e02028,"Dear Customer, you have been credited with 45N. Please recharge by 04/07/2014 to repay this amount.",legitimate,recharge,exais,2014-07-01,auto-subtyped
e02029,"Dear Customer, you have been credited with 45N. Please recharge by 01/07/2014 to repay this amount.",legitimate,recharge,exais,2014-06-28,auto-subtyped
e02030,"Dear Customer, you have been credited with 45N. Please recharge by 28/06/2014 to repay this amount.",legitimate,recharge,exais,2014-06-25,auto-subtyped
e02031,Your Auto Credit is now active. You will be automatically credited when your balance falls below N 7.20 (12K/SEC). To unsubscribe dial *500#.,legitimate,credit_alert,exais,2014-06-25,auto-subtyped
e02032,"Dear Customer, you have been credited with 90N. Please recharge by 25/06/2014 to repay this amount.",legitimate,recharge,exais,2014-06-22,auto-subtyped
e02033,"Dear Customer, you have been credited with 90N. Please recharge by 21/06/2014 to repay this amount.",legitimate,recharge,exais,2014-06-18,auto-subtyped
e02034,"Pls sir, I can't make it still in the office. Probably next week",legitimate,other_legit,exais,2014-08-04,auto-subtyped
e02035,"FOLAKE DEAR, AO WAS UR WIKEND 2MORO IS ANODA DAY AT FGBMFI IN CAMP BETWEEN 4:30 2 5:30 PM, I WIL LIK U 2 B MY GUEST AT DEWOT CENTRE CAMP.",legitimate,other_legit,exais,2014-08-03,auto-subtyped
e02036,"guday 2 u folake, trying ur no bt nt reachable, try 2 see me 2moro wen ard on campus.fatokun",legitimate,other_legit,exais,2014-07-13,auto-subtyped
e02045,"Get the latest international breaking news on MTN Mobile Newspaper, Text INW to 4900 @N30 weekly.",legitimate,promo_marketing,exais,2014-04-01,auto: relabelled marketing
e02046,"Dear Customer, N50 has been deducted from your account. Your loan is now fully settled.",legitimate,other_legit,exais,2014-08-02,auto-subtyped
e02047,"Dear Customer, N100 has been deducted from your account. Your loan is now fully settled.",legitimate,other_legit,exais,2014-07-03,auto-subtyped
e02048,"Dear Customer, N99.80 has been deducted from your account. Your loan is now fully settled.",legitimate,other_legit,exais,2014-06-18,auto-subtyped
e02049,"Dear Customer, N0.20 has been deducted from your account to repay your N100 loan. Your balance is now N99.80. Please recharge your line.",legitimate,recharge,exais,2014-06-17,auto-subtyped
e02050,"Dear Customer, N99.92 has been deducted from your account. Your loan is now fully settled.",legitimate,other_legit,exais,2014-06-04,auto-subtyped
e02051,"Dear Customer, N0.33 has been deducted from your account to repay your N50 loan. Your balance is now N49.67. Please recharge your line.",legitimate,recharge,exais,2014-05-26,auto-subtyped
e02052,"Dear Customer, you have been credited with N45 at N5 service charge. Please recharge by 25/05/2014 to repay your borrowed credit.",legitimate,credit_alert,exais,2014-05-22,auto-subtyped
e02053,"Dear Customer, you have been credited with N45 at N5 service charge. Please recharge by 21/05/2014 to repay your borrowed credit.",legitimate,credit_alert,exais,2014-05-18,auto-subtyped
e02054,"Dear Customer, N0.33 has been deducted from your account to repay your N200 loan. Your balance is now N199.67. Please recharge your line.",legitimate,recharge,exais,2014-05-15,auto-subtyped
e02055,"May this month be filled with the goodness & mercy of God for you & your household. I decree, no one shall take your rightful position IJN. Happy New month.",legitimate,other_legit,exais,2014-08-01,auto-subtyped
e02056,"Good morning, how are you? See a bright later day! A bright future! ""Think of the bee! Make friends with your future! Never give up."" Have a fruitful week.",legitimate,other_legit,exais,2014-04-07,auto-subtyped
e02057,"Each moment in a day has its own value, may each moment in dis month be filled with abundant blessings & accident free. Happy & Fruitful month.Popoola",legitimate,other_legit,exais,2014-04-01,auto-subtyped
e02058,"Dear subscriber, you have just been credited with 15MB of data",legitimate,other_legit,exais,2014-08-01,auto-subtyped
e02059,"Enjoy your share of N200 Airtime today, Call 14120 for FREE to get yours Now...",legitimate,recharge,exais,2014-07-30,auto-subtyped
e02060,Welcome to Extra CreditReply with1 for Auto Credit2 for Get it now,legitimate,other_legit,exais,2014-07-18,auto-subtyped
e02061,Enjoy Additional Airtime today. Call 14120 for FREE to get yours Now,legitimate,recharge,exais,2014-07-17,auto-subtyped
e02062,Call 14120 for FREE everytime you NEED to get Airtime...,legitimate,recharge,exais,2014-07-15,auto-subtyped
e02063,"Don't RUN out of AIRTIME this New Week, Call 14120 for FREE to get MORE....Now",legitimate,recharge,exais,2014-07-14,auto-subtyped
e02064,Unsuccessful.Youdonothaveenoughbalancetosubscribeforthisservice.Pleaserechargeandtryagain.,legitimate,other_legit,exais,2014-07-11,auto-subtyped
e02065,Successful.YourTalkMoreAccounthasbeencreditedwithN240forcalls/sms/datavalidfor24hrs,legitimate,other_legit,exais,2014-07-09,auto-subtyped
e02066,Don't MISS out on our N200 AIRTIME today. Call 14120 for FREE to get yours Now,legitimate,recharge,exais,2014-07-09,auto-subtyped
e02067,We have N200 Airtime up for GRABS!! Call 14120 for FREE to get yours Now,legitimate,recharge,exais,2014-07-08,auto-subtyped
e02068,Call 14120 for FREE to Enjoy Airtime....Always,legitimate,recharge,exais,2014-07-07,auto-subtyped
e02069,TGIF!!! CAll 14120 to Enjoy Additional Airtime today,legitimate,recharge,exais,2014-07-04,auto-subtyped
e02070,<ussd><type>3</type><msg>Successful.YourTalkMoreAccounthasbeencreditedwithN750forcalls/sms/datavalidfor24hrs.</msg></ussd>,legitimate,other_legit,exais,2014-07-02,auto-subtyped
e02071,Call 14120 for FREE this NEW MONTH to get More AIRTIME.....Anytime,legitimate,recharge,exais,2014-07-01,auto-subtyped
e02081,"Lik a flower,u shal blosom,flourish&bear pleasant fruit in due season&as u step in2anoda promisg mont may u experienc excedingly great abundanc IJN.apy new mont",legitimate,other_legit,exais,2014-08-01,auto-subtyped
e02082,"Just like dey told noah d rain won't come,it's already been said that Jesus won't b coming bk.Bt like those washed away by d flood,many wil b sent to Hell!Try nt to b part of those who didn't believ or got distracted,stay on d path of righeousness.Have a blessed August",legitimate,other_legit,exais,2014-08-01,auto-subtyped
e02083,"Friend,b DILIGENT!Do everytn wit excelenc.pay atention 2 detailshandl d smal brktrus,opotunities as if dey wer d big onesB faithful in litle thinsluke 16:12",legitimate,other_legit,exais,2014-05-01,auto-subtyped
e02084,"Friend,Arise!mak a diferenc where u ar ryt nw.B a solutn 2 problems,innovate ideasU were made in d image of d Almighty God,u cary His genesRise & take charge",legitimate,other_legit,exais,2014-03-01,auto-subtyped
e02085,"Dear Customer, Your airtime purchase via USSD failed. Please try again. Transaction Failed . Please try again.",legitimate,recharge,exais,2014-07-31,auto-subtyped
e02086,Experience convenience! Use GTBank 1-Click Airtime topup from your GTBank account from your registered phone number. Simply dial *737*AMOUNT# e.g. *737*1000#,legitimate,recharge,exais,2014-07-12,auto-subtyped
e02087,"Discover an easier way to top up your mobile phone from GTBank account using GTBank's 1-Click Top Up. Simply dial *737*AMOUNT# e.g *737*1000# for N1,000 airtime",legitimate,recharge,exais,2014-06-29,auto-subtyped
e02088,"Monitor updates on traffic, accidents and crime in real time! Download the CITY NAV app by clicking <URL> Data charges apply",legitimate,other_legit,exais,2014-07-31,auto-subtyped
e02089,"COLNAS COLLEGE BOARD,NEW VENUE OF MEETING:-BIOLOGY LABORATORY,TIME:- 12:30PM.DATE:-30/7/2014. O.T OSAYEMI FOR C.O",legitimate,appointment,exais,2014-07-30,auto-subtyped
e02090,"Good morning ma, the college board meeting is presently going on now @ biology lab.",legitimate,other_legit,exais,2014-07-30,auto-subtyped
e02091,Back to Enugu.,legitimate,other_legit,exais,2014-07-25,auto-subtyped
e02092,<PHONE>-Hilton hotel,legitimate,other_legit,exais,2014-07-25,auto-subtyped
e02093,Follow the car and stop at their park. Then enter a cab or a bus that is coming to abapka tell them u are going to Nike towards Alulu.......as uke drive nike,legitimate,other_legit,exais,2014-07-25,auto-subtyped
e02094,Gud morning. pls get d address of d hotel /or how i can get taxi to d hotel n text me wit it.,legitimate,other_legit,exais,2014-07-25,auto-subtyped
e02095,"Okay, safe trip ma.",legitimate,other_legit,exais,2014-07-24,auto-subtyped
e02096,Stil on d way.,legitimate,other_legit,exais,2014-07-24,auto-subtyped
e02097,"Afternoon ma, still waiting to hear from you. Pls kindly reply. Am worried.",legitimate,other_legit,exais,2014-07-24,auto-subtyped
e02098,"How are u? pls do nt buy fruits, i am coming w fruits.",legitimate,other_legit,exais,2014-07-21,auto-subtyped
e02099,Ok ma,legitimate,other_legit,exais,2014-07-07,auto-subtyped
e02100,"Thanks. I am fine, i wil c u tmrw.",legitimate,other_legit,exais,2014-07-07,auto-subtyped
e02101,"Good afternoon ma, am just checking on u ma. Hope all is well? Regards to everyone.",legitimate,other_legit,exais,2014-07-07,auto-subtyped
e02102,i hav re-uploaded CSC 251 to reflect d 2 stdts.,legitimate,other_legit,exais,2014-07-02,auto-subtyped
e02103,"Ahhhhhhh, it is well, God Will lay his mighty hand on him. Quick recovery in Jesus name.",legitimate,other_legit,exais,2014-07-02,auto-subtyped
e02104,"My boy is having high fever, i hav to take him to c Doctors ds morning. i wil join u later in d sch.",legitimate,other_legit,exais,2014-07-02,auto-subtyped
e02105,Okay ma,legitimate,other_legit,exais,2014-06-30,auto-subtyped
e02106,i hav re-uploadd csc 251 bcos of 12/2706.,legitimate,other_legit,exais,2014-06-30,auto-subtyped
e02107,How re u? pls prepare to join dm 4 result processing tmr.,legitimate,other_legit,exais,2014-06-29,auto-subtyped
e02108,"Yes ma, am fyn, I just to tell u ma that I can't make to scul today, am on my way to Lagos for a wedding ceremony. Have a lovely weekend ma.",legitimate,other_legit,exais,2014-06-27,auto-subtyped
e02109,How re u? I hope u re okan?,legitimate,other_legit,exais,2014-06-27,auto-subtyped
e02110,"I am nt coming, i wil be going 4 ncs meeting.",legitimate,other_legit,exais,2014-06-26,auto-subtyped
e02111,if u can pls collect my food.,legitimate,other_legit,exais,2014-06-25,auto-subtyped
e02112,Where re u?,legitimate,other_legit,exais,2014-06-25,auto-subtyped
e02113,I wil be leaving by 8:10am.,legitimate,other_legit,exais,2014-06-20,auto-subtyped
e02114,Hav u sent d result?,legitimate,other_legit,exais,2014-06-18,auto-subtyped
e02115,som missing results n many failures! let's meet early to look at it.,legitimate,other_legit,exais,2014-06-15,auto-subtyped
e02116,Send d updated version of csc 251 cat to <EMAIL> urgent!,legitimate,other_legit,exais,2014-06-14,auto-subtyped
e02117,U can collect fr him n write down his no.,legitimate,other_legit,exais,2014-06-12,auto-subtyped
e02118,pick one fruit salad.,legitimate,other_legit,exais,2014-06-10,auto-subtyped
e02119,"Pls be informed dt PT defense comes up on Wed., 11th of June at 10am. Thank you 4 yr usual cooperatn. Vincent",legitimate,other_legit,exais,2014-06-03,auto-subtyped
e02120,"Alright ma, have a lovely day. Regards to my aburos",legitimate,other_legit,exais,2014-05-27,auto-subtyped
e02121,I wil nt be in sch today but tmrw.,legitimate,other_legit,exais,2014-05-27,auto-subtyped
e02122,Bring yr calculaor along,legitimate,other_legit,exais,2014-05-09,auto-subtyped
e02123,I am waiting 4 d paper.,legitimate,other_legit,exais,2014-04-23,auto-subtyped
e02124,Waec result: Eng-c4maths-b2f/maths-b3econs-c4agric-b3chemistry-b3phy-c5bio-c6.....Jamb result:eng-50phy-48bio-57chem-45aggregate=200.....4r,legitimate,other_legit,exais,2014-04-20,auto-subtyped
e02125,"I am going hom, we c tmr.",legitimate,other_legit,exais,2014-04-14,auto-subtyped
e02126,Pls do nt collect assignment fr any studt. Dy hv submittd to me.Vinc,legitimate,other_legit,exais,2014-04-02,auto-subtyped
e02127,At college board. I wil join u in class. Dr Vincent,legitimate,other_legit,exais,2014-04-01,auto-subtyped
e02128,I am nt sure we can come tday. Many correctns i hav to do.Dr Vincent,legitimate,other_legit,exais,2014-03-29,auto-subtyped
e02129,u ve nt put d scripts in my car.,legitimate,other_legit,exais,2014-03-27,auto-subtyped
e02130,"Hello, .happy sunday. That single's prg has bn held last wk. Regards",legitimate,other_legit,exais,2014-03-16,auto-subtyped
e02131,"Evening ma, I have send d papers to your gmail.",legitimate,other_legit,exais,2014-03-13,auto-subtyped
e02132,conti. i want to get fuel.,legitimate,other_legit,exais,2014-03-13,auto-subtyped
e02133,Pls let do Dr folorunso's assignmt ds mornx. Downld it once u get to d office.,legitimate,other_legit,exais,2014-03-13,auto-subtyped
e02134,Pls be informd dt we re contributing 2K each to help Adejimi 4 her recent health challenges.Ds is to be paid tmrw.Thanks,legitimate,other_legit,exais,2014-03-02,auto-subtyped
e02135,"Happy Sunday to u ma, sorry can't make it, am presently in school. I will cal Mrs Adejinmi. Thanks & God bless. Regards to everyone.",legitimate,other_legit,exais,2014-03-02,auto-subtyped
e02136,hop to get to Adejimi' by 5pm,legitimate,other_legit,exais,2014-03-02,auto-subtyped
e02137,"Sorry about that ma, hope you are getting better. Almighty God will lay his mighty hand of healing on you in Jesus Name( Amen). from folake",legitimate,other_legit,exais,2014-02-17,auto-subtyped
e02138,"Sorry about that ma, hope you are getting better. Almighty God will lay his mighty hand of healing on you in Jesus Name( Amen).",legitimate,other_legit,exais,2014-02-17,auto-subtyped
e02139,"nt fine, prepare 4 cla tmrw.",legitimate,other_legit,exais,2014-02-17,auto-subtyped
e02140,Acct. No: 00XXXXXX59 acctname: adejimi alaba olusesi,legitimate,debit_alert,exais,2014-07-30,auto-subtyped
e02141,Sendforth programme schedule for today holds by 12 noon at COLNAS conference room. Thanks.,legitimate,other_legit,exais,2014-06-23,auto-subtyped
e02142,"The planned send-forth programme of our colleques comes up on the 23-06-2014 (Monday) . Pls, be informed. Thank u.",legitimate,other_legit,exais,2014-06-11,auto-subtyped
e02143,"For the planned send-forth programme of our colleques, you are hereby employed to contribute #2,500. Thank u ma.",legitimate,other_legit,exais,2014-04-21,auto-subtyped
e02144,"I don't know how to express my appreciation for the support and d gift of love given to me, but i pray dat heaven will raise help for u where u least expected, honour u with all ur heart desires and u'll never be an object of pity/sorrow in Jesus name. Mrs Adejimi.",legitimate,other_legit,exais,2014-03-04,auto-subtyped
e02145,"Ma/sir,dis Thur is CEM prayr metin,4.30@iwa irele.pls,also remember 2 send ur July tithe 2 supot d camp as usual.teachers camp fee #4000,chid fee transpot #500",legitimate,other_legit,exais,2014-07-29,auto-subtyped
e02146,"Gd day.Sorry for late info.pls, try and attend the monthly prayer meeting 2moro@ Christ way,iwa-irele by 4.30pm,and to discuss d coming camp. 08XXXXXXX42",legitimate,other_legit,exais,2014-06-25,auto-subtyped
e02150,"Dear esteemed NCS member, for making ds 2014 conf a remarkable one for OGUN STATE NCS, u're indeed a GEM. Keep it UP n Tnx 4 bn dr.4rm d desk of d CHAIRMAN",legitimate,other_legit,exais,2014-07-29,auto-subtyped
e02151,"Afternoon ma, thanks a lot, I appreciate your support. Hope you are much better. Thanks & God bless you.",legitimate,other_legit,exais,2014-07-24,auto-subtyped
e02152,"Wishing u best in ur presentation. Thot i'll be there but feeling somehow, so need to rest a while. Hopefully i might still meet up. Best",legitimate,other_legit,exais,2014-07-24,auto-subtyped
e02153,"Folake,bawo ni journey?Have a blessed Sunday and week!",legitimate,other_legit,exais,2014-07-27,auto-subtyped
e02154,"I no its not easy 2 4giv an ofence like mine,am sory.am sory 4 sendin msage 2 u ystday,I no am supos 2 let u be but I can't just help it,I tink abt u evr",legitimate,other_legit,exais,2014-07-26,auto-subtyped
e02155,"yday.if dts d reason u blok me on watsap,dts not gud enof,u shuldnt av done dt,it makes me cry.am so sory Amoke,am sory 4 evrytin.pls Esther,is dt ur introductn pics?pls tell me I beg u in d name of God.he who 4giv great ofence wil reciv great love.pls dnt ignor me like u always did,I beg u Folake,pls",legitimate,other_legit,exais,2014-07-26,auto-subtyped
e02156,"Am truly d worst guy u av met,i done d worst dt others never did but i also remain d 1 dt loved u most.my relatnship wit u was d 1 i felt Gods involvmnt d most,nd its stil d 1 i met myself in tins i'v neva done b4.i find somtin 2 blame nd i realisd d 1 2 be blame is me.its stil like a nitemeer 2 me,stil wish 2 wake up,everyday am always wishin 2 wake up.as much as i apreciate ur action,it opened my wound bak nd mak it luk lik ystday,am sorry,so sorry",legitimate,other_legit,exais,2014-04-27,auto-subtyped
e02157,"Letin u no dt nobody reigns in my hrt yet but u,jst only u.u r stil d queen of my hrt.wish i culd undo d deed,so sad,u r stil my desire nd i stil luv u,hapy val",legitimate,other_legit,exais,2014-02-14,auto-subtyped
e02158,"Travel packages exclusive to the SME MarketHub! Deals (Flight + Hotel) to Dubai from N199,000. Visit <URL> for details today.",legitimate,other_legit,exais,2014-07-24,auto-subtyped
e02159,Toba's mobile 70XXXXXX18,legitimate,other_legit,exais,2014-07-24,auto-subtyped
e02160,Kindly visit: <URL> student prevents vehicular movement into d campus. Good luck!,legitimate,other_legit,exais,2014-06-20,auto-subtyped
e02161,Kindly text me ur email.,legitimate,other_legit,exais,2014-06-20,auto-subtyped
e02162,Wishing all of God as u take ur oral exam tomorrow. God will Favour u from all angles. Success. Is yours in Jesus Name. Congratulations. in advance,legitimate,appointment,exais,2014-03-13,auto-subtyped
e02163,"Hi, gud am. I like 2 commend u 4 ur effort during yday's workshop. It's really good 2 work wit a team. Wishin u a great friday.",legitimate,other_legit,exais,2014-03-07,auto-subtyped
e02164,"Gud am, kindly let me know wen u're on campus so as 2 discuss about d prog. Tnx",legitimate,other_legit,exais,2014-03-03,auto-subtyped
e02165,"Afternoon ma, thanks a lot, I appreciate. Yes am really enjoying this place. We should be back on Saturday by the grace of God. regards to Engr and the children",legitimate,other_legit,exais,2014-07-24,auto-subtyped
e02166,"Hello ma, how is Enugu & Hope u are enjoying the conference? Just checking up on U. Do have a great time in Enugu & safe journey wheneva u are comin back.9c day",legitimate,other_legit,exais,2014-07-24,auto-subtyped
e02167,"Good morning, how is ur preparation. Almighty God will favour you in Jesus Name. Av gone thru your write up. I will ask you questions about d tokens in ur model, why did u choose GSM? Ur implementation which of the Linux OS u are using and why performance metric. Favour is yours by his grace",legitimate,other_legit,exais,2014-07-16,auto-subtyped
e02168,Tel: 09XXXXXXX98,legitimate,other_legit,exais,2014-07-21,auto-subtyped
e02169,"Tak a cab goin to iyana mortuary, cross to the other side, take a cab or bike goin to NNPC, bt drop @ ijeun LUKOSI junction... Wen u get dere ma, pls buzz me.",legitimate,other_legit,exais,2014-07-21,auto-subtyped
e02170,Am almost through.,legitimate,other_legit,exais,2014-06-15,auto-subtyped
e02171,"Good afternoon sir, this is Dr Shodiya contact.Name: Dr. ShodiyaTel: 0803 455 1851. From Folake",legitimate,other_legit,exais,2014-07-21,auto-subtyped
e02174,"Wishing u all of God, Almighty God will favour you. Sorry, I can't make dt day, I av a class and am preparing to go for a conference @ Enugu. But send my food ooooo. Success is yours.",legitimate,other_legit,exais,2014-07-18,auto-subtyped
e02175,"Hello, good evening. How's been the day? My thesis defence has been scheduled for Monday 21st July. I covet your prayers. Blessed night. Dotun ADELUSI.",legitimate,appointment,exais,2014-07-15,auto-subtyped
e02176,"Pastor Paul: <PHONE> If this does not go thru, try Mumi on <PHONE>. Am sori 4 taking so long. Se ewapa? Do hav a lovely day",legitimate,other_legit,exais,2014-07-17,auto-subtyped
e02177,Your 1 DAY Action from Brazil pack has expired. To keep getting the latest news and Live match updates from Brazil dial *244*8# @ N10 daily.,legitimate,promo_marketing,exais,2014-07-16,auto: relabelled marketing
e02179,Congratulations! You have one-day free offer for all the live actions straight from Brazil. To unsubscribe send STOPNOW to 244.,scam,promo_win,exais,2014-07-15,auto: fraud
e02183,Yello! Subscribe and listen to Daily Meditation guide on MTN Subscription Devotional Service ¿N100 per month.Dial 450120(TOLLFREE) now,legitimate,promo_marketing,exais,2014-07-16,auto: relabelled marketing
e02184,Yello ! Subscribe andÃ? listen to Daily Meditation guide on MTN Subscription Devotional Service @ N100 per month.Dial 450120(TOLLFREE) now,legitimate,promo_marketing,exais,2014-07-10,auto: relabelled marketing
e02185,Yello ! Subscribe andÂ listen to Daily Meditation guide on MTN Subscription Devotional Service @ N100 per month.Dial 450120(TOLLFREE) now,legitimate,promo_marketing,exais,2014-07-09,auto: relabelled marketing
e02186,Yello! Subscribe and listen to Daily sermons from the Vineyard on MTN Subscription Devotional Service ¿ N100 per month. Dial 450121(TOLLFREE),legitimate,promo_marketing,exais,2014-06-20,auto: relabelled marketing
e02187,Yello.. Subscribe and listen to Daily sermons from Bishop Benson Oritsejolomisan on MTN Subscription Devotional Service ¿ N100 per month. Dial 450118(TOLLFREE),legitimate,promo_marketing,exais,2014-06-05,auto: relabelled marketing
e02188,Yello! Subscribe and listen to Daily sermons from Bishop Benson Oritsejolomisan on MTN Subscription Devotional Service ¿ N100 per month. Dial 450118(TOLLFREE),legitimate,promo_marketing,exais,2014-06-05,auto: relabelled marketing
e02189,Yello! Subscribe and listen to Daily sermons from Bishop Benson Oritsejolomisan on MTN Subscription Devotional Service ¿ N100 per momth. Dial 450118(TOLLFREE),legitimate,promo_marketing,exais,2014-05-30,auto: relabelled marketing
e02190,Yello! Subscribe andÂ listen to Daily sermons from Bishop David Oyedepo on MTN Subscription Devotional Service @ N100 per month.Dial 450117(TOLLFREE) now,legitimate,promo_marketing,exais,2014-05-17,auto: relabelled marketing
e02191,Yello! Subscribe and listen to GREAT collection of Catholic Prayers during this Month of Devotion on MTN Subscription Devotional service .Dial 450103(FREE)now,legitimate,promo_marketing,exais,2014-05-15,auto: relabelled marketing
e02192,Yello ! Subscribe and listen to everyday with God Daily sermons from Sarafina on MTN Subscription Devotional Service ¿ N100 per month. Dial 450105(TOLLFREE),legitimate,promo_marketing,exais,2014-04-24,auto: relabelled marketing
e02193,"You are invited to ALL CHRISTIAN PRAYER/HEALING CRUSADE.THEME: GOD ANSWERS PRAYER,DATE: TODAY WED 16TH TO SAT 19TH JULY,2014@ CHRIST WAY CHURCH,IREDAPO QUARTERS,ILE-IFE.5PM DAILY SPECIAL SEMINAR FOR WORKERS ON SAT 19TH JULY,2014 8:00AM. Featuring;SALVATION,HEALING,DELIVERANCE,BREAKTHROUGHS.Rev Olowosoyo",legitimate,other_legit,exais,2014-07-16,auto-subtyped
e02194,reminder: kindly be reminded of csc 202 e cat tomorrow by 11am check your pigin hole for the roster thanks Dr Arogundade,legitimate,appointment,exais,2014-07-16,auto-subtyped
e02195,dear all pls let us meet today for authoring of cs211 exam question by 12noon today dr arogundade,legitimate,appointment,exais,2014-05-12,auto-subtyped
e02196,REMINDER: DEAR ALL KINDLY RETURN ALL CSC 211 SCRIPTS TO ME OR MRS ADEJIMI ON OR BEFORE TUE 29TH APRIL THIS IS URGENTLY NEEDED TO CORRECT ALL ANOMALIES IN OUR RECORDINGS THANK YOU AROGUNDADE,legitimate,appointment,exais,2014-04-29,auto-subtyped
e02197,DEAR ALL KINDLY RETURN ALL CSC 211 SCRIPTS TO ME OR MRS ADEJIMI ON OR BEFORE TUE 29TH APRIL THIS IS URGENTLY NEEDED TO CORRECT ALL ANOMALIES IN OUR RECORDINGS THANK YOU AROGUNDADE,legitimate,other_legit,exais,2014-04-28,auto-subtyped
e02198,dear all i wish to appreciate everyone that participated in the successful conduction of csc 211 test yesterday thanks. kindly collect csc 211 scripts for further processing thanks. Dr arogundade,legitimate,other_legit,exais,2014-03-13,auto-subtyped
e02199,REMINDER: CSC 211 E-CAT WIL TAKE PLACE 12TH MARCH TOMORROW PLS CHECK YOUR INVIGILATION ROSTER AND BE PUNCTUAL THANKS,legitimate,appointment,exais,2014-03-11,auto-subtyped
e02200,Ma the seminar hav nt startd ma.,legitimate,other_legit,exais,2014-07-16,auto-subtyped
e02201,"Kk, pls are u in scul? If yes I want u to get food for me.",legitimate,other_legit,exais,2014-07-11,auto-subtyped
e02202,Gudmorning ma.pls ma am so sory nt comin on wednesday.am workin on chaps 1-3 ma.bt i ll com today by Gods grace ma.thank u ma,legitimate,other_legit,exais,2014-07-11,auto-subtyped
e02203,"Evening, yes I did, thanks & God bless",legitimate,other_legit,exais,2014-06-14,auto-subtyped
e02204,Gudevening ma.how was ur day ma.I just want know if u wer able to submit ur assignment ma.thanks ma,legitimate,other_legit,exais,2014-06-14,auto-subtyped
e02205,Gudmorning ma.pls ma our names was placed in d department indicating dat our supervisor av nt sent our scores for the i.t. N d deadline is today.pls check ma,legitimate,other_legit,exais,2014-06-12,auto-subtyped
e02206,"Gud morning ma.ma I ll b comin later in d aftanun ma.bcos am nt too strong for sumtimes now.aldo I came yestade ma,bt d office was locked.thank u ma",legitimate,other_legit,exais,2014-05-28,auto-subtyped
e02207,Ma thank u very much ma.I am very grateful ma.thanks,legitimate,other_legit,exais,2014-04-30,auto-subtyped
e02208,"Gud morning ma.I submitted my I.t report for binding,so it ll b redy today ma.pls ma am so sory for d delay ma.",legitimate,other_legit,exais,2014-04-30,auto-subtyped
e02209,Gud afternoon ma.ma pls am so sorry I didn't av d no. U used in callin.I av also dropd my proposal in d department ma.thanks ma,legitimate,other_legit,exais,2014-04-04,auto-subtyped
e02210,"Pls ma,since u ar busy can I write a proposal on all what I experienced in funaab ict n dia solutions ma?",legitimate,other_legit,exais,2014-03-27,auto-subtyped
e02211,"Good Morning Sir/Ma,This is a reminder about the NACOSS week of Codes 2014the SYMPOSIUM is today @ A101,12noon,we look forward to welcoming you,as we have our Partners from Cisco,Connect Nigeria,Eset nigeria comingthanks-President",legitimate,appointment,exais,2014-07-16,auto-subtyped
e02212,"Recharge with N1000 this week(Mon to Sun) & get 50% extra airtime to call Airtel lines; Bonus is for 3days. For bonus bal, dial *123*69#.Call 141 for details.",legitimate,recharge,exais,2014-07-16,auto-subtyped
e02213,"Get EXTRA N240 bonus when you buy Talk More N100 for Data/calls/SMS, valid for 24hrs. Dial *234*100# now",legitimate,promo_marketing,exais,2014-07-12,auto-subtyped
e02214,"Recharge with N750 this week(Mon to Sun) and get 50% extra airtime to call Airtel lines; Bonus is for 3days. For bonus bal, dial *123*69#.Call 141 for details.",legitimate,recharge,exais,2014-07-09,auto-subtyped
e02215,"Dear customer, you have been credited with 50% bonus for Airtel-to-Airtel calls only. Bonus valid for 3 days",legitimate,other_legit,exais,2014-07-04,auto-subtyped
e02216,"Dear Customer, Get 10MB for 1day at N100 ONLY, dial *141*11*1#. You can also dial *141*1# for more plans that meet your lifestyle",legitimate,promo_marketing,exais,2014-07-02,auto-subtyped
e02217,"Dear Customer, Get 25MB for 3days at N200 ONLY, dial *141*11*8#. You can also dial *141*1# for more plans that meet your lifestyle",legitimate,promo_marketing,exais,2014-06-25,auto-subtyped
e02218,"Recharge upto N750 this week(Mon to Sun)& get 50% xtra airtime for calls to Airtel Nos & is valid for 3days. To check bonus, dial *123*69#. Call 141 for details",legitimate,recharge,exais,2014-06-18,auto-subtyped
e02219,"The network is breaking ma. My name is Ademola Kadiri. 400l, Computer Science. Engineer Abayomi-Alli,my project supervisor said I should come and show you my write-up up to Chapter 2 so that you can modify it for me and tell me my errors. When Can I see you ma?",legitimate,other_legit,exais,2014-07-14,auto-subtyped
e02220,"Good Mor hop ur nite was sweet? This is a Special Invite for U, 1stService-8am Sun School-9.30am 2and Service-10am. Hurry God awaits U. Jesus chancery.",legitimate,appointment,exais,2014-07-13,auto-subtyped
e02221,"Good Mor, we really appreciate your presence today, we want to believe u were blessed through the service. We love U & will be very happy to have U worship with us again. JesusChancery.",legitimate,other_legit,exais,2014-06-29,auto-subtyped
e02222,We hope you really enjoy your weekend. We will love to see you tomorrow at Agape Sunday School class @8.30 pm. From righteousness class,legitimate,promo_marketing,exais,2014-07-12,auto-subtyped
e02223,"NO MAN CAN TAKE THAT WHICH BELONGS TO YOU, For Posess Your Posession, txt 032137 to 4100 OR, For You Shall Rise, Txt 032140 to 4100, AS CALLER TUNE. Cost N50/Tun",legitimate,promo_marketing,exais,2014-07-12,auto: relabelled marketing
e02227,"APPRECIATE GOD WITH UR CALLER TUNE. For Jesus I Love You,Txt 032130 to 4100 by E.Nkiru Or For Chante Alleluyia by Ajuju, Txt 032101 to 4100 .Cost N50/Tune",legitimate,promo_marketing,exais,2014-07-06,auto: relabelled marketing
e02228,The VIGIL today is focuses on POSSESSING ALL YOUR POSSESSIONS. Pls don't miss it.Tell your friends. It promises to help your journey of Destiny.,legitimate,other_legit,exais,2014-07-11,auto-subtyped
e02229,"VIGIL today is focused on TOTAL HEALING- of the body, soul, spirit, marriage, businesses & foundation. Pls don't miss it.Tell ur friends. Its Plus Anointing",legitimate,other_legit,exais,2014-06-13,auto-subtyped
e02230,"This is to remind you of d special youth progm, Church 'n' Cinema, coming up 2mao, 11/07/14 by 5pm @ d church auditorium. Dont miss out of ds destiny booster.",legitimate,other_legit,exais,2014-07-10,auto-subtyped
e02231,"Dear Client, the rate of insecurity today calls for our home, offices, churches, mosques etc. to have CCTV SURVEILLANCE SYSTEM. Call Idea Konsult Ltd on <PHONE>/<PHONE> for a quote on CCTV, INVERTER, BIOMETRIC ATTENDANCE SYSTEMS.",legitimate,other_legit,exais,2014-07-10,auto-subtyped
e02233,Hi Folake! Pls send me sms on steps to change email account passwords. Thanks.,legitimate,other_legit,exais,2014-07-05,auto-subtyped
e02234,Money received.Car already with the mecho with advice to exercise a little more patience just in case a good buyer may come forward,legitimate,other_legit,exais,2014-06-10,auto-subtyped
e02235,"Beloved,may God Almighty bless,keep, grant ur desires,be mindful of u & all urs in d coming months & yrs,&crown ur earthly sojourn wt His eternal life IJN.",legitimate,other_legit,exais,2014-06-03,auto-subtyped
e02236,"FAMILY LIFE CONFERENCE 2014 is July 21-26. Pls start to plan, pray & invite people. It promises New Heights for our family life experience.Communication Team.",legitimate,appointment,exais,2014-07-04,auto-subtyped
e02237,New Heights Secret 3- LEARN THE HABIT OF THINKING. Actively use your God given mind to deeply examing issues & situations to know the best options. Odun Orioke,legitimate,other_legit,exais,2014-07-02,auto-subtyped
e02238,Secret 2 of climbing higher and higher:ACTIVATE YOUR POWER OF IMAGINATION. It will bring into your mind clear Images of new heights you can achive. O Orioke,legitimate,other_legit,exais,2014-06-27,auto-subtyped
e02239,"Gaining New Heights everyday, Secret 1: You must know yourself. Know & maximize your strength. You must also know and minimize your weaknesses. Odun Orioke.",legitimate,other_legit,exais,2014-06-17,auto-subtyped
e02240,You were made in the image of God (Gensis 1:27) Note therefore that you have an UNLIMITED PERSON in you that is capable of UNLIMITED HEIGHTS. Odun Orioke,legitimate,other_legit,exais,2014-06-10,auto-subtyped
e02241,Stare down & tear down all feelings of inadequacy. Count on the enabling power of God always. You shall attain NEW HEIGHTS everyday. AMEN. Odun Orioke,legitimate,other_legit,exais,2014-06-03,auto-subtyped
e02242,Dr. Oluwatope has directd dt it is compulsory 4evrybody 2com and demonstrat d project in his office on DE-2 Board unfailingly 12PM Thur 03-07-14 for grading.,legitimate,other_legit,exais,2014-07-01,auto-subtyped
e02243,"May God shine his face on us as we commence the second half of 2014,meet our needs and bring his goodwill to pass in all of our lives IJN.Amen #Mr&MrsAdebisi",legitimate,other_legit,exais,2014-07-01,auto-subtyped
e02244,"Hi Folake. How was your day? Pls text as soon as you send the money, just in case the bank doesn't send an alert.",legitimate,other_legit,exais,2014-06-09,auto-subtyped
e02245,Ademola AdebisiGT Bank plcAcc no: <PHONE>,legitimate,other_legit,exais,2014-06-08,auto-subtyped
e02246,Hello Folake. Thank you for your visit. Hope your journey was smooth. Great week ahead.,legitimate,other_legit,exais,2014-06-08,auto-subtyped
e02247,"Just a minute,pls. Receiving a call",legitimate,other_legit,exais,2014-06-07,auto-subtyped
e02248,"Eventually, I sent d article yesterday n ds morning wt my gmail. Pls check n call if it went through. Nice day.",legitimate,other_legit,exais,2014-03-13,auto-subtyped
e02249,"Alright sir, I really appreciate it God bless u",legitimate,other_legit,exais,2014-03-13,auto-subtyped
e02250,"I've touched your journal but having challenges with d internet sever. As soon as I'm thru, you'll have it.",legitimate,other_legit,exais,2014-03-12,auto-subtyped
e02251,"Morning. Sir, I Will send it b4 the end of today, thanks sir.",legitimate,other_legit,exais,2014-03-11,auto-subtyped
e02252,"Good morning,my baby. I'm still expecting your article. Or you've got an alternative?",legitimate,other_legit,exais,2014-03-11,auto-subtyped
e02253,Name: Dr Ogini OsogboTel: 08XXXXXXX24,legitimate,other_legit,exais,2014-03-09,auto-subtyped
e02254,Hello Folake! How was your journey? I'd like to know d outcome of your chat with your doctor today.,legitimate,other_legit,exais,2014-03-09,auto-subtyped
e02255,"Pls get me one or two today's papers while coming,to include The Nation",legitimate,other_legit,exais,2014-03-08,auto-subtyped
e02256,Good morning my daughter. The Lord will be mindful of you and always show you favor ever before you're in need of one IJN. Amen? Aaamen!,legitimate,other_legit,exais,2014-02-15,auto-subtyped
e02257,Hello Fola have tried ur nba but it's not responding. Happy new month.,legitimate,other_legit,exais,2014-07-01,auto-subtyped
e02258,"Kk. Folake....u are now very far, or is it me?",legitimate,other_legit,exais,2014-07-01,auto-subtyped
e02259,Folakemi olayiwola. That's my Airtel no.,legitimate,other_legit,exais,2014-07-01,auto-subtyped
e02260,I don't have any name on dis nos. Plis who ar u?,legitimate,other_legit,exais,2014-07-01,auto-subtyped
e02261,"Happy new month you sir, long tym, gbogbo ijebu nko? Enjoy God this month, best regards to mum & my aburos.",legitimate,promo_marketing,exais,2014-07-01,auto-subtyped
e02262,"Lev23:24,25; July stats wth blasts of trmpts. 2day u'll trumpet testimonis &ur sacrfice of gud gift 2God'll nt go 4free.Ofer Him sacrfices 2day. Can&MrsDaramola",legitimate,other_legit,exais,2014-06-30,auto-subtyped
e02263,"In April, God'll feed u b'cos He dimmed it fit. He'll fill u2 overflowing & b'cos He knows all ur life deserves, He'll settle u in Jesus name. Can&MrsDaramola",legitimate,other_legit,exais,2014-04-10,auto-subtyped
e02264,"7days Fastin &prayr starts today.ife & modekeke meets @usual venue.children camp starts on Aug 27-30.bro olaniyan's wedding on July,26 @GOFAMINT,mokuro by 11am",legitimate,appointment,exais,2014-07-01,auto-subtyped
e02265,"I was approaching d venue of my class wen u called,pls Identify urself by replying via sms.",legitimate,appointment,exais,2014-06-30,auto-subtyped
e02266,"Gud afternoon ma,dis is d CSC HOC for csc322 ,I really dunno watsup wif my colleague,I've been observing dis sign of unseriousness in dem,even if dey feel d time table is nt favourable,it's a fin dey can come nd let u knw,dan dey just flaunting d unserious part of dem. Ma, we will av 2talk dis tru,may be u can make an availability of time for me on fri just 2see u briefly,cos I won't be around 2mawo. Fanx 4ur support I really apprec8.",legitimate,other_legit,exais,2014-06-18,auto-subtyped
e02267,Dedicate a great song to your loved ones on MTN Radio. Dial 4500201 for 'Outside' by 2face and Dial 4500202 for 'Life is Beautiful' by 9ice ¿ N100 each,legitimate,promo_marketing,exais,2014-06-30,auto: relabelled marketing
e02268,Dedicate a great song to your loved ones on MTN Radio. Dial 4500201 for Outside by 2face and Dial 4500202 for Life is Beautiful by 9ice ¿ N100 each,legitimate,promo_marketing,exais,2014-06-23,auto: relabelled marketing
e02269,Top 10 has been Updated! Its Saturday rock on MTN Radio! Dial 450031 at N15/min &party with awesome rock hits! Also call at just N5/Min btw 12am & 4.29am!,legitimate,promo_marketing,exais,2014-06-07,auto: relabelled marketing
e02270,"MTN Radio brings you a chance to set your favourite songs as Callertunez for just N50.To tune in to MTN Radio at N15/minute, dial 4500 now",legitimate,promo_marketing,exais,2014-05-07,auto: relabelled marketing
e02271,Hey!! MTN radio lets you discover the latest music. Dial 4500 to listen top musical hits ¿ N15/Min btw 4:30am - 11.59pm and N5/Min btw 12am -4.29am,legitimate,promo_marketing,exais,2014-04-13,auto: relabelled marketing
e02272,Get your callers listening to In your eyes by Tuface on MTN Callertunez.Text 041477 to 4100 for N50,legitimate,promo_marketing,exais,2014-04-03,auto: relabelled marketing
e02273,Get your callers listening to Nobody by MI on MTN Callertunez.Text 041249 to 4100 for N50,legitimate,promo_marketing,exais,2014-04-02,auto: relabelled marketing
e02274,"Morning Mrs ogunsha, Oko anti baby mi nko? So kick? I finally said YES to Odun on Sunday. Tx your prayers and support. Takia dear.",legitimate,other_legit,exais,2014-06-28,auto-subtyped
e02275,"Acct Number-<ACCT>,First bank, Wilson Yemi Mariam.thank u and God bless u ma.",legitimate,debit_alert,exais,2014-04-28,auto-subtyped
e02276,"Please call me. Y'ello, Do It Yourself with The MTN SelfCare App. SMS 'CARE' to 5018, to download the App on your phone. SMS is free",legitimate,other_legit,exais,2014-04-15,auto-subtyped
e02277,"Pls mam,help mi give iya Bolu all my credentials.thanks.",legitimate,other_legit,exais,2014-03-14,auto-subtyped
e02278,Av seen it.thank u.,legitimate,other_legit,exais,2014-03-07,auto-subtyped
e02279,From Begger take bus to Iyanaipaja. From Iyanaipaja take a bus to Iyanoba. From Iyanoba take a bus going to Badagry & drop at Living Faith Church when u,legitimate,other_legit,exais,2014-06-27,auto-subtyped
e02280,There's a straight route to Badagry from Osodi; so ask a driver. Johnson.,legitimate,other_legit,exais,2014-06-27,auto-subtyped
e02281,U are highly appreciated 4 d sendforth party. Ur good deeds will ever remain in d untroden region of my heart. Thank u. Dr. Ikuomola,legitimate,other_legit,exais,2014-06-27,auto-subtyped
e02282,"Pls don't pick this number when it calls you <PHONE> -Illuminatti devil worshippers people are after winning innocent soul, they are using people for ritual from 2day till dec 17th,they just want your voice.send this message to people your care about.pls do it and save life,it is serious",legitimate,other_legit,exais,2014-06-26,auto-subtyped
e02284,"Please call me. Y.ello, Get GPRS settings, Bundle Activation & more via the MTN MyIVR. Dial 181 to do it yourself in your language",legitimate,other_legit,exais,2014-06-24,auto-subtyped
e02285,"Aftrnun i gave d bro w talked abt yestrday anmd i told him 2 give m prmisn 2 discus him wt u.His name is Abiodun kuforiji.08XXXXXXX06,7XXXXXXX89",legitimate,other_legit,exais,2014-05-11,auto-subtyped
e02286,I just spoke wt sarah.she said d burial servc is fixed 4 10am today in dr church,legitimate,other_legit,exais,2014-05-10,auto-subtyped
e02287,"Dear Sir/Ma,I appreciate the kind gesture, honor & gifts you bestowed on me yesterday. I pray that the God of heaven & earth will continue to honor u and showers with His glorious blessings in Jesus mighty name. Amen",legitimate,other_legit,exais,2014-06-24,auto-subtyped
e02288,I have send it,legitimate,other_legit,exais,2014-02-18,auto-subtyped
e02289,Ok. Thanks,legitimate,other_legit,exais,2014-02-17,auto-subtyped
e02290,"Aiit sir, my emails are: folakeolayiwola@ yahoo.com or olayiwolaoe@ Funaab.edu.ng",legitimate,other_legit,exais,2014-02-17,auto-subtyped
e02291,"Hello, pls send me your email",legitimate,other_legit,exais,2014-02-17,auto-subtyped
e02292,"We sincerely thank you for being part of our wedding ceremony. Your prayers, presence and contributions in both cash and kind really meant a lot to us. We pray that the almighty God will bless you in return.",legitimate,other_legit,exais,2014-06-23,auto-subtyped
e02293,"ATTN:MEMBERS OF ASUU-UNAAB COOPERATIVE.Kindly attend the 9th AGM of ASUU-UNAAAB Cooperative on Wed June 25, 2014 ¿ Yakub Mahmood Aud ¿ 1pm prompt.THANK YOU.LOC",legitimate,other_legit,exais,2014-06-19,auto-subtyped
e02294,Congrats to all members of ASUU-UNAAB on the success of the election.Gains of our previous struggles will be consolidated and our union strengthened.Chairman.,legitimate,other_legit,exais,2014-03-27,auto-subtyped
e02295,"Pls attend the Congress of ASUU UNAAB on Wed March 26, 2014 @ COLPLANT AUD by 12:30pm. Agenda: (1) Branch Election (2) Local issues (3) AOB. Secretary",legitimate,other_legit,exais,2014-03-24,auto-subtyped
e02296,Do not fill the tax application form until clarifications are sought from the Univ. Administration and directive obtained from National. Thank you. Chairman,legitimate,other_legit,exais,2014-03-21,auto-subtyped
e02297,"Pls attend the Inaugural Lecture of Prof. G.N.O. Ezeri; AQFM Dept. tommorow Fri. March 21, 2014 by 2pm @ Mahmud Yakub Hall. Procesion starts @ 1:30pm. Secretary",legitimate,appointment,exais,2014-03-20,auto-subtyped
e02298,"Collectn of nominatn form into all elective positions of ASUU UNAAB has been extended to Wed March 19, 2014. Obtain nominatn form@ d Secretariat.",legitimate,other_legit,exais,2014-03-13,auto-subtyped
e02299,We kindly appeal to members not to conduct Continuous Assessment Tests for students between 8am & 10am. This is only for the period of fuel scarcity. Chairman,legitimate,other_legit,exais,2014-03-08,auto-subtyped
e02300,"Pls attend the Congress of ASUU UNAAB on Wed Feb 26, 2014 @ COLPLANT Aud by 12:30pm prompt. Agenda: NEC briefing; Electoral Committee; Earned Allowance payment; AOB. Secretary",legitimate,other_legit,exais,2014-02-24,auto-subtyped
e02301,"As directed by Congress, the followng members are yet to refund the coping fund colected during the strike: Mr Akinboro(PHS Dept) 100,000; Dr O.O. Olubode(HRT Dept) 25,000; Mr S.O. Adeyoyin(LIB) 50,000; Dr. Olusa, T.A.O. (COLVET)100,000; Dr M.O. Dare(COLPLANT) 25,000 They are advised to quickly pay.",legitimate,other_legit,exais,2014-02-21,auto-subtyped
e02302,"Pls attend the Inaugural Lecture of Prof Olusegun Olukayode Odukoya on Wed Feb 19, 2014 @ Prof Mahmud Lecture Theatre by 2pm. Procession @ 1:30pm. Secretary",legitimate,appointment,exais,2014-02-18,auto-subtyped
e02303,"As directed by Congress, the followng members are yet to refund the coping fund colected during the strike: Dr O.I. Lawal(PPCP Dept) ???50,000; Mr Akinboro(PHS Dept) ???100,000; Dr O.O. Olubode(HRT Dept) ???25,000; Mr S.O. Adeyoyin(LIB) ???55,000. They are advised to quickly pay. More info later. Chairman",legitimate,other_legit,exais,2014-02-12,auto-subtyped
e02304,Compilatn of Earned Allownce concluded. Additn can b taken to AEFM LAB till 12noon today. Copies to be available in Deans/Dir offices frm 2-4pm for verificatn by HODs and members. Complaints will be too late after this as the doc. will be taken to NEC & Univ. Admin. on 13/02/14 for payment. Secretary,legitimate,other_legit,exais,2014-02-12,auto-subtyped
e02305,<EMAIL> this is hoc statistics 200l,legitimate,other_legit,exais,2014-06-19,auto-subtyped
e02306,"Mrning.Pls note that Closure of school does not affect CSC 602 Project, All group leaders av reports ready. Pls be around in dept by 9am this morning, all group leaders shal be colleting the DE2 Board for implementation attempt. It is beter we get this project submitted without further delay to avoid extending this course beyond reasonable time as the school is being shut down temporarily otherwise this could be like previous experiences shortly before the ASUU strike last year nobody knows, we are in OAU anything can hapen. this closure could be short or long but it is beter we conlcude dis course and move forward to other activities. Regards",legitimate,other_legit,exais,2014-06-19,auto-subtyped
e02307,"Good evening ma, how has been your ma? This Gen HOC and my email:<EMAIL> or <EMAIL> thank you ma and remain bless.",legitimate,other_legit,exais,2014-06-17,auto-subtyped
e02308,The lord shall supply all your needs according to His riches in glory by Christ Jesus. For more Prayers/Confessions from Rhapsody text ROR to 5036,legitimate,promo_marketing,exais,2014-06-03,auto: relabelled marketing
e02313,"Ok ma, just checking on u ma, I heard that you are a little bit strong, it is well with you ma, I pray that the Almighty God will heal you.",legitimate,other_legit,exais,2014-06-16,auto-subtyped
e02314,"Tnx, saw ur missed call. can we talk tomorrw pls",legitimate,other_legit,exais,2014-06-16,auto-subtyped
e02315,"Dear Sir/Ma,this is to express my deepest appreciation to all members of the dept for their financial support towards me.God bless you abundantly. Ms Olayiwola.",legitimate,other_legit,exais,2014-03-15,auto-subtyped
e02316,"Dear Sir/Ma, u are cordially invited to my Msc predata seminar on Wednesday 18th June 2014. Venue COLNAS Computer Lab. Time: 9am Owoeye Opeyemi. L",legitimate,appointment,exais,2014-06-15,auto-subtyped
e02322,"Gd am Sir/Ma,we belve ur day hs bn wondefl.pgcf-OAU re-union is here again;ven: All Souls' Chapel OAU. Date;13th $ 14th/06/2014.fri 5pm-7pm $ Sat 8am-7pm.Thks",legitimate,other_legit,exais,2014-06-13,auto-subtyped
e02341,Congratulations! You have been gifted 7 Days FREE INSPIRATION. To unsubscribe send STOP RHINSP to 38296,scam,promo_win,exais,2014-02-20,auto: fraud
e02342,"The special youth program comes up 2mao Fri, 13/06/14 by 5pm @ RCCG Christ Embassy. It will be inspiring! Dont be left out of the move of HOLY SPIRIT. Welcome!",legitimate,other_legit,exais,2014-06-12,auto-subtyped
e02343,"The special youth progm tagged TIMING and DIRECTION comes up 2day Fri, 14/03/14 by 5pm @ RCCG Christ Embassy. Ministering: Pst Johnson Osagie. Dont be left out.",legitimate,other_legit,exais,2014-03-14,auto-subtyped
e02344,"This is 2 remind u of a special youth progm tagged TIMING and DIRECTION on Fri, 14/03/14 by 5pm @ RCCG Christ Embassy. May u nt miss ur timing. U re welcome.",legitimate,other_legit,exais,2014-03-13,auto-subtyped
e02345,"Ds is 2 remind u of d progm, GREAT challenges of Great DESTINY 2day, Fri, 14/02/14 by 5pm @ RCCG Christ Embassy. Dress Code: touch of red. It ll b insprtnal.",legitimate,other_legit,exais,2014-02-14,auto-subtyped
e02346,"Be inspired as u attend a special youth progm tagged GREAT challenges of Great DESTINY on Fri, 14/02/14 by 5pm @ RCCG Christ Embassy. Destiny fulfilmt is urs !!",legitimate,other_legit,exais,2014-02-12,auto-subtyped
e02347,"Morning sir, IT scores for the student under miss Olayiwola & Dr Vincent. 2010/1763 - 40. 2010/1771 - 35. 2010/1773 - 35. 2010/1834 - 40. 2010/1843 - 38. 2010/1833- 38. 2010/1807- 40. 2010/1836 - 40.",legitimate,other_legit,exais,2014-06-12,auto-subtyped
e02348,"The VIGIL this week is specially for the healing of your body, soul, spirit, marriage, businesses and foundation. Pls don't miss it. Tell ur friends.",legitimate,other_legit,exais,2014-06-11,auto-subtyped
e02349,Name:olayiwola Oluwafolake Bank - gtb Account No - 00XXXXXX36,legitimate,other_legit,exais,2014-06-09,auto-subtyped
e02350,GOOD DAY MA. PLEASE U SHOULD NOT FORGET MY ENVELOP,legitimate,other_legit,exais,2014-03-11,auto-subtyped
e02356,"Dear sir/ma, You are Invited to PhD Pre-Data Seminar by ABORISADE D. OLANIYI coming up on Wednesday 11th June, 2014 at the Computer LAB. Time: 09.00 a.m. Thanks.",legitimate,other_legit,exais,2014-06-07,auto-subtyped
e02357,N100 was transferred to you from <PHONE> on 06/06/14 18:12 via Share & Sell. Your new account balance is N100.,legitimate,other_legit,exais,2014-06-06,auto-subtyped
e02358,"Dear colleagues, u are invited to a meetg wit d chairman of TIMTEC tomrow 2nd June by 12noon in rm 206 COLPLANT to discus our invigilatn at d last examinatn.Tks",legitimate,other_legit,exais,2014-06-01,auto-subtyped
e02361,"Dear subscriber, your StarTimes subscription will expire tomorrow,pls recharge and enjoy Extra Time Promo(Ignore this sms if you recharged).014618888/094618888",legitimate,promo_marketing,exais,2014-05-24,auto: relabelled marketing
e02362,Investing in the Stock Market can be confusing yet very rewarding.Get daily MTN Stock Market Tips for Business at just N50/week.Reply YES to 5035 to subscribe,legitimate,promo_marketing,exais,2014-05-30,auto: relabelled marketing
e02366,"Enjoy Chaz B (host, Sharing Life's Issues) on ?He Saves? callertunezSend 046366 to 4100. N50/month",legitimate,promo_marketing,exais,2014-03-28,auto: relabelled marketing
e02369,Gud day sir/ma.dis thursd is prayr metin@c/way iwa irele 4.30pm Also 7June is CEM quiz competio @UNICEM chch Aladanla 9am cal <PHONE> if ur chch wl partcpat,legitimate,other_legit,exais,2014-05-27,auto-subtyped
e02370,"The families of Satope & Oyewo cordially invite you to the Solemnization of Holy Matrimony between Olawumi & Damilola on Sat, 21st June,2014 by 10am @ C.A.C Oke-Ibukun,Opp. WAEC office, Alekuwodo,Osogbo. Reception @ Funfield Park & Events, adjacent Leisure Spring Hotel. Color:Royal blue & Orange. Engagement holds on Fri, 20th June by 2.30pm @ First Class Int'l College,Zone 5, Behind Capital Hotel, Osogbo. Groom's family: Gold for engagement.",legitimate,appointment,exais,2014-05-26,auto-subtyped
e02376,"Gud eveng ma.how has being ur day,how was church 2day.i hope u r doing gud.pls i beg help me resend d email adress. Thanks",legitimate,other_legit,exais,2014-05-18,auto-subtyped
e02377,"Miracles are God's hobbies,wonders are his habits &blessings are His free gifts.dese are yours 4ever.U're in 4 a great celebratn ds day&4ever.enjoy ur wekend",legitimate,promo_marketing,exais,2014-05-16,auto-subtyped
e02379,"Hello Mary, just check d CAT, u score extremely low mark in the test (2). That's why ur total score is affected. Meanwhile I will check ur script again to reconfirm. Pls don't call me, I will send message wen d confirmation is done. All of God in your exam",legitimate,appointment,exais,2014-05-10,auto-subtyped
e02380,"Gud afternun ma,sori 4 disturbing u ma,u ask me to send my name &matric no to u.which hav send it since yesterday.til waitin to hear frm u.thanks & God bless u.",legitimate,other_legit,exais,2014-05-10,auto-subtyped
e02381,Adeniji Adeola Mary.2012/2646.,legitimate,other_legit,exais,2014-05-09,auto-subtyped
e02382,STAY AHEAD OF YOUR COMPETITORS. Sell to your customers before someone else does!DESIGN YOUR PROFESSIONAL WEBSITE for just 35k. <PHONE>,legitimate,other_legit,exais,2014-05-08,auto-subtyped
e02383,"CONGRATS! U ve been selected 4 a Writen Test/Interview in a HR/Health Org. 2MRW Friday 28/02/2014. Venue DANAX PLAZA ADAMASINGBA B/STOP, IB. By 12:00. Come wit ur CV. <PHONE>",legitimate,appointment,exais,2014-02-27,auto-subtyped
e02384,"Dear Customer, N49.67 has been deducted from your account. Your loan is now fully settled.",legitimate,other_legit,exais,2014-05-06,auto-subtyped
e02385,"Dear Customer, you have been credited with N45 at N5 service charge. Please recharge by 05/05/2014 to repay your borrowed credit.",legitimate,credit_alert,exais,2014-05-02,auto-subtyped
e02386,Kpele,legitimate,other_legit,exais,2014-03-16,auto-subtyped
e02387,Unable to go 2 church still @ home. Vomited after dressing up.,legitimate,other_legit,exais,2014-03-16,auto-subtyped
e02388,each time we talk i see u as a very nice disciplined and focused person. we have something in common. its good to know and b around someone like u,legitimate,other_legit,exais,2014-04-26,auto-subtyped
e02389,"Saturday, 26 April 2014, 6.30-8am @ Christ Way Church, OAU Chapter is the Breakthrough Prayer & Workers Meeting. Come & be punctual. God bless you richly.David O. Ogungbile",legitimate,other_legit,exais,2014-04-25,auto-subtyped
e02390,Today Wednesday's (23/4/2014) Bible Study is cancelled. Reflect on the gains of 2014Convention. Come on Saturday for Breakthrough Prayers & Workers Meeting.David O. Ogungbile,legitimate,other_legit,exais,2014-04-23,auto-subtyped
e02391,"E kaale, eyin ara ninu Oluwa. Ko ni si ipade iso oru ni ola Friday nitori imura fun Convention. Note that the AbundantLifeVigil of Friday April 11 is suspendedDavid O. Ogungbile",legitimate,other_legit,exais,2014-04-10,auto-subtyped
e02392,Can't talk now. Call me later please!,legitimate,other_legit,exais,2014-04-25,auto-subtyped
e02393,how are u? I will call u later dis morning. Of d rev,legitimate,other_legit,exais,2014-03-20,auto-subtyped
e02394,"Alright sir, I just send a message to the Hoc instructing him to remove the copy I gave to him today.",legitimate,other_legit,exais,2014-04-24,auto-subtyped
e02395,Good pm. I want to suggest that you can just display the matric no. and CAT total (30%) only for CSC 427. Have a blessed night.,legitimate,other_legit,exais,2014-04-24,auto-subtyped
e02396,Mr Solomon - 07XXXXXXX04,legitimate,other_legit,exais,2014-02-24,auto-subtyped
e02397,"Special Invite to GLM ABEOKUTA-YEWA Zonal Conf:THE POWER OF HIS MIGHT:17-19 April,2014:Baptist Girls High Sch,IdiAba,Abeokuta.Bus wl b Dambold Filling Station & Sch B/stop by 3pm today.<PHONE>",legitimate,appointment,exais,2014-04-17,auto-subtyped
e02398,"Life is all about planning! Secure your loved ones with FBNLIFE for a benefit cover of N500,000. Dial *454#.",legitimate,promo_marketing,exais,2014-04-16,auto-subtyped
e02399,I want to personally invite u to this year's convention which comes up btw thurs 17th and Sun 20th April! It starts 2mr by 4pm! Be der and invite ur friends!,legitimate,appointment,exais,2014-04-16,auto-subtyped
e02400,"You are specially invited to d abundant life conventn btw April 17 & April 20, 2014 @ christ way camp grd Ile-funfun! Pls plan to attend and invite ur friends!",legitimate,appointment,exais,2014-04-01,auto-subtyped
e02401,Happy new mnth dearest sister. May d LORD perfect that which corncerns u dis mnth IJN.Mary Adebisi.,legitimate,other_legit,exais,2014-04-01,auto-subtyped
e02402,"Good day senior Friend, Calvary greetins 2 u in d name of our Lord and Saviour. Trust u re glowin in d Lord. Plz, we need 2 solicit ur assistance 2wards d upset of d Family Lodge rent. Tenks, we hope dat dis request receives ur highest consideratn in due time. NCCF 1 big family",legitimate,other_legit,exais,2014-03-31,auto-subtyped
e02403,Decree into the lives of your callers with these prophetic prayers from Rev S O Olubiyo. For prophetic blessings 010316. You are going forward 010330 to 4100.,legitimate,other_legit,exais,2014-03-30,auto-subtyped
e02404,"Man City battles Arsenal at the Emirates stadium today. Get Live Match updates and game strategy, Dial 14133 for FREE to Enjoy.",legitimate,promo_marketing,exais,2014-03-29,auto-subtyped
e02405,"Gud am Tolulope, from lsabo take a cab to Obantoko ( drop @ alogi bus stop). Then take a bike to pakuro( anipupo street ) . call me when u r about to take bike. Takia",legitimate,other_legit,exais,2014-03-29,auto-subtyped
e02406,Please call me. Business owners need to invest wisely. Get MTN Stock Market tips today for just N50/week. Send YES to 5035 to subscribe.,legitimate,promo_marketing,exais,2014-03-28,auto-subtyped
e02407,08XXXXXXX38 MR Adesuyi,legitimate,other_legit,exais,2014-03-28,auto-subtyped
e02408,"Sorry sir, I can't make it as promised early, just conclude a meeting @ d department & I don't want 2 miss d vehicle dt Wil take me home. I will check u unfailingly 2morrow. Thanks& God bless.",legitimate,other_legit,exais,2014-02-19,auto-subtyped
e02409,Y'ello! your 2 hrs 1-Day Data plan has expired. Text 2H to 131 to buy another bundle or text RESET to 131 to browse @ 5kobo/KB.,legitimate,promo_marketing,exais,2014-03-25,auto: relabelled marketing
e02411,"Dear customer, you have used 50% out of your time bundle. Thanks for choosing MTN",legitimate,other_legit,exais,2014-03-24,auto-subtyped
e02412,"Dear customer, you have used 25% out of your time bundle. Thanks for choosing MTN",legitimate,other_legit,exais,2014-03-24,auto-subtyped
e02413,Y'ello! You have exhausted your 2H Data plan. Activate another bundle or text RESET to 131 to browse @ 5kobo/KB.,legitimate,recharge,exais,2014-03-12,auto-subtyped
e02414,"Dear customer, you have used 90% out of your time bundle, Thanks for choosing MTN",legitimate,other_legit,exais,2014-03-12,auto-subtyped
e02415,"dis is 2 remind u of our slated prgm coming up on saturday 22.3.2014 theme, agbara jesu nikan lolese.at ayanfe house ita.aka 12pm-3pm. bless u as u come.",legitimate,other_legit,exais,2014-03-20,auto-subtyped
e02416,"dis is 2 remind u of our slated prgm coming up on stdy 22.2.14 theme, agbara jesu nikan lolese.at ayanfe house ita.aka 12pm-3pm. wit fasting bles u as u come.",legitimate,other_legit,exais,2014-02-21,auto-subtyped
e02418,"Good afternoon, pls i nid money..... Plssss",legitimate,other_legit,exais,2014-03-17,auto-subtyped
e02419,"Good evening ma, ve bin tryin to reach u on watsapp, is not going. Op u r gud?",legitimate,other_legit,exais,2014-03-16,auto-subtyped
e02420,OGUNMADE OLUWASEUN --<PHONE>--GTB,legitimate,other_legit,exais,2014-03-04,auto-subtyped
e02421,"Am doing great sir, Work was hectic as usual but God is helping me. Thanks a lot sir, regards to Mummy. Have a lovely day& enjoy God.",legitimate,promo_marketing,exais,2014-03-14,auto-subtyped
e02422,"Gud p.m. Oluwafolakemi. How's ur work today? Have a wonderful restful night. God bless u, my daughter.",legitimate,other_legit,exais,2014-03-13,auto-subtyped
e02423,"Good am sir, I want to confirm if u r able to send d paper yesterday. Have a lovely day sir & enjoy God.",legitimate,promo_marketing,exais,2014-03-14,auto-subtyped
e02424,Received with thanks.,legitimate,other_legit,exais,2014-03-13,auto-subtyped
e02425,Mail not received.,legitimate,other_legit,exais,2014-03-13,auto-subtyped
e02426,"Collectn of nominatn form into all elective positions of ASUU UNAAB has been extended to Wed March 19, 2011. Obtain nominatn form @ d Secretariat.",legitimate,other_legit,exais,2014-03-13,auto-subtyped
e02427,Notice is hereby given 4 collectn of nominatn form into all elective positions of ASUU UNAAB. Obtain nominatn form@ d Secretariat & return same on/or before 13th March 2014 by 4pm. Contestants must ensure adherence to PHC declaration. Candidate who violate d declaration shall be disqualified.,legitimate,other_legit,exais,2014-03-07,auto-subtyped
e02428,Name: Dr. OluwatopeTel: 080XXXXX506 Name: Dr. Oluwatope1Tel: 080XXXXXX55 Name: Dr. Oluwatope2Tel: 0701 455 4742,legitimate,other_legit,exais,2014-03-12,auto-subtyped
e02429,"Good day Sir/Ma,the post data seminar that was earlier scheduled for tomorrow has been shifted to monday 17th march 2014. Due to post graduate board meeting, we are very sorry for any inconveniences. ThanksFalana O. J.",legitimate,appointment,exais,2014-03-12,auto-subtyped
e02430,"Okay, sorry My schedule was too tight today; unable to go bank. I will send It 2 morrow by God's. grace. Sorry 4 d delay.",legitimate,other_legit,exais,2014-03-11,auto-subtyped
e02431,Helo ma.this is TLM TRAVELS LTD. We are still expecting the payment for the passport processing.thanks,legitimate,other_legit,exais,2014-03-11,auto-subtyped
e02432,"Ore, ow are you, longtime no call, ow is bro G? Op he's doing great? Pls kindly send your account no to me b4 Mon.",legitimate,other_legit,exais,2014-03-08,auto-subtyped
e02433,"Sir/ma,CEM training has just started.Others can join dis saturday or next.Also,there is joint Prayer/Retreat on 15March both @christway,Iwairele,Mayfair by 10am",legitimate,other_legit,exais,2014-03-07,auto-subtyped
e02434,081XXXXX63- Ola Diamond,legitimate,other_legit,exais,2014-03-07,auto-subtyped
e02435,"Beloved,gd morn. We want to remind u of our REUNION coming by 13th and 14th June 2014.Your suggestions and contributions are welcome <PHONE>,08XXXXXX26.thx",legitimate,other_legit,exais,2014-03-07,auto-subtyped
e02436,Pls in a meetin. Send txt,legitimate,other_legit,exais,2014-03-05,auto-subtyped
e02437,21XXXXX18,legitimate,other_legit,exais,2014-03-05,auto-subtyped
e02438,I've seen it ma. Thank u ma.,legitimate,other_legit,exais,2014-03-05,auto-subtyped
e02439,AC name: Noah Nureni Olusola ac numba: 00XXXXXX89 GTBank. Hv a great day too.,legitimate,other_legit,exais,2014-03-03,auto-subtyped
e02440,"Pls send ur account number to me, i will send d 18.5k unfailingly 2morrow was unable to go to bank & drop d system with mighty, don't border taking it 2 Lagos. I don't have extra money 4 now. Thanks",legitimate,other_legit,exais,2014-03-03,auto-subtyped
e02441,"CONGRATS! U ve been selected 4 a Writen Test/Interview in a HR/Health Org. 2MRW Friday 28/02/2014. Venue DANAX PLAZA ADAMASINGBA B/STOP, IB. By 12:00. Come wit ur CV. 08XXXXXXX82",legitimate,appointment,exais,2014-02-27,auto-subtyped
e02442,"Twin sister, ow was ur day? From Osogbo to Abeokuta, alight @ Alogi bus top. From alogi take a bike to pakuro(anipupo house) . expecting u greatly. Luv & miss u",legitimate,other_legit,exais,2014-02-25,auto-subtyped
e02443,"Hi, your friend Tunde Ramadan is inviting you to chat and share pictures on 2go! Visit <URL> to join 2go and chat to them for FREE",legitimate,other_legit,exais,2014-02-23,auto-subtyped
e02444,"2 days refresher course starts 26-27th Feb @Christ way,Iwa-irele,4.30pm daily.#200 reg fees &train of new students starts 1st Mar @same venue-announce on sunday",legitimate,appointment,exais,2014-02-22,auto-subtyped
e02445,"Your opportunity to become PMP Certified is here. Register for your PMP Training today at Idea Konsult, Mokola. Date: March 3 & 5; 1 & 8. Enquiries: 07XXXXXXX56",legitimate,other_legit,exais,2014-02-21,auto-subtyped
e02446,"Good morning to u sir, Account Name - Olayiwola Oluwafolake. Account No : 00XXXXXX36. Bank - GTB. Thanks a lot sir & God bless u. My regards to mummy.",legitimate,other_legit,exais,2014-02-21,auto-subtyped
e02447,"Good morning to u sir, Account Name - Olayiwola Oluwafolake",legitimate,other_legit,exais,2014-02-21,auto-subtyped
e02448,Peace greetings IJN.Pls send ur bank name & acct no to us. Pst & Mrs Gureje.,legitimate,debit_alert,exais,2014-02-21,auto-subtyped
e02449,"Alright ma I will collect it anytime am around, thanks, my day was fine but hectic Amen. Yemi is now in Lagos, she just got a job.",legitimate,other_legit,exais,2014-02-19,auto-subtyped
e02450,"I av bought ur bible. How was ur day, God will continue to sthrenghtn u. Greetings to Yemi.",legitimate,other_legit,exais,2014-02-19,auto-subtyped
e02451,Name: Abiodun MscTel: 0805 130 8597Name: Abiodun Msc1Tel: 080XXXXXX41,legitimate,other_legit,exais,2014-02-19,auto-subtyped
e02452,This is my email <EMAIL> u ma,legitimate,other_legit,exais,2014-02-17,auto-subtyped
e02453,"13/02/2014 21:01,153,We're sorry.D church we wanted to use 4 our children/teachers p/fasting this sat. disappointed us.There's Change in venue 2 GOFAMINT,Ajebamdele,opp.Adesanmi b/s",legitimate,appointment,exais,,auto-subtyped
e02454,Wow! Airtel has given you 5mins FREE Airtel to Airtel credit to call your friends & loved ones this week. Hurry start calling. Call 141 now for mor,legitimate,credit_alert,exais,2014-02-12,auto-subtyped
e02455,"You are cordially invited to the 3rd COLAMRUD Lecture Series titled ""Intellectual Property Rights & Avoiding the Risk of Plagiarism"". Presenter: Prof. A.M. Omotayo (Dir. IFSERAR). Date: Today Wed Feb 12, 2014. Venue: PG Auditorium; Time: 12:00 noon. Chairman: Prof. O.B. Oyewole (Vice-Chancellor)",legitimate,appointment,exais,2014-02-12,auto-subtyped
e02456,"AlertZAcct:200**001DT:8/8/2014:2:56 PMPOS Intl- GOOGLE *WhatsApp - 49D32BDR Amt:161.62Br:Head OfficeBal:13,623.67REF:338695570",legitimate,other_legit,exais,2014-08-08,auto-subtyped
e02457,"AlertZAcct:200**001DT:8/8/2014:2:56 PMPOS Intl- GOOGLE *WhatsApp - 49D3ABDR Amt:161.62Br:Head OfficeBal:13,623.71REF:338694986",legitimate,other_legit,exais,2014-08-08,auto-subtyped
e02458,"AlertZAcct:200**001DT:8/7/2014:2:13 PMPOS Intl- <URL> - 1718CR Amt:502.20Br:Head OfficeBal:13,623.75REF:338216570",legitimate,other_legit,exais,2014-08-07,auto-subtyped
e02459,"AlertZAcct:200**001DT:8/6/2014:12:00 AMMC Int Web Prch-<ACCT>--GOOGLDR Amt:161.58Br:Sango OtaBal:13,121.55REF:337944257",legitimate,debit_alert,exais,2014-08-06,auto-subtyped
e02460,"AlertZAcct:200**001DT:8/6/2014:12:00 AMMC Int Web Prch-<ACCT>--GOOGLDR Amt:161.58Br:Sango OtaBal:13,283.13REF:337944201",legitimate,debit_alert,exais,2014-08-06,auto-subtyped
e02461,"AlertZAcct:200**001DT:8/4/2014:7:31 PMMC Loc ATM Wdl-21824604 --UNAAB UNAAB MFB DR Amt:5,000.00Br:Sango OtaBal:13,444.71REF:337059795",legitimate,other_legit,exais,2014-08-04,auto-subtyped
e02462,"AlertZAcct:200**001DT:8/4/2014:2:27 PMPOS Intl- <URL> - 2D82DR Amt:160.23Br:Head OfficeBal:18,426.75REF:336865139",legitimate,other_legit,exais,2014-08-04,auto-subtyped
e02463,"AlertZAcct:200**001DT:8/4/2014:2:28 PMPOS Intl- <URL> - 2F22DR Amt:606.94Br:Head OfficeBal:18,444.71REF:336865353",legitimate,other_legit,exais,2014-08-04,auto-subtyped
e02464,"AlertZAcct:200**001DT:8/4/2014:2:28 PMPOS Intl- <URL> - 2F20DR Amt:576.19Br:Head OfficeBal:18,444.71REF:336865351",legitimate,other_legit,exais,2014-08-04,auto-subtyped
e02465,"AlertZAcct:200**001DT:8/1/2014:4:16 PMPOS Intl- <URL> - 2C8CDR Amt:283.76Br:Head OfficeBal:18,424.32REF:336281513",legitimate,other_legit,exais,2014-08-01,auto-subtyped
e02466,"AlertZAcct:200**001DT:8/1/2014:12:00 AMMC Int Web Prch-<ACCT>--<URL> Amt:616.16Br:Sango OtaBal:18,420.54REF:336020882",legitimate,debit_alert,exais,2014-08-01,auto-subtyped
e02467,"AlertZAcct:200**001DT:8/1/2014:12:00 AMMC Int Web Prch-<ACCT>--<URL> Amt:584.93Br:Sango OtaBal:19,036.70REF:336019701",legitimate,debit_alert,exais,2014-08-01,auto-subtyped
e02468,"AlertZAcct:200**001DT:7/31/2014:12:00 AMMC Int Web Prch-<ACCT>--<URL> Amt:162.66Br:Sango OtaBal:19,621.63REF:335875611",legitimate,debit_alert,exais,2014-07-31,auto-subtyped
e02469,"AlertZAcct:200**001DT:7/31/2014:12:00 AMMC Int Web Prch-<ACCT>--<URL> Amt:287.54Br:Sango OtaBal:19,784.29REF:335843213",legitimate,debit_alert,exais,2014-07-31,auto-subtyped
e02470,"AlertZAcct:200**001DT:7/31/2014:4:44 PM29343/CD/FREDDYCR Amt:20,000.00Br:Sango Ota3Bal:20,071.83REF:335809953",legitimate,other_legit,exais,2014-07-31,auto-subtyped
e02471,AlertZAcct:200**001DT:7/31/2014:11:33 AMPOS Intl- <URL> - 165FDR Amt:483.80Br:Head OfficeBal:71.83REF:335550068,legitimate,other_legit,exais,2014-07-31,auto-subtyped
e02472,AlertZAcct:200**001DT:7/31/2014:11:33 AMPOS Intl- <URL> - 165EDR Amt:375.03Br:Head OfficeBal:71.83REF:335550066,legitimate,other_legit,exais,2014-07-31,auto-subtyped
e02473,AlertZAcct:200**001DT:7/31/2014:11:08 AMPOS Intl- <URL> - 1A0CDR Amt:485.43Br:Head OfficeBal:54.39REF:335510041,legitimate,other_legit,exais,2014-07-31,auto-subtyped
e02474,AlertZAcct:200**001DT:7/31/2014:11:08 AMPOS Intl- <URL> - 1A05DR Amt:426.98Br:Head OfficeBal:37.35REF:335509948,legitimate,other_legit,exais,2014-07-31,auto-subtyped
e02475,AlertZAcct:200**001DT:7/31/2014:11:08 AMPOS Intl- <URL> - 1A10DR Amt:844.22Br:Head OfficeBal:54.39REF:335510043,legitimate,other_legit,exais,2014-07-31,auto-subtyped
e02476,AlertZAcct:200**001DT:7/31/2014:11:08 AMPOS Intl- <URL> - 1C18DR Amt:503.29Br:Head OfficeBal:60.83REF:335510249,legitimate,other_legit,exais,2014-07-31,auto-subtyped
e02477,AlertZAcct:200**001DT:7/30/2014:12:00 AMMC Int Web Prch-<ACCT>--<URL> Amt:509.73Br:Sango OtaBal:31.88REF:334593424,legitimate,debit_alert,exais,2014-07-28,auto-subtyped
e02478,AlertZAcct:200**001DT:7/30/2014:12:00 AMMC Int Web Prch-<ACCT>--<URL> Amt:855.04Br:Sango OtaBal:541.61REF:334531557,legitimate,debit_alert,exais,2014-07-27,auto-subtyped
e02479,"AlertZAcct:200**001DT:7/30/2014:12:00 AMMC Int Web Prch-<ACCT>--<URL> Amt:491.65Br:Sango OtaBal:1,396.65REF:334531141",legitimate,debit_alert,exais,2014-07-27,auto-subtyped
e02480,"AlertZAcct:200**001DT:7/30/2014:12:00 AMMC Int Web Prch-<ACCT>--<URL> Amt:432.45Br:Sango OtaBal:1,888.30REF:334530266",legitimate,debit_alert,exais,2014-07-27,auto-subtyped
e02481,"AlertZAcct:200**001DT:7/30/2014:12:00 AMMC Int Web Prch-<ACCT>--<URL> Amt:490.00Br:Sango OtaBal:2,320.75REF:334395131",legitimate,debit_alert,exais,2014-07-26,auto-subtyped
e02482,"AlertZAcct:200**001DT:7/30/2014:12:00 AMMC Int Web Prch-<ACCT>--<URL> Amt:379.83Br:Sango OtaBal:2,320.75REF:334395169",legitimate,debit_alert,exais,2014-07-26,auto-subtyped
e02483,"AlertZAcct:200**001DT:7/26/2014:1:41 PMMC Loc ATM Wdl-<ACCT>--GTBankGTBank UNADR Amt:2,000.00Br:Sango OtaBal:3,230.58REF:334455941",legitimate,debit_alert,exais,2014-07-26,auto-subtyped
e02484,"AlertZAcct:200**001DT:7/25/2014:8:42 PMMC Loc ATM Wdl-70578525 --UNAAB UNAAB MFB DR Amt:3,000.00Br:Sango OtaBal:5,230.58REF:334377443",legitimate,other_legit,exais,2014-07-25,auto-subtyped
e02485,"AlertZAcct:200**001DT:7/22/2014:7:47 PMMC Loc ATM Wdl-51956722 --UNAAB UNAAB MFB DR Amt:3,000.00Br:Sango OtaBal:8,230.58REF:332749976",legitimate,other_legit,exais,2014-07-22,auto-subtyped
e02486,"Get Health tips, News, Fashion, Glamour, Star Style, Nollywood, Sports on Glo Lifestyle Portal for just N20/day Click here <URL> GLO!!",legitimate,promo_marketing,exais,2014-08-08,auto: relabelled marketing
e02487,Your SMS bundle has been granted a bonus of 1 SMS valid until 09/08/2014,legitimate,promo_marketing,exais,2014-08-08,auto: relabelled marketing
e02488,Congratulations Phone Lord! Enjoy Rental Bonus of N50 for today. Bonus to be used for on-net calls and SMS till 9am today,scam,promo_win,exais,2014-08-07,auto: fraud
e02489,Your SMS bundle has been granted a bonus of 1 SMS valid until 08/08/2014,legitimate,promo_marketing,exais,2014-08-06,auto: relabelled marketing
e02490,"200.00NGN has been credited. Main Bal:N 202.28. Enjoy 9K/s on Bounce2Bounce,campus zone calls,free 30MB. Dial #122# to check data bonus",legitimate,credit_alert,exais,2014-08-06,auto: relabelled bank alert
e02492,Your SMS bundle has been granted a bonus of 1 SMS valid until 05/08/2014,legitimate,promo_marketing,exais,2014-08-04,auto: relabelled marketing
e02493,"200.00NGN has been credited. Main Bal:N 343.42. Enjoy 9K/s on Bounce2Bounce,campus zone calls,free 30MB. Dial #122# to check data bonus",legitimate,credit_alert,exais,2014-08-01,auto: relabelled bank alert
e02496,"180.00NGN has been credited. Main Bal:N 182.30. Enjoy 9K/s on Bounce2Bounce,campus zone calls,free 30MB. Dial #122# to check data bonus",legitimate,credit_alert,exais,2014-08-01,auto: relabelled bank alert
e02499,"200.00NGN has been credited. Main Bal:N 204.07. Enjoy 9K/s on Bounce2Bounce,campus zone calls,free 30MB. Dial #122# to check data bonus",legitimate,credit_alert,exais,2014-07-29,auto: relabelled bank alert
e02501,You have just received FREE 30MB valid for 2 days.To confirm bonus dial #122#.Call ANY network at 12K/s after 1st min of the day at 40K/s.,legitimate,promo_marketing,exais,2014-07-27,auto: relabelled marketing
e02502,"200.00NGN has been credited. Main Bal:N 200.39. Enjoy 9K/s on Bounce2Bounce,campus zone calls,free 30MB. Dial #122# to check data bonus",legitimate,credit_alert,exais,2014-07-27,auto: relabelled bank alert
e02504,"200.00NGN has been credited. Main Bal:N 202.67. Enjoy 9K/s on Bounce2Bounce,campus zone calls,free 30MB. Dial #122# to check data bonus",legitimate,credit_alert,exais,2014-07-23,auto: relabelled bank alert
e02506,Your SMS bundle has been granted a bonus of 1 SMS valid until 23/07/2014,legitimate,promo_marketing,exais,2014-07-22,auto: relabelled marketing
e02507,"200.00NGN has been credited. Main Bal:N 209.32. Enjoy 9K/s on Bounce2Bounce,campus zone calls,free 30MB. Dial #122# to check data bonus",legitimate,credit_alert,exais,2014-07-21,auto: relabelled bank alert
e02509,Your SMS bundle has been granted a bonus of 1 SMS valid until 21/07/2014,legitimate,promo_marketing,exais,2014-07-20,auto: relabelled marketing
e02510,Your SMS bundle has been granted a bonus of 1 SMS valid until 20/07/2014,legitimate,promo_marketing,exais,2014-07-19,auto: relabelled marketing
e02512,"90.00NGN has been credited. Main Bal:N 90.23. Enjoy 9K/s on Bounce2Bounce,campus zone calls,free 30MB. Dial #122# to check data bonus",legitimate,credit_alert,exais,2014-07-19,auto: relabelled bank alert
e02514,Your SMS bundle has been granted a bonus of 1 SMS valid until 18/07/2014,legitimate,promo_marketing,exais,2014-07-17,auto: relabelled marketing
e02515,Good morning ma. Got your msg been busy lately . thanks ma and may God bless you would keep my fingers Cross end have a wonderful day.,legitimate,other_legit,exais,2014-08-08,auto-subtyped
e02516,"My dear, I have been busy of late . I don't have up to that now except by the month end. You may have to wait",legitimate,other_legit,exais,2014-08-07,auto-subtyped
e02517,Goodmorning Mum pls I need your assistance want to complete d fees of my house rent paid 20 earlier remaining 10.. Mum pls help in any lil way you can d landlord given me a deadline of this week. Pls mum.,legitimate,other_legit,exais,2014-08-06,auto-subtyped
e02518,Enjoy Glo Ringa (11k/s rate Glo to Glo) for one week. Dial *170*40#. Fees N250.Last call was 126 sec at N29.94. Main Bal: N55.18.,legitimate,debit_alert,exais,2014-08-08,auto: relabelled bank alert
e02521,"It's Yello Friday! Man U is still in pursuit of Robben & Arsenal, Khedira. Get Football Gossips,SMS FGOSSIP to 700 at a discounted rate of N10 for a 7 day offer",legitimate,promo_marketing,exais,2014-08-02,auto: relabelled marketing
e02522,"Enjoy affordable unlimited data access globally while roaming with 'MTN WiFi Roaming', Click here to download the Android version of app: <URL>",legitimate,promo_marketing,exais,2014-07-28,auto: relabelled marketing
e02523,"Y'ello Peeps! Watch MTN Project Fame 7.0 on the following stations from Mon-Fri on Soundcity (7:30-8pm), ONTV (8:30-9pm), STV (9:30-9pm) & NTA (5:30-6pm)",legitimate,promo_marketing,exais,2014-07-24,auto: relabelled marketing
e02525,"Dear customer, welcome to the world of high speed internet. Use data on the go at 5 kobo per kb or send MENU to 127 to enjoy data bundles of your choice!",legitimate,promo_marketing,exais,2014-08-06,auto: relabelled marketing
e02526,Y'ello! Your MTN XtraTime balance is NGN3.50. Your MTN main account balance is NGN-99.90.,legitimate,promo_marketing,exais,2014-08-06,auto: relabelled marketing
e02527,Y'ello! Your account has been credited with NGN100 MTN XtraTime advance which will be deducted from your next recharge. A service fee N10.0 has been deducted for this transaction. Thank you!,legitimate,promo_marketing,exais,2014-08-05,auto: relabelled marketing
e02530,"Try out the hot new single by Davido & Mafikizolo ""Tchelete goodlife"" on MTN Callertunez. Reply 68 to 4100 to get it now @ N50.",legitimate,promo_marketing,exais,2014-08-02,auto: relabelled marketing
e02531,"Dear Customer,you can select a preferred pick up branch for your GTBank Naira MasterCard expiring 10/14 on our Internet Banking platform before 15/08/14",legitimate,other_legit,exais,2014-08-05,auto-subtyped
e02532,Wow u slept just like that. Did care too know wah was d problem or was it cos I told u a lie? We are one rememba dt... Talk tomao gudnyt dear. Love u,legitimate,other_legit,exais,2014-08-04,auto-subtyped
e02533,Hi dear. Hope your Rummies didn't lock u outsyd oh. Make sure u cover up yurself &tink of me. Love u very much dear.<3,legitimate,other_legit,exais,2014-08-03,auto-subtyped
e02534,Sorry didn't hear u d oda tym..call me wen u done. Tkia,legitimate,other_legit,exais,2014-07-22,auto-subtyped
e02535,Read well dear... Am with u aii. Call me wen u abt sleeping love,legitimate,other_legit,exais,2014-07-21,auto-subtyped
e02536,Love u too!! Yea small its a challenge!! Cos I knw wah my boo can do &wen she does hmmm!!! Wuld tell u smtn lata. But MAKE SURE U READ OH!! Kisses boo.missed dt,legitimate,other_legit,exais,2014-07-20,auto-subtyped
e02537,"Hmmmmmmmmm, small ba I c.enjoyed yours too big thou.love you dearie",legitimate,other_legit,exais,2014-07-20,auto-subtyped
e02538,My lady try as much as u can too read oh! Cos I will fight u if u don't cos u don't know ow it cost me 2let u leave. Enjoyed yur presence ds evening small oh.wish for a better &sweet evening. Love u dear,legitimate,other_legit,exais,2014-07-20,auto-subtyped
e02539,Okay! Welcm,legitimate,other_legit,exais,2014-07-20,auto-subtyped
e02540,"Yes I just got back ooooh, I did anoda game today",legitimate,other_legit,exais,2014-07-20,auto-subtyped
e02541,Are u back from church?,legitimate,other_legit,exais,2014-07-20,auto-subtyped
e02542,"Dear.. In as much I long to b with u, but couldn't just wish we could just b togeda. But not working. Just take care of yourself aiit. Swtdrms",legitimate,other_legit,exais,2014-07-19,auto-subtyped
e02543,Watch Man Utd v Real Madrid LIVE on your mobile phone this Saturday using the ManU Club App! Text App to 5836 to download @ N50. Data charges apply. Glo!,legitimate,promo_marketing,exais,2014-08-01,auto: relabelled marketing
e02544,Watch Man Utd v Real Madrid LIVE on your mobile using the Glo ManU Club App! Text App to 5836 to download @ N50. Data charges apply. Glo!,legitimate,promo_marketing,exais,2014-08-01,auto: relabelled marketing
e02551,Tried your nos. Wasnt going tru.am on my way dear... Takia love u,legitimate,other_legit,exais,2014-07-31,auto-subtyped
e02552,Lol. Welcm dear and thank God for journey mercies love. So u haven't gotten to d hostel dear? No smile oh bone gannn! Love u,legitimate,other_legit,exais,2014-07-30,auto-subtyped
e02553,Am in church already jere. Omo AGS not smilling,legitimate,other_legit,exais,2014-07-30,auto-subtyped
e02554,Pls dear.... Am outside waiting for u.!,legitimate,other_legit,exais,2014-07-26,auto-subtyped
e02555,So so so so so so sorry abt my behavior and my manners shouldn't have behaved like that.. Feeling guilty like a bad boy kinder nature. Sorry,legitimate,other_legit,exais,2014-07-26,auto-subtyped
e02556,"Morning dear... Still possible for us to go to camp today? If its not, no p will c u in your rum",legitimate,other_legit,exais,2014-07-26,auto-subtyped
e02557,From Garage tk a bike to redeem church opp low-cost b4 deeper life. Or tk a bus goin to ijede then u stop at Livingstone junction nd walk down to d redeem church. D house immediately after is my house.,legitimate,other_legit,exais,2014-07-31,auto-subtyped
e02561,This is it. 8239 4951 98429. Ama,legitimate,other_legit,exais,2014-07-30,auto-subtyped
e02562,watz it,legitimate,other_legit,exais,2014-07-27,auto-subtyped
e02563,no ikd,legitimate,other_legit,exais,2014-07-27,auto-subtyped
e02564,Do u know if daddy is at ijede,legitimate,other_legit,exais,2014-07-27,auto-subtyped
e02565,ow fa..watz it,legitimate,other_legit,exais,2014-07-27,auto-subtyped
e02566,"Dear Mr. ONYEKA, Here's wishing you a Happy Eid-el-Fitr celebration! From All of Us @ Access Bank.",legitimate,other_legit,exais,2014-07-27,auto-subtyped
e02567,When una reach jao flash me. I don wait tire,legitimate,other_legit,exais,2014-07-25,auto-subtyped
e02568,If u are coming lemme know so would know wheda I cook for u.,legitimate,other_legit,exais,2014-07-25,auto-subtyped
e02569,Morning bro. Saw your missed call and tried calling back bt u weren't picking up.,legitimate,other_legit,exais,2014-07-21,auto-subtyped
e02570,You transferred N200 to <PHONE> on 25/07/14 16:20. Your new account balance is N531.8. Thanks for using Share & Sell.,legitimate,other_legit,exais,2014-07-25,auto-subtyped
e02571,"You are sending N200 airtime to <PHONE>. To confirm, text YES to 777 within the next 15 minutes.",legitimate,recharge,exais,2014-07-25,auto-subtyped
e02572,Transfer 08XXXXXX08 200 2580,legitimate,other_legit,exais,2014-07-25,auto-subtyped
e02573,"Sorry, the PIN in your last command is invalid. You will be blocked from using Share & Sell if you send 5 messages with the wrong PIN. Please try again.",legitimate,other_legit,exais,2014-07-25,auto-subtyped
e02574,Transfer 081XXXXXX00 2580,legitimate,other_legit,exais,2014-07-25,auto-subtyped
e02575,"Acct: ******6575Amt: NGN3,000.00 DrDesc: CASH WDL-SELFAvail Bal: NGN38.75",legitimate,debit_alert,exais,2014-07-25,auto-subtyped
e02576,"Acct: ******6575Amt: NGN3,000.00 CrDesc: CASH DEPOSIT-EJIKEAvail Bal: NGN3,38.75",legitimate,debit_alert,exais,2014-07-25,auto-subtyped
e02577,"7740 9408 7526 and 4434 0082 2063, sorry its small. Took all dis while, manage this. Miss u lepa, wen u recharge let me know",legitimate,recharge,exais,2014-07-24,auto-subtyped
e02578,"Gudafternun Sir/ma. My name is Mabadeje Peter Tobi, an alumni of All Saints Nusery/primary school, zone 3, Abuja. I hve bn mandated by d Principal of d schl 2 reach out 2 felow Alumni(s) wit respect 2 formin a formal Alumni Associatn 4 d schl. As a 1st step, d principal hs requestd d presenc of al of us@ d schl's 20th graduatn ceremony holdin 2moro@ d schl compound by 9am. Kindly make plans 2 atend if u can. Apologies 4 d short notice&warmest regards.",legitimate,other_legit,exais,2014-07-23,auto-subtyped
e02579,"Dear Glo Customer,with GLO RINGA,you can call any Glo number at a super low 11 KOBO PER SEC.Dial *170*40#. Pack fee N250. Validity 7 days.Glo Unlimited!",legitimate,promo_marketing,exais,2014-07-23,auto: relabelled marketing
e02581,Access your saved data from your PC with Glo Backup web site <URL> login <ACCT> password kzmq7118f,legitimate,promo_marketing,exais,2014-07-21,auto: relabelled marketing
e02582,"Glo Backup, a service to protect your personal data (contacts, calendar,...) detected your new handset.",legitimate,promo_marketing,exais,2014-07-21,auto: relabelled marketing
e02585,Get wel soon bro. POD prays 4 u,legitimate,other_legit,exais,2014-07-18,auto-subtyped
e02587,"dis is 2 remind u of our slated prgm coming up on satdy 9.8.14 theme, agbara jesu nikan lolese.at Abk.notice;take taxi 2 fajol drop at fajol hotel,take okada 2 ogini house ask 4 ayanfe. 12pm-3pm. bles u.",legitimate,other_legit,exais,2014-08-08,auto-subtyped
e02588,"dis is 2 remind u of our slated prgm coming up on saturday 26.7.2014 theme, agbara jesu nikan lolese.at ayanfe house ita.aka 12pm-3pm. bless u as u come.",legitimate,other_legit,exais,2014-07-24,auto-subtyped
e02589,DARAMOLA O.M Dept: AP&H (pg/12/0680,legitimate,other_legit,exais,2014-08-08,auto-subtyped
e02591,"PUNCH NEWSFRIDAY, 8TH AUGUST 20141. Ebola virus: Liberia apologises to Nigeria2. Consequences of rigging election?ll be grave ? Oyegun3. Seme Customs host border security meeting4. Diamond Bank to pursue branch expansion5. NFF, Keshi to tie deal next week(MTN is not liable for this message)",legitimate,promo_marketing,exais,2014-08-08,auto: relabelled marketing
e02592,"PUNCH NEWSTHURSDAY, 7TH AUGUST 20141. Jonathan seeks US support to diversify Nigeria?s economy2. Boko Haram kills 20 in north Cameroon3. Fashola cancels new LASU fees, restores N25,000 tuition4. Minister awaits response on anti-Ebola experimental drug(MTN is not liable for this message)",legitimate,promo_marketing,exais,2014-08-07,auto: relabelled marketing
e02593,"PUNCH NEWSTHURSDAY, 7TH AUGUST 20141. Adeboye leads prayers for Chibok girls, Ebola2. Ebola: FG intensifies efforts to curb virus at airport3. B?Haram: We?re changing tactics, says Chief of Air Staff4. Power: Nigeria, others to get $5bn from W?Bank(MTN is not liable for this message)",legitimate,promo_marketing,exais,2014-08-07,auto: relabelled marketing
e02594,"PUNCH NEWSWEDNESDAY, 6TH AUGUST 20141. Ebola: Lagos begins search for 27 secondary contacts2. Chibok girls: We?re open to third party dialogue -Jonathan3. Jonathan seeks stiffer sanctions against Boko Haram, others4. Nine political parties adopt Omisore(MTN is not liable for this message)",legitimate,promo_marketing,exais,2014-08-06,auto: relabelled marketing
e02595,"PUNCH NEWSWEDESDAY,6TH AUGUST 20141. Jonathan incompetent to rule Nigeria ?Tinubu2. Impeachment:Probe panel clears Al-Makura3. Sawyer:Lagos matron shows Ebola symptoms4. Stakeholders resisting reforms in petroleum sector?Minister5. Xavi quits Spanish team(MTN is not liable for this message)",legitimate,promo_marketing,exais,2014-08-06,auto: relabelled marketing
e02596,"PUNCH NEWSMONDAY, 4TH AUGUST 20141. Ebola: Doctor who treated dead Liberian tests positive2. N?Assembly should reject Jonathan?s $1bn loan request ?Poll3. Ebola: US sends 50 experts to West Africa4. I feel blessed with my achievements ? Okagbare(MTN is not liable for this message)",legitimate,promo_marketing,exais,2014-08-04,auto: relabelled marketing
e02597,"PUNCH NEWSMONDAY,4TH AUGUST 20141. Re-elect my husband,Amosun?s wife urges voters2. 2015:Don?t campaign for me yet -Tambuwal3. Only collective efforts can rescue Nigeria ?Fashola4.Traditional banks may not exist by 2025? PwC4. Mourinho wants to keep Mikel(MTN is not liable for this message)",legitimate,promo_marketing,exais,2014-08-04,auto: relabelled marketing
e02598,"PUNCH NEWSSATURDAY, 2ND AUGUST 20141. Ebola: Nigeria?s 1,479 illegal borders may spread virus2. Osun 2014: Students deny endorsing Aregbesola3. Ghana bans flights from Nigeria, Liberia, others4. Jonathan sacks NNPC GMD5. Man City must not rush Iheanacho?(MTN is not liable for this message)",legitimate,promo_marketing,exais,2014-08-02,auto: relabelled marketing
e02599,"PUNCH NEWSFRIDAY, 1ST AUGUST 20141. I?ll lead Nigerians to defeat terror -Jonathan2. Ebola crisis: Virus spreading too fast, says WHO3. FG, Dangote sign MoU on $1bn rice project4. Chika Amalaha B sample tests positive, Nigeria loses gold(MTN is not liable for this message)",legitimate,promo_marketing,exais,2014-08-01,auto: relabelled marketing
e02600,"PUNCH NEWSFRIDAY, 1ST JULY 20141. Terrorism should end by December ? Council of State2. Ebola: 69 under watch, two isolated, says FG3. B?Haram tops US-Africa summit agenda4. FG?s 10,000 low-cost housing scheme takes off5. Chelsea is complete ?Mourinho(MTN is not liable for this message)",legitimate,promo_marketing,exais,2014-08-01,auto: relabelled marketing
e02601,"PUNCH NEWSTHURSDAY, 31ST JULY 20141. Bombers attack Kano poly, Potiskum mosque, kill 162. Presidency gave girls, parents N22.4m ? Chibok community3. FG gets N100bn from EU for development4. NFF to finalise Keshi?s contract(MTN is not liable for this message)",legitimate,promo_marketing,exais,2014-07-31,auto: relabelled marketing
e02602,"PUNCH NEWSTUESDAY, 29TH JULY 20141. Two female terrorists bomb Kano2. 59 persons came in contact with Ebola victim ?LASG3. Telecomms companies should invest more in infrastructure ? Obi4. Okagbare wins Commonwealth women 100m gold(MTN is not liable for this message)",legitimate,promo_marketing,exais,2014-07-29,auto: relabelled marketing
e02603,"PUNCH NEWSMONDAY, 28TH JULY 20141. Ebola: FG sets up isolation centres at airports2. Bakare says attack on Buhari meant to split Nigeria3. B?Haram seizes Cameroon?s vice prime minister?s wife4. Costa scores on Chelsea debut in their 2-1 win over Olimpija(MTN is not liable for this message)",legitimate,promo_marketing,exais,2014-07-28,auto: relabelled marketing
e02604,"PUNCH NEWSSUNDAY, 27TH JULY 20141. Sallah: Jonathan tells Nigerians not to lose hope3. Don?t negotiate for Chibok girls, Muslims tell Sultan3. N?Assembly may reconvene over Jonathan?s $1bn loan request4. Iheanacho: Can he make the grade at Man City?(MTN is not liable for this message)",legitimate,promo_marketing,exais,2014-07-27,auto: relabelled marketing
e02605,"PUNCH NEWSFRIDAY, 25TH JULY 20141. Impeachment: Jonathan intervenes, meets Nasarawa lawmakers2. Nigeria, others form regional force to tackle Boko Haram3. Nigeria, US sign MoU on 1,500MW power plant4. NFF members impeach Maigari, approve Keshi(MTN is not liable for this message)",legitimate,promo_marketing,exais,2014-07-25,auto: relabelled marketing
e02606,"PUNCH NEWSTHURSDAY, 24TH JULY 20141. Nigeria, Cameroon, others deploy 2,800 troops against B'Haram2. US, Canada condemn Kaduna bombings3. Shell seeks stakeholders? support in anti-oil theft campaign4. NFF board sacks Maigari again(MTN is not liable for this message)",legitimate,promo_marketing,exais,2014-07-24,auto: relabelled marketing
e02607,"PUNCH NEWSTHURSDAY, 24TH JULY 20141. Emir of Kano, Sanusi, visits Jonathan2. APC petitions Jonathan, alleges plot to kill Aregbesola3. We have capacity to win B?Haram war ? FG4. Unity Bank sacks 170 workers5. NFF to meet over Keshi, Falcons(MTN is not liable for this message)",legitimate,promo_marketing,exais,2014-07-24,auto: relabelled marketing
e02608,"PUNCH NEWSTUESDAY, 23RD JULY 20141. 11 parents of abducted girls die2. Tears as escaped Chibok girls, parents meet Jonathan3. APC on destructive march, says PDP4. Rising unemployment, income inequality worry CBN5. Real Madrid sign Rodriguez for ?71m.(MTN is not liable for this message)",legitimate,promo_marketing,exais,2014-07-23,auto: relabelled marketing
e02609,"PUNCH NEWSTUESDAY, 22ND JULY 20141. Buhari: Jonathan has declared war on Nigeria2. 2015: Jonathan?ll lose in northern states - Kwankwaso3. 80 CEOs to attend Google?s executive forum4. Pre-season tour: Chelsea drops Mikel(MTN is not liable for this message)",legitimate,promo_marketing,exais,2014-07-22,auto: relabelled marketing
e02610,"PUNCH NEWSMONDAY, 21ST JULY 20141. Rilwanu Lukman, ex-Petroleum minister, dies at 762. Drama as lawmakers impeach Ebonyi Speaker3. Steven Gerrard retires from England football team4. Suarez needs help of a psychiatrist ?Uruguay President(MTN is not liable for this message)",legitimate,promo_marketing,exais,2014-07-21,auto: relabelled marketing
e02611,"PUNCH NEWSMONDAY, 21ST JULY 20141. Terrorism: Jonathan?s $1bn loan request dubious, says APC2. APC?ll continue to lose unless ? ?Presidency3. Economic growth depends on power, auto sectors ? Report4. I?m not worried about Van Gaal ?Mourinho(MTN is not liable for this message)",legitimate,promo_marketing,exais,2014-07-21,auto: relabelled marketing
e02612,"PUNCH NEWSSATURDAY, 19TH JULY 20141. Impeachment: Edo, Rivers govs dare Jonathan2. Boko Haram kills 21 in Borno attack3. Insecurity, poor power supply threaten our investments ?MTNF4. Djokovic earns N489m for Wimbledon win(MTN is not liable for this message)",legitimate,promo_marketing,exais,2014-07-19,auto: relabelled marketing
e02613,"PUNCH NEWSFRIDAY, 18TH JULY 20141. 2015: Don?t declare now, PDP govs caution Jonathan2. Doctors? strike: Okonjo-Iweala, health minister shun Reps? meeting3. Jeremiah Useni escapes assassination attempt4. FIFA ban: Nigeria beats deadline(MTN is not liable for this message)",legitimate,promo_marketing,exais,2014-07-18,auto: relabelled marketing
e02616,<PHONE> GTB SAVINGSOLUBIYI AKINTUNDE C,legitimate,other_legit,exais,2014-08-07,auto-subtyped
e02617,The book is not opening,legitimate,other_legit,exais,2014-08-07,auto-subtyped
e02618,7E485FF3 that's my pin sir,legitimate,other_legit,exais,2014-08-04,auto-subtyped
e02619,08XXXXXXX07 DR OJESANMI,legitimate,other_legit,exais,2014-07-28,auto-subtyped
e02620,Did u later meet with operation research man?,legitimate,other_legit,exais,2014-07-25,auto-subtyped
e02621,"Or Emalaj nig. ltdPlot 747 babatunde atere street, omole phase2 berger lagos",legitimate,other_legit,exais,2014-07-21,auto-subtyped
e02622,"Jegede emmanuelTaj studios limitedNo 19, Balogun Crescent oke odo abule egba lagosEmail : <EMAIL>",legitimate,other_legit,exais,2014-07-21,auto-subtyped
e02623,81XXXXXX22,legitimate,other_legit,exais,2014-07-18,auto-subtyped
e02624,Pls sens efe number to me now,legitimate,other_legit,exais,2014-07-18,auto-subtyped
e02625,Visit<URL> download CST711 Exam Kit & AOCPlease spread the good news to all class members urgently!,legitimate,appointment,exais,2014-08-07,auto-subtyped
e02626,GOODDAY.MICT1 EXAMINATION STARTS EXACTLY 9AM. TODAY. PLEASE ENDEAVOUR TO ARRIVE BY 8AM FOR GROUP DISCUSSION AND SITTING ARRANGEMENT. WISHING U BEST OF LUCK,legitimate,other_legit,exais,2014-08-02,auto-subtyped
e02627,1. WHAT IS STACK. HOW IS IT IMPLEMENTED. ALGORITHM TO DELETE/ADD TO STACK.2. WHAT IS QUEUE . HOW IS IT IMPLEMENTED.APPLICATION OF QUEUE. ALGORITHM TO ADD/DELETE FROM QUEUE.,legitimate,other_legit,exais,2014-07-25,auto-subtyped
e02628,"Sir, Words cannot express my appreciation for ur presence, support and constructive criticism towards d success of my Ph.D predata seminar. Orunsolu A. Abiodun",legitimate,other_legit,exais,2014-08-06,auto-subtyped
e02629,"Ude Onwuka Onwuka ,Pg/11/0580 , Mechanical Engineering Dept. Thank you sir. From Alamu",legitimate,other_legit,exais,2014-08-06,auto-subtyped
e02630,"Y'ello, please recharge your account within the next 3 day(s) to continue to use the service product PUNCH weekly. The product will expire at 2014-08-08.",legitimate,promo_marketing,exais,2014-08-05,auto: relabelled marketing
e02631,08XXXXXXX70 MRS OLUKEHINDE.VICE PRINCIPAL,legitimate,other_legit,exais,2014-08-05,auto-subtyped
e02632,"This is to appreciate you immensely for standing by us before & during the successful wedding ceremonies of our daughter, Mariam Omotoyosi AKINBOWALE. May the Almighty Allah bless you and enrich your resources abundantly. Amen. Thank you. The AKINBOWALEs.",legitimate,other_legit,exais,2014-08-05,auto-subtyped
e02633,"The mighty, these are my details you asked for: Ayoola K.O, matric: PG/13/0391. Water Res. (WMA). Dept. Thanks so much.",legitimate,other_legit,exais,2014-08-04,auto-subtyped
e02634,22XXXXXXBB PIN. EMAIL <EMAIL>,legitimate,other_legit,exais,2014-08-04,auto-subtyped
e02635,225DA540,legitimate,other_legit,exais,2014-08-02,auto-subtyped
e02636,Ese o. Shey e ti ka darda sha,legitimate,other_legit,exais,2014-08-02,auto-subtyped
e02637,Amen..u too..tnQ,legitimate,other_legit,exais,2014-08-02,auto-subtyped
e02638,"Sir,am d one dt wrote CaryOver in CSC701.Pls,kndly be mercful to me.God wl contnue tobe mercful to u in all areas of urlife.Akinade,Samson,PG/12/0505,MCB Dept",legitimate,other_legit,exais,2014-08-01,auto-subtyped
e02639,"Sir. dis new mnth shall bring u gud fortunes,divine enlargement,opportunities,financial brktru,upliftment n evry of ur hrt desires shall be met.hapi day 2u.",legitimate,other_legit,exais,2014-08-01,auto-subtyped
e02640,Those whom God has blsd cannt b cursed.B/C u ar a blsd child no enchatmnt or divinatn of d enemy shal prevail against u ds mnt.Welcum 2 ur mnt of divine blsng.,legitimate,other_legit,exais,2014-08-01,auto-subtyped
e02641,"DIS AUGUST, I DECREE, U SHALL CROSS UR JORDAN, POSSESS NATIONS GREATER AND MIGHTIER THAN UR MOUTH CAN EXPLAIN IJN. DEUT 9 VS 1. FROM PASTOR ALEX",legitimate,other_legit,exais,2014-08-01,auto-subtyped
e02642,"Mr Olubisi,greetings. Thank u for acptg to help me pls these are my details. ITYAVYAR AKUMBA JAMES. PG/13/0625 Dept FWM COLERM, level-phd Sir I am prepared to do what u want me to do.Thank u vry much sir",legitimate,other_legit,exais,2014-07-31,auto-subtyped
e02643,"My boss,gudmoni sir.Thank you for yesdata.God wil surely assist yu in laif(AMEN).My details are-- Afolabi A.O , AERD dept COLAMRUD, PG/13/0383 , CSC 701.tnx sir",legitimate,other_legit,exais,2014-07-31,auto-subtyped
e02644,"Gud mornx. Kindly acept my apreciation. I cherished ur assistance and trust. Oko Oba, ada Oba ko ni sa e lese. Igbega otun. God'll be wt ur household IJN.",legitimate,other_legit,exais,2014-07-31,auto-subtyped
e02645,Thanks for your support. God bless.,legitimate,other_legit,exais,2014-07-28,auto-subtyped
e02646,Adeniji Afolabi Adeoti. Animal Production and Health. PG/13/0253.,legitimate,other_legit,exais,2014-07-22,auto-subtyped
e02647,"GOODDAY MA,SEND YOUR MATRIC NO. DEPT. AND NAME TO ME. I WISH U BEST OF LUCK. CALL ASAP.",legitimate,other_legit,exais,2014-07-30,auto-subtyped
e02648,Av seen it tanx oh,legitimate,other_legit,exais,2014-07-29,auto-subtyped
e02649,Tanx I will call u later,legitimate,other_legit,exais,2014-07-25,auto-subtyped
e02650,Amen and Amen. Tnx 4 ever bn there,legitimate,other_legit,exais,2014-07-29,auto-subtyped
e02651,I REALLY ENJOYED YOUR 3 IN 1 PARTY TODAY. SUCH CELEBRATIONS WILL NOT CEASE IN YOUR LIFE AND FAMILY. MORE PROSPEROUS YEARS AHEAD.,legitimate,other_legit,exais,2014-07-28,auto-subtyped
e02652,My email address is <EMAIL>,legitimate,other_legit,exais,2014-07-29,auto-subtyped
e02653,"Omodara ,O .VictorPG/12/0738Microbiology Dept",legitimate,other_legit,exais,2014-07-29,auto-subtyped
e02654,PG/13/0182..FAMILOLA OLUWAGBENGA TOSIN. MICROBIOLOGY,legitimate,other_legit,exais,2014-07-28,auto-subtyped
e02655,"Dear Mr and Mrs Almighty, Thanks so much for your message. I pray that God shall use the spirit of Ramadam to answer all our prayer. Thanks and God bless. Akinwale",legitimate,other_legit,exais,2014-07-29,auto-subtyped
e02656,Barka de Sallah!!! May the blessings of Ramadan fill your home and your entire life. Wishing you more prosperous years ahead. Happy Sallah.MIGHTY FUNAAB.,legitimate,other_legit,exais,2014-07-28,auto-subtyped
e02657,Send ur email for tutorial questions. Dr Ojesanmi,legitimate,other_legit,exais,2014-07-28,auto-subtyped
e02658,May the blessings of Ramadan fill your life & home with happiness & divine success today & forever. Happy Eld-el-Fitr,legitimate,other_legit,exais,2014-07-28,auto-subtyped
e02659,080XXXXXX71,legitimate,other_legit,exais,2014-07-28,auto-subtyped
e02660,Ameen. Many thanx.,legitimate,other_legit,exais,2014-07-28,auto-subtyped
e02661,THANKS. GOD BLESS U SIR.,legitimate,other_legit,exais,2014-07-28,auto-subtyped
e02662,Barka de Sallah!!! May the blessings of Ramadan and happiness of Eid fill your home and entire life. Eid Mubarak!!! NCS Ogun,legitimate,other_legit,exais,2014-07-27,auto-subtyped
e02663,We inform wt great pleasure d performance of our youths at d last 25th Nat'l Conf.We excelled in Whizkid and Odegbami competitions.Up Ogun! Up Ogun NCS!Up NCS!,legitimate,other_legit,exais,2014-07-26,auto-subtyped
e02664,"Hi Dearie, u're invited to Wine & Dine @ d Onashoga's residence. Check out a 3 in 1 celebration on MONDAY 28TH by 3pm. Tnx as u come",legitimate,other_legit,exais,2014-07-27,auto-subtyped
e02665,Morning n tnx 4bn dr: can u pls ask mr. Jegede 2send iz address to b included in d bulletin asap? It cld b his personal company or wr he works if he doesnt mind,legitimate,other_legit,exais,2014-07-20,auto-subtyped
e02666,00XXXXXX10 GTB SAVINGSOLUBIYI AKINTUNDE C,legitimate,other_legit,exais,2014-07-25,auto-subtyped
e02667,Baba wetin b dis,legitimate,other_legit,exais,2014-07-25,auto-subtyped
e02668,Sir my matric number is PG/13/0225communicationandGeneral studies.thank you sir,legitimate,other_legit,exais,2014-07-25,auto-subtyped
e02669,"Dear Sir, Good day.Please, be informed that FIBRE OPTICS PROFESSIONAL TRAINING holds bwt 11th-13th August,2014.Call 08XXXXXX533 for reservations",legitimate,other_legit,exais,2014-07-24,auto-subtyped
e02670,Pls bros can i still submit my csc 701 manual and ass. Tommorow cos i did not come last wed. For lecture.,legitimate,appointment,exais,2014-07-21,auto-subtyped
e02671,"Dear Customer, Your airtime purchase via USSD failed, because of Account Number mismatch. Please try again from a registered mobile no.",legitimate,recharge,exais,2014-07-20,auto-subtyped
e02673,"Evening, this is to humbly invite you to Presidential forum scheduled as follows,Date: Feb 22nd Time: 1pm, Venue: Colphyssa Secretariat.Thanks.Yusful",legitimate,appointment,exais,2016-02-21,auto-subtyped
e02676,You have 0MB remaining of your data plan; would you like to auto-renew when it expires on -? Just dial *131*210#.,legitimate,promo_marketing,exais,2016-02-14,auto: relabelled marketing
e02677,"Yello! you have used 95% of your BB10 data plan, when exhausted, click <URL> to buy another bundle or text RESET to 131 to browse ¡ 5kobo/KB.",legitimate,promo_marketing,exais,2016-02-14,auto: relabelled marketing
e02678,"Welcome to MTN BlackBerry BBLITED. You have 10MB inclusive data bundle, Costs N70.0. Auto renew your Subscription and enjoy wonderful discounts. Thank you!",legitimate,promo_marketing,exais,2016-02-14,auto: relabelled marketing
e02680,You have 0.00MB remaining of your data plan; your current data access will be suspended when you exhaust your data. Please dial *131# to renew.,legitimate,promo_marketing,exais,2016-02-12,auto: relabelled marketing
e02681,Enjoy free calls to ALL Networks & Browse the internet Today to connect to loved ones this month! Get N300 when you pay N100. Valid for 3 days. dial *142# NOW!,legitimate,promo_marketing,exais,2016-02-12,auto: relabelled marketing
e02682,Yello! You have used up your BB10 data plan but you will now continue enjoying data at N0.006835938 kobo/KB until the data plan expires on 2016-02-13,legitimate,promo_marketing,exais,2016-02-12,auto: relabelled marketing
e02683,New year OFFER! Make free calls to ALL Networks & Browse the internet Today! Get N300 when you pay N100. Valid for 3 days. dial *142# NOW!,legitimate,promo_marketing,exais,2016-02-02,auto: relabelled marketing
e02685,Enjoy FREE CALLS this season! Call ALL Networks & Browse the internet Today! Get N750 when you pay N250. Valid for 3 days. dial *142# NOW!,legitimate,promo_marketing,exais,2015-12-30,auto: relabelled marketing
e02686,Make Free Calls to ALL Networks Today! You get N750 when you pay N250. Valid for 3 days. dial *142# NOW!,legitimate,promo_marketing,exais,2015-12-22,auto: relabelled marketing
e02688,Y'ello! You do not have any active subscription for N250 Get N750 bundle,legitimate,promo_marketing,exais,2015-12-03,auto: relabelled marketing
e02690,Your N250 Get N750 bundle balance is 488.40 Naira. Bundle expires on 08/12/2015 08:15 AM.,legitimate,promo_marketing,exais,2015-12-01,auto: relabelled marketing
e02691,Y'ello! You have received N750 airtime to call and text to all networks and browse the internet. Valid for 7 days.,legitimate,promo_marketing,exais,2015-12-01,auto: relabelled marketing
e02693,I de computer lab having a lecture.,legitimate,appointment,exais,2016-02-09,auto-subtyped
e02694,"nigga try call me when u de come house, I de with one babe for room. No fuck up.",legitimate,other_legit,exais,2016-02-05,auto-subtyped
e02695,Gtbank 01XXXXXX09 Oluwole Paul,legitimate,other_legit,exais,2016-01-28,auto-subtyped
e02696,Please call me VIP Offer: Hot Games!N20/day! Dial *522#,legitimate,promo_marketing,exais,2016-01-18,auto-subtyped
e02697,"Nigga Nwaoma called me. She want me to help her pick up an order so she's sending me cash for that. Tell her to gimme 3500 now on your behalf, I'll send it back today. Pls I need to settle this thing asap. Thanks",legitimate,other_legit,exais,2015-12-11,auto-subtyped
e02698,"Hw far u made a mistake it's 11th not 1th, Thanks.",legitimate,other_legit,exais,2015-12-09,auto-subtyped
e02699,Text me pls. I'm in church,legitimate,other_legit,exais,2015-12-09,auto-subtyped
e02700,Please call me. Enjoy the ease and convenience of Banking on your phone with Diamond Yello Account. Dial *710# today,legitimate,promo_marketing,exais,2015-11-30,auto: relabelled marketing
e02701,"Please call me. Enjoy NON-STOP chatting on WhatsApp, 2go, Facebook and more for only N60 monthly. Dial *662# now.",legitimate,promo_marketing,exais,2015-11-25,auto: relabelled marketing
e02703,Pls snd me all the adresses of the websites you've done.,legitimate,other_legit,exais,2015-11-05,auto-subtyped
e02704,"Paul can you pls describe their office to me via text, I'm at CMS, Thanks.",legitimate,other_legit,exais,2015-10-26,auto-subtyped
e02705,<ACCT>. Etisalat 500,legitimate,debit_alert,exais,2015-10-20,auto-subtyped
e02708,Y'ello! Your account has been credited with NGN50 MTN XtraTime advance which will be deducted from your next recharge. A service fee N5.0 has been deducted for this transaction. Thank you!,legitimate,promo_marketing,exais,2016-02-20,auto: relabelled marketing
e02709,"Your FB notifications for Today!! 1-friend request ,Dial *325# to check notifications",legitimate,promo_marketing,exais,2016-02-19,auto: relabelled marketing
e02711,"Your FB notifications for Today!! 2-friend confirmed ,Dial *325# to check notifications",legitimate,promo_marketing,exais,2016-02-17,auto: relabelled marketing
e02712,"Your FB notifications for Today!! 2-feed comment reply ,Dial *325# to check notifications",legitimate,promo_marketing,exais,2016-02-15,auto: relabelled marketing
e02713,"Y'ello, your subscription to product Music Plus Weekly free plan has been renewed successfully and naira75.00 is deducted from your account. The next rental collection time is 2016-02-08.",legitimate,promo_marketing,exais,2016-02-05,auto: relabelled marketing
e02714,"Y'ello, your subscription to product Music Plus Weekly Discount Plan has been renewed successfully and naira20.00 is deducted from your account. The next rental collection time is 2016-02-04.",legitimate,promo_marketing,exais,2016-02-03,auto: relabelled marketing
e02715,"Y'ello, your subscription to Music Plus's Music Plus Discount Plans/Music Plus Weekly Discount Plan fails to be renewed because charge failed. The subscription will expire at 2016-05-03.",legitimate,promo_marketing,exais,2016-02-03,auto: relabelled marketing
e02716,Y'ello! Your MTN XtraTime balance is NGN14.44. Your MTN main account balance is NGN-100.00.,legitimate,promo_marketing,exais,2016-02-01,auto: relabelled marketing
e02717,"Your FB notifications for Today!! 1-friend¿request ,Dial *325# to check notifications",legitimate,promo_marketing,exais,2016-01-31,auto: relabelled marketing
e02718,Y'ello! Your account has been credited with NGN100 MTN XtraTime advance which will be deducted from your next recharge. A service fee N10.0 has been dedu,legitimate,promo_marketing,exais,2016-01-31,auto: relabelled marketing
e02719,"Good day active citizen, there will be BOD meeting today Time: 5pm, Venue: CP house. Pls come with your plan of action. Thanks.",legitimate,appointment,exais,2016-02-20,auto-subtyped
e02720,"A fulfilled day activecitizens,pls lets endeavour to come12pm tomorrow at motion ground to raise funds for the project'feed a child' on wednesday.pls be there",legitimate,other_legit,exais,2016-02-18,auto-subtyped
e02721,"Goodday active citizen,JCI FUNAABchapter welcomes you back to school, may you have a wonderful and a fruitful session ahead.JCIFUNAABcares...",legitimate,other_legit,exais,2016-02-02,auto-subtyped
e02722,"A Merry Christmas and a happy new year. As we sojourn through this yuletide season, may you bask in the euphoria and blessings that accords this season.Amen",legitimate,other_legit,exais,2015-12-24,auto-subtyped
e02723,"Good day active citizen, hope your holiday is going well. Wishing you the best in all your endevours and hope in seeing you this LO year.JCIFUNAAB cares...",legitimate,other_legit,exais,2015-11-08,auto-subtyped
e02725,"With scarce Forex& Govt ban on importation of poultry products, local production is booming, this is the best time to invest in poultry;text AGRIC to 2707",scam,investment,exais,2016-02-11,auto: fraud
e02728,"Acct: ******7609Amt: NGN4,000.00 DrDesc: CASH WDL FROM OUR ATM--008976- -GTBank EBranch UNAAB Ogun OGNG STAN<ACCT>Avail Bal: NGN57,46.94",legitimate,debit_alert,exais,2016-02-19,auto-subtyped
e02729,"Acct: ******7609Amt: NGN1,000.00 DrDesc: TRANSFER BETWEEN CUSTOMERS-USSD GTBank Transfer from : <PHONE> from OLUWOLE PAUL OLAWALE to BADEJO, OLUBUKOLA DAMILOLAAvail Bal: NGN61",legitimate,debit_alert,exais,2016-02-18,auto-subtyped
e02730,"Acct: ******7609Amt: NGN20.00 DrDesc: COMMISSION-USSD GTBank Transfer Commission : <ACCT>Avail Bal: NGN61,46.94,,46.94",legitimate,debit_alert,exais,2016-02-18,auto-subtyped
e02731,"Over a period of tym, humans can get over ANYTHING, wat then matter most is how we make them see us afterwards n how badly broken u made som1 feel. Wish I never broke out of my shell",legitimate,other_legit,exais,2016-02-18,auto-subtyped
e02735,"Last call was 51 sec at N0.00.Main Bal: N21.00.Bumpa Bal: N309.50. ALL IN 1 OFFER! Just recharge N500 and get 500MB Data plus N500 to call ALL ,,,, all I need do is restore my mind back to Sept 2015 thereabouts.",legitimate,debit_alert,exais,2016-01-21,auto: relabelled bank alert
e02736,080-807-77129. Gbenga,legitimate,other_legit,exais,2016-02-17,auto-subtyped
e02737,"Ok, thanks",legitimate,other_legit,exais,2016-01-18,auto-subtyped
e02738,"Yes sir we did it on Friday and we were able to add 20keywords, tested and working.",legitimate,other_legit,exais,2016-01-18,auto-subtyped
e02739,Is it done,legitimate,other_legit,exais,2016-01-18,auto-subtyped
e02740,"Morning Sir, how får with google adwords för Kevron Consulting website",legitimate,other_legit,exais,2016-01-18,auto-subtyped
e02741,CONGRATS ! Your 200% BONUS account credited with N2000.00 valid till 02/03/2016.To check bonus dial #122*2#.,legitimate,promo_marketing,exais,2016-02-16,auto: relabelled marketing
e02742,"Your recharge was successful. Dial *600# and get BACK DOUBLE whatever you use today FREE TOMORROW to browse, call, and SMS all networks.",legitimate,promo_marketing,exais,2016-02-16,auto: relabelled marketing
e02743,"CONGRATS ! Your 200% BONUS account credited with N1000.00 valid till 15/02/2017.For Best Data offers, dial *777# for FREE !",legitimate,promo_marketing,exais,2016-02-16,auto: relabelled marketing
e02744,TWO IN ONE SURPRISE!Recharge with N1000 & get 1GB LIGHTNING FAST Data + FREE N1000 to call All Networks. DO NOT MISS THIS DEAL! Recharge by dialling *223*PIN#,legitimate,promo_marketing,exais,2016-02-08,auto: relabelled marketing
e02745,ALL IN ONE OFFER !Recharge with N1000 & get 1GB Data + FREE N1000 airtime to call ALL Networks. Grab the OFFER NOW.,legitimate,promo_marketing,exais,2016-01-28,auto: relabelled marketing
e02747,Low credit ? No Wahala ! simply Dial *321#¿ to borrow.,legitimate,promo_marketing,exais,2016-01-21,auto: relabelled marketing
e02748,Your Bumpa account has been credited with N400.00 valid until 03/02/2016. To check bonus dial #122*2#,legitimate,promo_marketing,exais,2016-01-21,auto: relabelled marketing
e02750,Your Bumpa account has been credited with N2000.00 valid until 03/02/2016. To check bonus dial #122*2#,legitimate,promo_marketing,exais,2016-01-19,auto: relabelled marketing
e02752,08XXXXXXX596 Nacoss Pro. Rasheedat.,legitimate,other_legit,exais,2016-02-16,auto-subtyped
e02753,Bro Sam +2348XXXXXX31. Sister yewande 08XXXXXXX37,legitimate,other_legit,exais,2016-02-15,auto-subtyped
e02754,"08XXXXXX47,07XXXXXXX03 Esther husy no",legitimate,other_legit,exais,2016-02-13,auto-subtyped
e02755,"8XXXXXXX47,07XXXXXXX03 Esther husy no",legitimate,other_legit,exais,2016-02-13,auto-subtyped
e02756,"Good morning, the scheduled LEADERS MEETING and CHOIR REHEARSAL for tonight (15/01/16) have been postponed. Details will be communicated on Sunday at #FreshStart3. Celebrate you! PaulROSH",legitimate,appointment,exais,2016-01-15,auto-subtyped
e02757,"Hi,Domain renewal is not free so u r to pay N6,500 to renew both hosting and domain. Thank you",legitimate,other_legit,exais,2016-02-15,auto-subtyped
e02758,Good afternoon sir. I want to send cash for the renewal of jcifunaab.org I am to send 3500 right?,legitimate,other_legit,exais,2016-02-15,auto-subtyped
e02759,I sent you 6400 for <URL> please kindly help me work on it,legitimate,other_legit,exais,2016-02-09,auto-subtyped
e02760,Please help me activate this <URL> I just sent u N1000 to complete the money on ground. Thank you.,legitimate,other_legit,exais,2016-02-08,auto-subtyped
e02761,Please I have checked this <URL> and he confirmed we can use it,legitimate,other_legit,exais,2016-02-04,auto-subtyped
e02762,<URL>,legitimate,other_legit,exais,2016-02-02,auto-subtyped
e02763,Control panel: <URL> username: dmcniger password:IY0jsR60t5,legitimate,other_legit,exais,2016-01-29,auto-subtyped
e02764,I want a domain. <URL> please help me check the availability so I can send the cash.,legitimate,other_legit,exais,2016-01-27,auto-subtyped
e02765,I have transferred the cash. The domain name is <URL>,legitimate,other_legit,exais,2016-01-27,auto-subtyped
e02766,"Hello, in case u receive an email asking u to authorize domain transfer kindly do so. Cheers!",legitimate,other_legit,exais,2016-01-20,auto-subtyped
e02767,Ok fine. I will do my best to make sure its been successfully transferd,legitimate,other_legit,exais,2016-01-20,auto-subtyped
e02768,"Good evening, I just discovered we still have about 4days and not the initial one day I thought.",legitimate,other_legit,exais,2016-01-20,auto-subtyped
e02769,The Domain name is: <URL>,legitimate,other_legit,exais,2016-01-08,auto-subtyped
e02770,Www. AlientechLtd.Us it's showing error when u want to send a mail and it's see gthe messages as spam and won't send.,legitimate,other_legit,exais,2016-01-07,auto-subtyped
e02771,"It's OK. I understand, I just sent u the balance now please go ahead and create the account for me. Merry Christmas",legitimate,other_legit,exais,2015-12-25,auto-subtyped
e02772,"Your balance is N 1900 as i explained earlier basic plan is not 3500,free domain is not available at the moment bcos of ridiculously high dollar rates",legitimate,other_legit,exais,2015-12-24,auto-subtyped
e02773,I've sent it. Domain : <URL> please u make mistakes with my email that's why I don't get your messages it's <EMAIL> not oluwale,legitimate,other_legit,exais,2015-12-24,auto-subtyped
e02774,Domain name: <URL> my email is <EMAIL> Thank you.,legitimate,other_legit,exais,2015-12-11,auto-subtyped
e02775,"The owner of the domain is on my neck, he said he has a serious presentation tommorow and needs the site up today. Can u send a text listing the delay so I can show it to him? Please I'll be grateful",legitimate,other_legit,exais,2015-12-02,auto-subtyped
e02776,Hostmonster,legitimate,other_legit,exais,2015-12-02,auto-subtyped
e02777,Username : aliente1Password : 16e21AK@Domain : alientechltd.us,legitimate,other_legit,exais,2015-12-02,auto-subtyped
e02778,"Pls pay 14,000 to: Ukeme usen Edet,01XXXXXXX84",legitimate,other_legit,exais,2015-12-02,auto-subtyped
e02779,"0808XXXXXX29 gbenga,,, gtbank",legitimate,other_legit,exais,2016-02-15,auto-subtyped
e02780,Lol. Forgive my troubles sir. Thanks sir,legitimate,other_legit,exais,2015-11-16,auto-subtyped
e02781,I get ur account number Paul. I forgot to sort it on Friday. Subu will credit u latest tomorrow. She is not around till later today but will try and do it today,legitimate,credit_alert,exais,2015-11-16,auto-subtyped
e02782,"Gtbank. 01XXXXX09 Oluwole Paul.,,,, call me once u hv made payment so that i can update ur name servers. Cheers!",legitimate,other_legit,exais,2015-11-16,auto-subtyped
e02783,"Sir, I was thinking you'd ask for my.account details before u left...",legitimate,other_legit,exais,2015-11-13,auto-subtyped
e02784,Network is bad on my side sir. I just wanted to remind you not to forget me sir.,legitimate,other_legit,exais,2015-10-14,auto-subtyped
e02785,Good morning sir. I have corrected that date and all other thing.,legitimate,other_legit,exais,2015-10-14,auto-subtyped
e02786,I've done it sir.,legitimate,other_legit,exais,2015-10-13,auto-subtyped
e02787,Hope u have changed it ? Thanks,legitimate,other_legit,exais,2015-10-13,auto-subtyped
e02788,"Paul. Pls we need to make an urgent change to these courses dates:FPSO-Portharcourt Dec 3-4,2015;Lagos Dec 11-12, 2015. For HAZOP - Portharcourt 27-28 Nov 2015 ; Lagos 23-24 Nov 2015. Pls change the banner to these dates and also on their contents.",legitimate,other_legit,exais,2015-10-13,auto-subtyped
e02789,Gtbank. 01XXXXXX09 Oluwole Paul.,legitimate,other_legit,exais,2015-10-13,auto-subtyped
e02790,"Gtbank <PHONE> Oluwole Paul. If you can send 6k I won't mind o, cos of all this their charges. The money for renewal is actually 5400",legitimate,other_legit,exais,2016-02-15,auto-subtyped
e02791,"Geezee call the MD. Tell him from Paul, I spoke with him now already . +234 70XXXXXX43",legitimate,other_legit,exais,2016-02-15,auto-subtyped
e02792,"You just received a call from a Callertunez Subscriber. Want to join the trend? Text 45 to 4100 to get ""Fall in love"" by Praise. N20/week.Dial *410# for more tunez.",legitimate,promo_marketing,exais,2016-02-14,auto: relabelled marketing
e02793,"Text 47 to 4100 to get ""Merry Christmas"" at N50/week. Dial *410*8# for more tunez..Tune and Service cost N50 monthly.",legitimate,promo_marketing,exais,2015-12-17,auto: relabelled marketing
e02794,"Season's Greetings. Text 38 to 4100 to get the Callertune Odun nlo sopin"" by CAC good women choir at N20/weekly. Dial *410*8# for more Christmas tunez""",legitimate,promo_marketing,exais,2015-12-17,auto: relabelled marketing
e02796,Text 1 to 4100 to get the Callertune ? Duro? by Tecno at N20/week. Dial *410# for more tunez,legitimate,promo_marketing,exais,2015-12-04,auto: relabelled marketing
e02798,Text 33 to 4100 to set 'Hello' by Adele as your Calllertune at N5/month. Exclusive to MTN.,legitimate,promo_marketing,exais,2015-11-14,auto: relabelled marketing
e02799,Hot New Tune alert! Reply with code <CODE> -Molue by Kiss Daniel & SugarboyN50/30days.Dial *410# for more tunez.,scam,otp_harvest,exais,2015-11-14,auto: fraud
e02800,08XXXXXX66 motor man,legitimate,other_legit,exais,2016-02-13,auto-subtyped
e02801,Bros me can you pls text me the name of the liquid spray you are talking about,legitimate,other_legit,exais,2016-02-13,auto-subtyped
e02802,"If u can't grow up to let matters between u and anyone stay within u and the person I think we should start defining our dealings, I see no reason why you mom should come in to every situation of your life.",legitimate,other_legit,exais,2016-02-12,auto-subtyped
e02803,How far na una de use light? My white native de your wardrobe o and u never iron am.,legitimate,other_legit,exais,2016-02-12,auto-subtyped
e02804,Please tell all my project students to see me now. I want to leave the school before 3pm. Thanks,legitimate,other_legit,exais,2016-02-11,auto-subtyped
e02805,Usernane: ogungbilPasssord: yur7a9GK88You can access the control panel here: <URL>,legitimate,other_legit,exais,2016-02-09,auto-subtyped
e02806,Good morning ma. I just sent the domain details to your funaab mail. Here's my acct details ma Gtbank <PHONE> Oluwole Paul. Thank you ma,legitimate,debit_alert,exais,2016-02-09,auto-subtyped
e02807,Can u possibly stop by on your way back?,legitimate,other_legit,exais,2016-02-09,auto-subtyped
e02808,I sincerely appreciate your care and company this past few days. Thank you so much,legitimate,other_legit,exais,2015-10-23,auto-subtyped
e02809,"You're probably sleeping already, I'm just getting to my destination. 10:54pm",legitimate,other_legit,exais,2015-10-23,auto-subtyped
e02810,Dis is my email. <EMAIL> thanks so much dear.,legitimate,other_legit,exais,2016-02-09,auto-subtyped
e02811,"Please call me. Text 211 to 4100 to get ""Special Kind of Love"" by Wonder J @N50/month. Dial *410# for more.",legitimate,promo_marketing,exais,2016-02-08,auto-subtyped
e02812,AJAO MICHEAL..... 01XXXXXX28 gtb.,legitimate,other_legit,exais,2016-02-09,auto-subtyped
e02813,Gtbank <PHONE> Oluwole Paul,legitimate,other_legit,exais,2016-02-08,auto-subtyped
e02814,"Need .12000 till tomorrow very urgent,can u pls lend me pls,reply me",legitimate,other_legit,exais,2016-02-03,auto-subtyped
e02815,<PHONE> oluwadare Benjamin Olawale gtbank.,legitimate,other_legit,exais,2016-01-21,auto-subtyped
e02816,"Olabisimi how r u, trust u doing ok. Here's my acct details. Gtbank <PHONE> Oluwole Paul. No vex na sch de make me hustle for money I suppose free am",legitimate,debit_alert,exais,2016-01-18,auto-subtyped
e02817,"Hi dear pls send me ur bank details so I can deposit once I get it,thank.u,for the other day God bless u",legitimate,credit_alert,exais,2016-01-16,auto-subtyped
e02818,Thanks seen God bless u,legitimate,other_legit,exais,2016-01-15,auto-subtyped
e02819,Sent ma,legitimate,other_legit,exais,2016-01-15,auto-subtyped
e02820,"Ok thank u God bless u big for.me,my mind been spinning all over thank u,God bless u for me o",legitimate,other_legit,exais,2016-01-15,auto-subtyped
e02821,Yea I'll initiate the transfer,legitimate,other_legit,exais,2016-01-15,auto-subtyped
e02822,Whatsup is it possible?? If yes can u do d transfer online instead of banking hall.,legitimate,other_legit,exais,2016-01-15,auto-subtyped
e02823,01XXXXX38 gtb olabisi dawodu,legitimate,other_legit,exais,2016-01-15,auto-subtyped
e02824,"Morning Paul need a favour pls,the form closes today can I get 5k from u,m.short of cash till nextweek mum gives me money pls very urgent",legitimate,other_legit,exais,2016-01-15,auto-subtyped
e02825,"Ok no p,I would possibly be going too haven't made up.my.mind,need to.fix the unfinished screen,the money I expected smething went wrong pls.lemme know",legitimate,other_legit,exais,2016-01-15,auto-subtyped
e02826,"Olabisi I had left the place when your message came in, I don't know if I'll be in that area today. I'll try get him on phone",legitimate,other_legit,exais,2016-01-15,auto-subtyped
e02827,I priced it somewhere its 6k everywhere I can give him 7 that's what I can offer,legitimate,promo_marketing,exais,2016-01-14,auto-subtyped
e02828,"V seen it thank u&pls tell him am paying less I can't pay 8k5 7 k is what I v& how much for workmanship,thank u",legitimate,other_legit,exais,2016-01-14,auto-subtyped
e02829,0706XXXXX53 I discovered just this morning that I mistakenly sent the guy's number to the guy himself instead of sending to you.,legitimate,other_legit,exais,2016-01-13,auto-subtyped
e02830,Please call me Enjoy the ease of Banking on your phone with DYA. Send & receive money without internet. Dial *710# & open a DYA.,legitimate,promo_marketing,exais,2015-12-09,auto-subtyped
e02831,"Aii dear no p,that was y I said if u do or not at all I understand takia dear v a lovely day",legitimate,other_legit,exais,2015-12-03,auto-subtyped
e02832,Olabisi I intentionally didn't reply till now. I'm hoping to get that cash to you tommorow Goodwilling.,legitimate,other_legit,exais,2015-12-03,auto-subtyped
e02833,"Sup dear thanks for yersteday,that stuff u sure its on or before Fri,coz wanna do something with it",legitimate,other_legit,exais,2015-12-02,auto-subtyped
e02834,"Which of the bridge? Ikeja along or inside,,, so want to be sure if I shud expect or not",legitimate,other_legit,exais,2015-12-01,auto-subtyped
e02835,Still at under bridge haven't seen d bank,legitimate,other_legit,exais,2015-12-01,auto-subtyped
e02836,Where u de. I'm in front of the ecobank close to the bridge,legitimate,other_legit,exais,2015-12-01,auto-subtyped
e02837,"Ok,,,,if its not its k",legitimate,other_legit,exais,2015-12-01,auto-subtyped
e02838,Ok you'll see me now try locate ecobank let's meet there,legitimate,other_legit,exais,2015-12-01,auto-subtyped
e02839,M at under bridge,legitimate,other_legit,exais,2015-12-01,auto-subtyped
e02840,Been in along in 5mins u know I can't call on this pls don't keep me waiting,legitimate,other_legit,exais,2015-12-01,auto-subtyped
e02841,No shit. I full ground,legitimate,other_legit,exais,2015-12-01,auto-subtyped
e02842,"M almost done where I am,wud be on my way soon,had to do sme stuffs at akowonjo so pls prepare ursef",legitimate,other_legit,exais,2015-12-01,auto-subtyped
e02843,"M almost done where I am be on my way soon,had to do sme stuffs at a low onto so pls prepare ursef,c u soon thank u,c u soon thank u",legitimate,other_legit,exais,2015-12-01,auto-subtyped
e02844,I'm just 2mins away from ikeja,legitimate,other_legit,exais,2015-12-01,auto-subtyped
e02845,"OK this phone can't call wudnt hear but when I get to along heading to under bridge wud call u,u r workplace is not far from the abi??",legitimate,other_legit,exais,2015-12-01,auto-subtyped
e02846,"Hmm it's at opebi, close to cakes and creams but you can call me when u get to ikeja, I'll meet u",legitimate,other_legit,exais,2015-12-01,auto-subtyped
e02847,"Hi dear was a morningg,the phone am using I think there's something wrong with it,pls I need the address of infinite office at Ikeja",legitimate,other_legit,exais,2015-12-01,auto-subtyped
e02848,"Lol Pele boo,m happy u came around,I felt loved by u guys,v been checking online cudnt find any or if not pls text me the address or lemme come and meet u if u not to buzy atvur work my HTC fell in water and my infinite needs company reboot",legitimate,other_legit,exais,2015-11-22,auto-subtyped
e02849,"Called u ur line was off... Wanted to say thank u for having me around even tho eye turn me reach ikeja and I'm feeling tipsy over 2small bottles. Love u boo,,,thanks dear",legitimate,other_legit,exais,2015-11-22,auto-subtyped
e02850,Lol u just so naughty thanks dear,legitimate,other_legit,exais,2015-11-22,auto-subtyped
e02851,"Olabisi eh... I want to pray for u naked and in Yorba. Ki Oloun bukun fun e, Aye e bere sini dun Ju oyin lo, apa ota oni ka e mo,, pls reply asap",legitimate,other_legit,exais,2015-11-22,auto-subtyped
e02852,"Get cash loans btw N4,000 & N100,000 from 3rd month. Buy airtime, oti Bo lowo wan,love u much",legitimate,recharge,exais,2016-02-08,auto-subtyped
e02853,"Ok sir. ,,, pay bills",legitimate,other_legit,exais,2015-12-12,auto-subtyped
e02854,At Osodi b/st. Trec towars D post ofice and join mafoluku bus.Stop at junction b/s.torn 2 right emideatly 2 Olaiya den right again 2 Adesanya st NO 27.,legitimate,other_legit,exais,2015-12-12,auto-subtyped
e02855,"At Osodi b/st. Trec towars D post ofice and join mafoluku bus.Stop at junction b/s.torn 2 right emideatly 2 Olaiya den right again 2 st NO 27,,,, oke oke ni ko ma lo",legitimate,other_legit,exais,2015-12-12,auto-subtyped
e02856,"Mammy said she called U .Have U slept?,,,, send & receive money & more. Dial *903# to activate your Airtel mobile money wallet",legitimate,promo_marketing,exais,2015-11-02,auto-subtyped
e02857,I'm almost at toll gate sir,legitimate,other_legit,exais,2015-10-23,auto-subtyped
e02858,Are U at sango now?,legitimate,other_legit,exais,2015-10-23,auto-subtyped
e02859,I'm in church. Be out soon,legitimate,other_legit,exais,2016-02-07,auto-subtyped
e02860,"Hey you got my message? Will u be available? If yes then I'll call u by 2pm so we can go together. Bisi asked that I come with u actually. Text me back please ,,,,,lol hope u had fun share??",legitimate,other_legit,exais,2015-11-22,auto-subtyped
e02861,"Bisi is avin her bday 2mao n doing a small pool parry at egbeda.wewant to find out if you'd be available.It's just a small getogeda,few peeps about 10. Thtsall",legitimate,other_legit,exais,2015-11-21,auto-subtyped
e02862,"Paul shd i cm? M bored,ntin 2 do here. Its nt necessary we go out,jst 2 leave dis place.",legitimate,other_legit,exais,2015-11-13,auto-subtyped
e02863,"Pls am i stil seein u 2dae,,,,, iyanu Oluwa ma ba e lo gbogbo ojo Aye e. U shall pursue n overtake your pairs. Ku ojobi aya rere",legitimate,other_legit,exais,2015-10-30,auto-subtyped
e02864,"REMINDER! 1st GA for this LO year is today 7th,Feb by 2:00pm at Dewot Center,camp. Highlights;Training",legitimate,appointment,exais,2016-02-07,auto-subtyped
e02865,"Please call me. Text 211 to 4100 to get ""Special Kind of Love"" by Wonder J @N50/month. Dial *410# for more.,,, refreshment",legitimate,promo_marketing,exais,2016-02-07,auto-subtyped
e02866,"Hw much do u tink s4 wud be nw in d market,,,,,, monifere tokantokan, ma rie laipe.",legitimate,other_legit,exais,2016-01-19,auto-subtyped
e02867,"Please call me Get MORE VALUE on Data with 2,015MB for N2,015 only. Text SPB to 131 to enjoy this offer,,auction sales. Dresscode; STRICTLY formal",legitimate,promo_marketing,exais,2015-12-19,auto-subtyped
e02868,My padi didnt see anytin o bruv,legitimate,other_legit,exais,2015-12-18,auto-subtyped
e02869,"01XXXXXX19 badero olajide gtb,,,i hope ure nt scopin me o",legitimate,other_legit,exais,2015-12-18,auto-subtyped
e02870,21XXXXX97 igbe jonah zenit bank,legitimate,other_legit,exais,2015-12-18,auto-subtyped
e02871,"bros today na thursday o, op u didnt 4get u gve ur wrds",legitimate,other_legit,exais,2015-12-17,auto-subtyped
e02872,"Dis wk u said, no 4get o.",legitimate,other_legit,exais,2015-12-14,auto-subtyped
e02873,Yea I go arrange am bro. Thanks for your long patience. You're bae(no homo),legitimate,other_legit,exais,2015-12-09,auto-subtyped
e02874,"bros aw va nw, bros i don need dat stuff o, hw we go do am nw?",legitimate,other_legit,exais,2015-12-09,auto-subtyped
e02875,i wud luv 2believe u wen u gve ur wrds man,legitimate,other_legit,exais,2015-11-02,auto-subtyped
e02876,"Am on ma way to ikeja nw o....on d road nw,,,i wud want 2trust u nxt tym",legitimate,other_legit,exais,2015-10-16,auto-subtyped
e02877,dell inspiron 11 3000,legitimate,other_legit,exais,2015-10-15,auto-subtyped
e02878,8262 2126 4511 5873,legitimate,other_legit,exais,2016-02-06,auto-subtyped
e02879,"8262 2126 4511 5873 ,,,, bt u wont get dat actin dis way bro",legitimate,other_legit,exais,2016-02-06,auto-subtyped
e02880,I'm in school till 5pm o,legitimate,other_legit,exais,2016-02-04,auto-subtyped
e02881,Paulito pls can I cum over for my slide work 2mao...we submitting Monday...pls I beg of u.....r u ohm.,legitimate,other_legit,exais,2016-02-04,auto-subtyped
e02882,"Always on phone. I have a small guest, she'll be gone soon. I'm coming in a jiffy",legitimate,other_legit,exais,2016-01-23,auto-subtyped
e02883,"Tnx dear, parry well..and hurry up so I wee be among d aso ebi 2..muahh",legitimate,other_legit,exais,2015-11-07,auto-subtyped
e02884,"*440*16# that's 3GB for 1500 airtel. Sorry swwety I've been busy, I'm in a friends wedding and I'm a member of the groomsmen",legitimate,promo_marketing,exais,2015-11-07,auto: relabelled marketing
e02886,"Overload with BIG Data on Glo!Buy an Iphone6/6+ orany smartphone at any Gloworld andget 4.5GB at just N2,500 for use anytime-day/night for 30days.Njoy!",legitimate,promo_marketing,exais,2016-02-04,auto: relabelled marketing
e02887,Enjoy convenient top up on your MTN line. Simply dial *302*Amount# for up to N3000 recharge from your Zenith Bank account,legitimate,promo_marketing,exais,2016-02-03,auto: relabelled marketing
e02888,"Dear Customer, sorry for inconveniences experienced on the direct top-up service. The service is now available, kindly dial *302*Amount# for up to N3,,,,,IGBE JONAH <ACCT> zenit bank",legitimate,promo_marketing,exais,2015-11-24,auto: relabelled marketing
e02889,"Enjoy convenient top up on your MTN line. Simply dial *302*Amount# for up to N3000 recharge from your Zenith Bank account,,,000 rechar",legitimate,promo_marketing,exais,2015-11-10,auto: relabelled marketing
e02890,"Good evening bros.. I don't know if you can please mail me Skystar profile. <EMAIL> thanks,,,,,,ask d price of d new one n d london used",legitimate,other_legit,exais,2016-02-01,auto-subtyped
e02891,"Bros gm. I'm still on the road, caught in traffic. Thanks",legitimate,other_legit,exais,2015-10-19,auto-subtyped
e02892,Please call me,legitimate,other_legit,exais,2016-02-01,auto-subtyped
e02893,I normally have Monday meeting till 11am. I'll let u know when we're done so u can come,legitimate,other_legit,exais,2015-11-23,auto-subtyped
e02894,<PHONE> Gtbank Oluwole Paul,legitimate,other_legit,exais,2015-10-26,auto-subtyped
e02895,I'm texting with my phone no and my e-mail is <EMAIL>,legitimate,other_legit,exais,2015-10-25,auto-subtyped
e02896,JANUARY 2016 STATEMENTA/c: 2XX..42XStartBal: NGN548.25Dep: NGN1.55Wdr: NGN4.16Endbal: NGN545.64CFC:01-2808822,legitimate,debit_alert,exais,2016-02-01,auto: relabelled bank alert
e02897,"Need airtime? Top up INSTANTLY with our magic code. Dial *919*Amount# to recharge your phone line. To top up for someone, dial *919*MobileNumber*Amount#",legitimate,promo_marketing,exais,2016-01-26,auto: relabelled marketing
e02898,Webmail.Kevronconsultingltd.com,legitimate,other_legit,exais,2016-01-28,auto-subtyped
e02899,PIbeziako (Capital P and I),legitimate,other_legit,exais,2016-01-28,auto-subtyped
e02900,May your path continue to shine brighter unto a perfect day sir.God's abundant blessing will never cease from your home this year and beyond. Happy new year sir,legitimate,other_legit,exais,2016-01-01,auto-subtyped
e02901,"Pls pay 14,000 to: Ukeme usen Edet,109953684",legitimate,other_legit,exais,2015-12-02,auto-subtyped
e02902,"Ok sir. Gtbank 01XXXXXX09 Oluwole Paul. ,,, gtbank",legitimate,other_legit,exais,2016-01-27,auto-subtyped
e02903,Send me your account.,legitimate,other_legit,exais,2016-01-27,auto-subtyped
e02904,I'll go for the first one <URL>,legitimate,other_legit,exais,2016-01-27,auto-subtyped
e02905,"Let's choose from these two options sir. <URL> and <URL> ,,,, call me once u hv made payment so that i can update ur name servers. Cheers!",legitimate,other_legit,exais,2016-01-27,auto-subtyped
e02906,Company name: PromaQ email: <EMAIL>,legitimate,other_legit,exais,2016-01-23,auto-subtyped
e02907,Hmm still working with the time frame sir,legitimate,other_legit,exais,2015-11-04,auto-subtyped
e02908,"Bros I found out that this job requires plenty of thinking because of the few contents we want on it, I've been brainstorming since morning ai I'm going to ask for another 24hrs. Simplicity is more complex than complexity at times.",legitimate,other_legit,exais,2015-10-29,auto-subtyped
e02909,You have succesfully registered a NEW Beneficiary (ISIOYE AYOMIDE ABIMBOLA) on your GTBank Internet Banking Profile.,legitimate,other_legit,exais,2016-01-22,auto-subtyped
e02910,"You have succesfully registered a NEW Beneficiary (IGE, OLUWATOSIN ELIZABETH) on your GTBank Internet Banking Profile.",legitimate,other_legit,exais,2016-01-15,auto-subtyped
e02911,You have succesfully registered a NEW Beneficiary (DAWODU OLABISI OLAIDE) on your GTBank Internet Banking Profile.,legitimate,other_legit,exais,2016-01-15,auto-subtyped
e02912,Please use the OTP <CODE> to complete your transaction. OTP code expires after 10 minutes.,legitimate,otp,exais,2016-01-12,auto-subtyped
e02913,You have succesfully registered a NEW Beneficiary (ISIOYE OYINDAMOLA FLORENCE) on your GTBank Internet Banking Profile.,legitimate,other_legit,exais,2016-01-07,auto-subtyped
e02914,You have succesfully registered a NEW Beneficiary (OLOWU MORIAM OLABISI) on your GTBank Internet Banking Profile.,legitimate,other_legit,exais,2015-12-31,auto-subtyped
e02915,"You have succesfully registered a NEW Beneficiary (DAVID, BLESSING OYENRO) on your GTBank Internet Banking Profile.",legitimate,other_legit,exais,2015-12-31,auto-subtyped
e02916,You have succesfully registered a NEW Beneficiary (OLANREWAJU SUNDAY DAVID) on your GTBank Internet Banking Profile.,legitimate,other_legit,exais,2015-12-31,auto-subtyped
e02917,You have succesfully registered a NEW Beneficiary (OLUWOLE IBIYEMI IBIRONKE) on your GTBank Internet Banking Profile.,legitimate,other_legit,exais,2015-12-29,auto-subtyped
e02918,You have succesfully registered a NEW Beneficiary (BADERO OLAJIDE ADEBOLA) on your GTBank Internet Banking Profile.,legitimate,other_legit,exais,2015-12-20,auto-subtyped
e02919,You have succesfully registered a NEW Beneficiary (Ogana Joseph) on your GTBank Internet Banking Profile.,legitimate,other_legit,exais,2015-12-17,auto-subtyped
e02920,12 Days of 737 Rewards: Double recharge promo for the 1st 100 customers who top up their lines between 9-12 daily from 14th-25th December! Dial *737*amount# now,legitimate,recharge,exais,2015-12-14,auto-subtyped
e02921,"You have succesfully registered a NEW Beneficiary (AYILEKA, OPEOLUWA JOSEPH) on your GTBank Internet Banking Profile.",legitimate,other_legit,exais,2015-10-29,auto-subtyped
e02922,"Dear Customer, shop for devices online at great prices from Glo and get them delivered directly to your doorstep. Shop here at <URL>",legitimate,promo_marketing,exais,2016-01-20,auto: relabelled marketing
e02923,The video is now on Youtube and Facebook. <URL> and I sent the phone version to ife (4mb),legitimate,promo_marketing,exais,2016-01-19,auto: relabelled marketing
e02924,"GLO's largest retail network, is just a stone throw away from you. For all your MOBILE needs, visit the Gloworld shop in your neighbourhood",legitimate,promo_marketing,exais,2016-01-18,auto: relabelled marketing
e02926,"EDUCATION ON THE GO! Get education on the-go, using GLO's 24x7 Mobile Tutor. For Weekly (N75)or monthly (N150) subscription send EDUW or EDUM to 4244 via SMS",legitimate,promo_marketing,exais,2016-01-16,auto: relabelled marketing
e02930,"BEST DATA OFFER from Glo! Get 4.5GB of internet for just N2500 valid for 30 days. Chat, Surf, Stream & much more ! Dial *777# & start fun on Internet, Canada & China. Dial *100*6*1# to enjoy. N5 daily fee applies on 1st call only",legitimate,promo_marketing,exais,2016-01-13,auto: relabelled marketing
e02931,DID YOU KNOW You can share your data plan with your friends. To share dial *127*01*recipient GLO number# Stop sharing dial *127*02*recipient GLO number#,legitimate,promo_marketing,exais,2016-01-12,auto: relabelled marketing
e02932,DID YOU KNOW Information on remaining data in your plan or buying a new plan is readily available. Just visit hsi.gloworld.com or simply Dial *777# .TRY IT NOW,legitimate,promo_marketing,exais,2016-01-11,auto: relabelled marketing
e02933,"Celebrate everyday with Glo. Talk more, with 200% Bonus! Just dial *100*10*1# to migrate to BUMPA tariff and WIN BONUS ON EVERY RECHARGE !!",legitimate,promo_marketing,exais,2016-01-10,auto: relabelled marketing
e02934,"Having a BlackBerry, sets you apart! To activate your Blackberry service dial *777# & get 3GB of Blackberry Bundle Data for just N1000 valid for 30days.",legitimate,promo_marketing,exais,2016-01-06,auto: relabelled marketing
e02935,"DID YOU KNOW You can get Glo product & service details by dialling a single number. Just dial 500 & get any information you want any time of the day,for FREE!",legitimate,promo_marketing,exais,2016-01-05,auto: relabelled marketing
e02936,DID YOU KNOW It's very easy to transfer credit from your line to another Glo line. Dial *131*Recipient Number*Amount*Password#. Your default password is 00000,legitimate,promo_marketing,exais,2016-01-05,auto: relabelled marketing
e02938,"WE CARE FOR YOU 24 hours a day. You can reach our customer support by dialing 121,or email us: <EMAIL> or follow us on twitter@glocustcare",legitimate,promo_marketing,exais,2016-01-04,auto: relabelled marketing
e02939,Babe I'm in church. I'll be out soon,legitimate,other_legit,exais,2016-01-17,auto-subtyped
e02940,I'm in church ma.,legitimate,other_legit,exais,2016-01-10,auto-subtyped
e02941,I'm in a bus to ikeja. It's very noisy. I'll call u later,legitimate,other_legit,exais,2016-01-05,auto-subtyped
e02942,Ok Tanks. Love U.,legitimate,other_legit,exais,2015-12-21,auto-subtyped
e02943,I kinda understand and im glad u did it to free yourself up. I'm not going to criticize or scold you for this. It was a good move.,legitimate,other_legit,exais,2015-12-21,auto-subtyped
e02944,Pls Reply.,legitimate,other_legit,exais,2015-12-21,auto-subtyped
e02945,Am Very Sori And I Did Dis Cos I Found Out Am In Love Wit U. My Conscience Was Disturbing Me.,legitimate,other_legit,exais,2015-12-21,auto-subtyped
e02946,Yo I'm done o. Awayu...,legitimate,other_legit,exais,2015-12-21,auto-subtyped
e02947,Network Is Bad So I Cant Chat For Now.,legitimate,other_legit,exais,2015-12-17,auto-subtyped
e02948,Make Sure U Also Check D Type Of Frontage I.e Breast N Backage. Be Sure Of Everytin.,legitimate,other_legit,exais,2015-12-13,auto-subtyped
e02949,You know what? I'm coming today,legitimate,other_legit,exais,2015-12-12,auto-subtyped
e02953,"JOIN US THIS SUNDAY 17/01/2016 FOR A COMBINED SERVICE WITH DR. MIKE MURDOCK AT 9AM TAGGED DOUBLE HARVEST ANOINTING SERVICE. WE CELEBRATE YOU!,,,Personal Message: You don't appreciate what you have until you lose it.To be my follower on MBlog",legitimate,other_legit,exais,2016-01-16,auto-subtyped
e02954,You can never recover from a good start.Join us for #12DG2016 starting 2nd to 13th January 2016.6pm daily & 9am on Sunday.We celebrate you!Enquiries:<PHONE>,legitimate,other_legit,exais,2016-01-02,auto-subtyped
e02955,Dr Ojesanmi 's email address is <EMAIL>,legitimate,other_legit,exais,2016-01-15,auto-subtyped
e02956,"Thanks sir.she just called me to confirm,,,, reply mbw to join for 7days free. Renewable at N50/wk with 30 free sms.",legitimate,other_legit,exais,2016-01-15,auto-subtyped
e02957,"Good morning bros,how are you? I'm back to school o.kindly send d cash to dis Gtb account: <PHONE>,Ige Oluwatosin E.I'd be glad to av it soon.thanks.",legitimate,other_legit,exais,2016-01-15,auto-subtyped
e02958,Compliments.I'll not be home cos I'm in church for youth camp.I'll let you know when I'll be around.no offense. Take careFrom: OPSSON smartphone,legitimate,other_legit,exais,2015-12-26,auto-subtyped
e02959,I have a program on Monday but I plan stopping by your house In the morning. Will you be home?,legitimate,other_legit,exais,2015-12-26,auto-subtyped
e02960,Wishing you and your lovely family a merry Christmas.May the good tidings of Xmas be extended to you&family this season.Celebrate JesusFrom: OPSSON smartphone,legitimate,other_legit,exais,2015-12-25,auto-subtyped
e02961,Is that why ure not pickn my call?wanted to tell u I'm in lag since Saturday. At least I'll understand wat u av to say.e ma mura.From: OPSSON smartphone,legitimate,other_legit,exais,2015-12-23,auto-subtyped
e02962,Hmm I guess I shouldn't wait till I have what I really intend to send. I'm going to transfer 2k now but u may not see it until tommorow cos its not instant,legitimate,other_legit,exais,2015-12-23,auto-subtyped
e02963,"Sorry Taiwo, I'm somewhere, can't take calls. I'll call u once I'm out",legitimate,other_legit,exais,2015-12-10,auto-subtyped
e02964,Hmmm.keep posting me o. I'll also have money o.thanks a lot.take careFrom: OPSSON smartphone,legitimate,other_legit,exais,2015-11-26,auto-subtyped
e02965,I'm sending you my account details so you'll send ur broke so-called sister something@month end.<PHONE> access bank.Adebisi Taiwo RFrom: OPSSON smartphone,legitimate,other_legit,exais,2015-10-28,auto-subtyped
e02966,Taiwo I'm so sorry sweety. Some things beyond me came up. I'm currently in Abuja and I won't be back till Friday. How do we go about it ?,legitimate,other_legit,exais,2015-10-23,auto-subtyped
e02967,U ehn?keep it up o.help me with the phone today cos Yetty is coming to Ilorin tomorrow. I need an infinix phone btwn d range of 13-14k.a good one pls.kindly send me ur account number.Pls help me out cos I've promised to help her get d phone.thank.wen sending d cash I'll take 1k 4 my shawamma.its not cool u behaving this way o.u just keep disappointing me.I'll make sure I deal with u.takia.From: OPSSON smartphone,legitimate,other_legit,exais,2015-10-23,auto-subtyped
e02968,"Beloved workers. Trust u had a gr8 week.Dis is 2 in4m u dat d date 4 worker's retreat has bn shifted 2 11-13th Feb, 2016. See u soon dear. Kip being productive.",legitimate,other_legit,exais,2016-01-15,auto-subtyped
e02969,"Hlo belvd. Its a gr8 feeln 2 no we md 2016. Al hrt desires shal b grntd dz yr. A quick remnda dt wrkrs retreat stil coms up on 21-22 Jan,2016.Luv u.Hapi nw yr.",legitimate,other_legit,exais,2016-01-05,auto-subtyped
e02970,"Hi love, Compliments!Trust you're enjoying the break. This is to inform you that workers' retreat holds 21-22nd Jan,2016.Theme: Acceptable Service (Gen 4:3-7",legitimate,other_legit,exais,2015-12-17,auto-subtyped
e02971,"Hi,ave u startd telin ur frnds abt LTP 2015? U bet u don't want dem to miss it.Venue: RCCG Main auditoriumDate: 4-8th of Nov, 2015Registration fee is #600.Pls register for trnsptn from school by sending names and phone no to <PHONE> on or before Fri 30th Oct, Rom 12:1). It is important for all workers to be in attendance. We wish you merry Christmas and a prosperous new year! God bless!",legitimate,appointment,exais,2015-10-26,auto-subtyped
e02972,"<EMAIL> password:opeyemi2015,,, 2015.. Best regards.",legitimate,other_legit,exais,2016-01-14,auto-subtyped
e02973,username :aliente1password: 16e21AK@,legitimate,other_legit,exais,2016-01-13,auto-subtyped
e02974,Sorry bout the delay it's <EMAIL>,legitimate,other_legit,exais,2016-01-12,auto-subtyped
e02975,070XXXXX53,legitimate,other_legit,exais,2016-01-12,auto-subtyped
e02976,"Hey... Happy birthday dear, God bless and keep you, may your light continue to shine onto a perfect day. Have a blast dear. Sorry I'm late. I'll call u later",legitimate,other_legit,exais,2016-01-08,auto-subtyped
e02977,TUNDE NO FOR NOW +234 81XXXXXXX87,legitimate,other_legit,exais,2016-01-07,auto-subtyped
e02980,Sorry about d delay and thanks for participating in planet puzzle on planet TV....this is your airtime <ACCT> <ACCT>,legitimate,debit_alert,exais,2016-01-05,auto-subtyped
e02981,"To configure MTN Backup service, please follow URL <URL>",legitimate,promo_marketing,exais,2016-01-04,auto: relabelled marketing
e02982,"MTN Backup, service to protect your personal data (contacts, calendar..) detected your new handset. You will receive a message to configure it.",legitimate,promo_marketing,exais,2016-01-04,auto: relabelled marketing
e02983,Your mobile allows you to only save the content of SIM card. Move your contacts in your SIM to benefit from MTN Backup services for your contacts.,legitimate,promo_marketing,exais,2015-12-31,auto: relabelled marketing
e02984,081XXXXXXX43 his name is Tunde tell him if he fit meet u for Agoo adura,legitimate,other_legit,exais,2016-01-04,auto-subtyped
e02985,How far send me the guy number abeg. I need internet for something this morning.,legitimate,other_legit,exais,2016-01-04,auto-subtyped
e02986,"With Great pleasure do we request your fulfiling presence as you grace Our Marriage this Saturday10am11, Prince Adeyemi way, Governor Rd",legitimate,other_legit,exais,2016-01-02,auto-subtyped
e02987,"01XXXXX01 gtbank ,,,Ikotun07XXXXX60",legitimate,other_legit,exais,2015-12-23,auto-subtyped
e02988,Timi 070XXXXX03. Joy 081XXXXX56,legitimate,other_legit,exais,2015-12-15,auto-subtyped
e02989,I never see the back up o,legitimate,other_legit,exais,2015-12-15,auto-subtyped
e02990,"Good Morning Paulo, abeg help Me send dat number Boss Timi and Joy. Now pls",legitimate,other_legit,exais,2015-12-15,auto-subtyped
e02991,080XXXXXX562 +23480XXXXX97,legitimate,other_legit,exais,2015-12-14,auto-subtyped
e02992,Pls help send dammy number. Now pls,legitimate,other_legit,exais,2015-12-14,auto-subtyped
e02993,<PHONE> gtbank,legitimate,other_legit,exais,2015-12-11,auto-subtyped
e02994,"Hafa Paul, abeg I need dat stuff dis morning, na 24k u go send oooo",legitimate,other_legit,exais,2015-11-23,auto-subtyped
e02995,"Cricfree.sx or crichd.tv check schedule. I forget to tell u na next week Friday be black Friday jumia,,, I don give Jide d 2k. Oluwole peter <ACCT> zenith bank. Thanks",legitimate,debit_alert,exais,2015-11-21,auto-subtyped
e02996,I de come soon o. I de omole,legitimate,other_legit,exais,2015-11-14,auto-subtyped
e02997,<ACCT> zenith bank. Oluwole paul. Describe where u bought the phone from the last time,legitimate,debit_alert,exais,2015-11-10,auto-subtyped
e02998,<PHONE> Na d guy digit b dis. Cal him,legitimate,other_legit,exais,2015-11-03,auto-subtyped
e03000,Season greetings from all of us at NairaBET. May this season bring much joy into your life.Our N100 million Xmas Bonus expires today.See details on Nairabet.com,legitimate,promo_marketing,exais,2015-12-25,auto: relabelled marketing
e03001,REMINDER - NairaBET is giving away N100 Million bonus to reward online customers who fund their accounts until Dec 25. Watch out for this bonus on Xmas day.,legitimate,promo_marketing,exais,2015-12-23,auto: relabelled marketing
e03002,NairaBET is giving away N100 Million bonus to reward online customers who fund their accounts until Dec 25. Watch out for this bonus on Xmas day.,legitimate,promo_marketing,exais,2015-12-22,auto: relabelled marketing
e03003,Call Tope to help,legitimate,other_legit,exais,2016-01-02,auto-subtyped
e03004,I'm in now ma. Nevermind,legitimate,other_legit,exais,2016-01-02,auto-subtyped
e03005,"No ma, I'm still outside. The gate is locked from outside with a padlock",legitimate,other_legit,exais,2016-01-02,auto-subtyped
e03006,Are you in yet,legitimate,other_legit,exais,2016-01-02,auto-subtyped
e03007,"Trying to call u, your line isn't going through.",legitimate,other_legit,exais,2016-01-02,auto-subtyped
e03008,I've been at the gate ma. Can't find my way into the compound. I'm still there,legitimate,other_legit,exais,2016-01-02,auto-subtyped
e03009,Where are you,legitimate,other_legit,exais,2016-01-02,auto-subtyped
e03010,"Yes indeed it won't be long God's decree ""things are going to happen so fast your head will swim. One thing fast on the heels of the other. You won't be able to keep up. Everything will be happening at once - and everywhere you look, blessings! Blessings! Like wine pouring down the mountains and hills. Amos 9:13(Msg).Happy new year ma.",legitimate,other_legit,exais,2016-01-01,auto-subtyped
e03011,2.57E+14,legitimate,other_legit,exais,2015-12-29,auto-subtyped
e03012,Sender hauwa,legitimate,other_legit,exais,2015-12-17,auto-subtyped
e03013,He needs the money now now in the hospital pls do it now,legitimate,other_legit,exais,2015-12-17,auto-subtyped
e03014,Paulo pls pay in 30k into <ACCT> uba..... maa muti-ventures ltd,legitimate,debit_alert,exais,2015-12-17,auto-subtyped
e03015,"Welcome to Year Twenty Sixteen! God is walking with you. Your year shall be full of joy, sound health, prosperity and abundance. U're honoured!..Samuel Adeoye,Ikotun<ACCT>",legitimate,debit_alert,exais,2016-01-01,auto-subtyped
e03016,"B4 pple Begin 2 circul8 pirates,cheap&un-authorised NEW YEAR greetns 2 u,i wish u a HAPPY NEW YEAR wif NAFDAC NO O1-O1-2O16",legitimate,other_legit,exais,2016-01-01,auto-subtyped
e03017,Compliments bro. I was able to send 8k. I'll balance u as soon as possible please,legitimate,other_legit,exais,2015-12-31,auto-subtyped
e03018,"Mr paul hapi new year in advance,av'being tryin 2 reach u since mornin but nt goin 2ru,hope u've nt 4goten me.plstry get intouch wit me.",legitimate,other_legit,exais,2015-12-30,auto-subtyped
e03019,Bros I got your message sorry I was with my.Boss. I had initially Planned to pay u and Lance by Dec 18th cos thats when I get something I've been expecting for long. I can't guarantee this Saturday o but I'll try my possible best sir.,legitimate,other_legit,exais,2015-12-02,auto-subtyped
e03020,"Mr paul gud mornin,av bin tryin 2 reach u bt u nt pickin up ur cal.pls ogami i reali need moni b4 saturday pls am beggin i realy need it 2 tie sumtin down pls dont let me down cus dis tym it wil pain me alot if u dont help me send it.pls it urget i wil cal u leta in d day",legitimate,other_legit,exais,2015-12-02,auto-subtyped
e03021,"Attitude; it's not about changing the Fruit but Faith, Force and Focus! May you Commit and Create the best New Year ever! HAPPY NEW YEAR!!!",legitimate,other_legit,exais,2016-01-01,auto-subtyped
e03022,New year is not about changing the Dates but the Direction; it's not about changing the Calendar but Commitment; it's not about changing the Actions but,legitimate,other_legit,exais,2016-01-01,auto-subtyped
e03023,May the amazing God grant u amazing grace and power to overcome and have amazing victory that wil result to amazing testimonies.Happy new year.Have amazing 2016,legitimate,other_legit,exais,2016-01-01,auto-subtyped
e03024,"Has today marks d fulfilment of many prophecies,may it be the beginning of God's manifestations and fulfilment of His promises to U.Season's greetings with love",legitimate,other_legit,exais,2015-12-25,auto-subtyped
e03025,Am wishin u a very prosperous new year and welcome to 2 016 the year of uncommon reward,legitimate,other_legit,exais,2016-01-01,auto-subtyped
e03026,Frm my hrt i am wishin u a Merry xmas nd a prosperous nw year in adv. see u in 2016,legitimate,other_legit,exais,2015-12-25,auto-subtyped
e03027,"Request processing.Please await confirmationvia SMS or dial *228# for data balance.Chat with Whatsapp,Facebook messenger,2go& Wechat weekly for N150. Dial *343*5*6#",legitimate,promo_marketing,exais,2015-12-31,auto: relabelled marketing
e03028,"Request processing.Please await confirmationvia SMS or dial *228# for data balance.Chat with Whatsapp,Facebook messenger,2go& Wecha",legitimate,promo_marketing,exais,2015-12-16,auto: relabelled marketing
e03030,She has confirm it,legitimate,other_legit,exais,2015-12-31,auto-subtyped
e03031,Sent. 3k,legitimate,other_legit,exais,2015-12-31,auto-subtyped
e03032,01XXXXXX69 david blessing onyero.gtb you can use the code *737*1*amount*acc no#,legitimate,other_legit,exais,2015-12-31,auto-subtyped
e03033,01XXXXXX69 david blessing onyero.gtb,legitimate,other_legit,exais,2015-12-31,auto-subtyped
e03034,"This might offend u, been waiting to complete this cash but people have been posting me. I just sent u 15k I'll balance up as soon as possible",legitimate,other_legit,exais,2015-12-31,auto-subtyped
e03035,Gm. I've been quiet becos I don't want to pay u in pieces. If all things goes well you shd get your cash in full by18th Dec. Thank you for your patience,legitimate,other_legit,exais,2015-12-04,auto-subtyped
e03036,The office will be closing by 2:00pm.,legitimate,other_legit,exais,2015-12-31,auto-subtyped
e03037,Sorry I missed your call. I'm still coming to the office today. I don't know when you're leaving. I'll be coming from sango ota,legitimate,other_legit,exais,2015-12-31,auto-subtyped
e03038,Reception is at Terre de fette,legitimate,other_legit,exais,2015-12-19,auto-subtyped
e03039,Gudmornin Comrades.A whatsApp group as bin created as a platform to discuss d Conference and National Election takin place Next feb @Imo.we value ur opinion,legitimate,other_legit,exais,2015-12-31,auto-subtyped
e03042,0806XXXXXX37,legitimate,other_legit,exais,2015-12-29,auto-subtyped
e03043,Name: Dr ojesanmiTel1: 080XXXXXX07,legitimate,other_legit,exais,2015-11-10,auto-subtyped
e03044,Good morning. Please I need beans and yam at no 10 olorunmbe Street wemabod Estate. Skystar. Thank you.,legitimate,other_legit,exais,2015-12-29,auto-subtyped
e03045,"Oluwole ibiyemi ibironke, <PHONE> gtb",legitimate,other_legit,exais,2015-12-27,auto-subtyped
e03046,Higher National Diploma in accounting HND 2009. Ordinary National Diploma in accounting OND 2005,legitimate,other_legit,exais,2015-11-10,auto-subtyped
e03047,Send to <EMAIL>,legitimate,other_legit,exais,2015-11-10,auto-subtyped
e03048,"534,Lagos Abeokuta Exp.way,Abule-egba",legitimate,other_legit,exais,2015-11-10,auto-subtyped
e03049,"Please call me. I Love you. Watch Chelsea vs West Ham, Sat 24 Oct-LIVE on SuperSport Select 2. Get GOtv today! Click <URL> state. Ambaz fashion kollections accountant 2011-2013. freemax system international accountant 2013-2014.",legitimate,other_legit,exais,2015-10-24,auto-subtyped
e03055,"merry christmas,long life and more years to celebrate.enjoy ur xmas.",legitimate,promo_marketing,exais,2015-12-25,auto-subtyped
e03056,"here is the acct no 01XXXXXXXXXXX13,ayileka opeoluwa joseph",legitimate,debit_alert,exais,2015-10-28,auto-subtyped
e03057,You never see am ? I can't take calls right now... I'm in a conference,legitimate,other_legit,exais,2015-10-27,auto-subtyped
e03058,name=ogunsakin adedayo/ act no=00XXXXX41...Diamond Bank,legitimate,other_legit,exais,2015-10-26,auto-subtyped
e03059,"As an existing Nairabet user, you stand to win part of our N100 million Xmas bonus if you fund your account latest by tomorrow. See details on Nairabet.com",legitimate,promo_marketing,exais,2015-12-24,auto: relabelled marketing
e03062,"Hello, your Jumia Nigeria package 307969895-7649 is ready for pickup between 10AM-4PM. For issues, call 08XXXXXXX45",legitimate,other_legit,exais,2015-12-23,auto-subtyped
e03063,"GAME OF DEALS season 2 discounts are here!! 6 hours only, up to 80% off on Jumia!! Click <URL> to order now!",legitimate,other_legit,exais,2015-11-12,auto-subtyped
e03064,The best deals of the day on Jumia - up to 40% off on bestsellers! Don't miss these amazing savings! Click <URL> to order now!,legitimate,other_legit,exais,2015-11-11,auto-subtyped
e03065,MEGA TV BLAST!! Best prices guaranteed! Up to 40% off + FREE DELIVERY only on Jumia! Click <URL> or call 014607700!,legitimate,other_legit,exais,2015-10-26,auto-subtyped
e03066,"XmasPromo!Get your original Stallion Caprice at N12,500.Buy 3 bags and get a FREE Bottle of Redwine.Free Delivery-Lagos.PayOn Delivery.Call <PHONE>,<ACCT>",legitimate,debit_alert,exais,2015-12-21,auto-subtyped
e03067,"Xmas promo!!! Get your original stallion Caprice for N12,500, Grand oil 2.5Ltr for N1600. FreeDelivery-Lagos.PayOn Delivery.Call <PHONE>,<PHONE> to order",legitimate,promo_marketing,exais,2015-12-16,auto-subtyped
e03070,1 million ways to say I LOVE U to that special one in ur life.Text LOVE to 35061 for free sms in 4 days! Service cost N20/day afterwards.Powered by Etisalat.,legitimate,promo_marketing,exais,2015-12-19,auto: relabelled marketing
e03073,From oju ore take bike to new life church after allover polytechnic,legitimate,other_legit,exais,2015-12-19,auto-subtyped
e03074,"To login goto <URL> username:brightav password:Sg563Bf2vh,,,,<PHONE> to order now.",legitimate,other_legit,exais,2015-12-11,auto-subtyped
e03075,Site is active. <URL>,legitimate,other_legit,exais,2015-12-11,auto-subtyped
e03076,Bros gm. All the pages are active on the website now. Show it to him if u can. Brightaviation.whog.com.ng,legitimate,other_legit,exais,2015-12-06,auto-subtyped
e03077,"Lola newton, this is it +2346XXXXXXX54 tony",legitimate,other_legit,exais,2015-12-19,auto-subtyped
e03079,Knowledge of business ethics or lack of can make or mar your busine,legitimate,other_legit,exais,2015-12-18,auto-subtyped
e03080,Migrate now to MTN Biz Class specially designed for Businesses and enjoy low call rates and daily Business Headlines. Dial *460*3# now! Ts&Cs apply,legitimate,promo_marketing,exais,2015-10-29,auto-subtyped
e03084,Oluwatofunmi...thanks boo. Work is going fine just having a tired day. Thanks for checking,legitimate,other_legit,exais,2015-10-26,auto-subtyped
e03085,"Hi dear,aw is work going.hp u re filling ur logbook.jst tot of checking .takia & njoy ur work.",legitimate,other_legit,exais,2015-10-26,auto-subtyped
e03086,Here is the number +2348XXXXXX43 Femi. The guy in my room. Gm,legitimate,other_legit,exais,2015-10-12,auto-subtyped
e03088,"Yello! Do you know with N2015, you get a massive 2015MB of data to browse, chat for a whole month? Simply SMS SPB to 131 to get this whooping offer from MTN, deals and trends with 25MB daily for only N150. Simply text 112 to 131 to activate.",legitimate,promo_marketing,exais,2015-12-17,auto: relabelled marketing
e03091,Ok. Almost there.,legitimate,other_legit,exais,2015-12-15,auto-subtyped
e03092,No 10 olorunmbe Street wemabod Estate wahum bustop off Adeniyi Jones Ikeja. Company name Skystar,legitimate,other_legit,exais,2015-12-15,auto-subtyped
e03093,Tnks plant t.v,legitimate,other_legit,exais,2015-12-14,auto-subtyped
e03094,Thanks a lot,legitimate,other_legit,exais,2015-12-14,auto-subtyped
e03095,Sorry about d delay and thanks for participating in planet puzzle on planet TV....this is your airtime.<ACCT> <ACCT>,legitimate,debit_alert,exais,2015-12-14,auto-subtyped
e03096,Sorry about d delay and thanks for participating in planet puzzle on planet TV..this is your airtime....<ACCT> <ACCT> <ACCT> <ACCT>.,legitimate,debit_alert,exais,2015-12-14,auto-subtyped
e03097,Sorry about d delay and thanks for participating in planet puzzle on planet TV....this is your airtime. <ACCT> <ACCT>.,legitimate,debit_alert,exais,2015-12-14,auto-subtyped
e03098,Sorry about d delay and thanks for participating in planet puzzle on planet TV....this is your airtime. <ACCT>. <ACCT>.,legitimate,debit_alert,exais,2015-12-14,auto-subtyped
e03100,"Christian Life Issues on MTN Mobile Newspaper is a must read to DIG DEEP into God's scriptural prescription for your daily life. Send CLM to 4900 N120/month ,,, FREE",legitimate,promo_marketing,exais,2015-12-12,auto: relabelled marketing
e03105,Eunice(08XXXXXX25),legitimate,other_legit,exais,2015-12-12,auto-subtyped
e03106,08XXXXXX59,legitimate,other_legit,exais,2015-12-12,auto-subtyped
e03107,Gtbank oluwole Paul 01XXXXXX09.,legitimate,other_legit,exais,2015-12-11,auto-subtyped
e03108,"Coke Studio Africa rounds up this Sunday at 6pm on AIT. Catch up on all the fun with 2Face, Flavour, Chidinma and others here - <URL>",legitimate,other_legit,exais,2015-12-11,auto-subtyped
e03110,Pls Come ogba today or forget am okay . Am tired for waiting for nothing,legitimate,other_legit,exais,2015-10-30,auto-subtyped
e03115,Never run out of airtime with EasyCredit. Simply dial *665*8# to borrow up to maximum amount you qualify for. 10% service fee charge applies.,legitimate,promo_marketing,exais,2015-12-08,auto: relabelled marketing
e03116,"Dear GTCrea8, the winner of the Mini Cooper will be announced on December 9th, 2015. Stay tuned because it might be you! Visit <URL> for details.",scam,promo_win,exais,2015-12-07,auto: fraud
e03118,"Dude, how far? Having thought bout this over n over again I have decided to drop tht role.Hope it's 2 late to find a replacement? We'll talk beta wen we see",legitimate,other_legit,exais,2015-12-05,auto-subtyped
e03119,The thing still didn't work o. Want to clean my atm with spirit then I'll try again after environmental,legitimate,other_legit,exais,2015-11-28,auto-subtyped
e03120,How far? Give me update,legitimate,other_legit,exais,2015-11-27,auto-subtyped
e03121,Paul please you will have to use those picture for report this morning.,legitimate,other_legit,exais,2015-10-26,auto-subtyped
e03122,Nigga whollup whollup...I just wan remind you not to forget the jacket o. In igbo... Shebapo,legitimate,other_legit,exais,2015-10-25,auto-subtyped
e03125,"Send Etisalat 1Gb to 0809 072 8028. Recharge pin: <ACCT> please the person is waiting ,,, images! Start downloads here: <URL> Price: N20/day.",legitimate,debit_alert,exais,2015-12-04,auto-subtyped
e03126,The guy hasn't done that thing. Just chill till we see please,legitimate,other_legit,exais,2015-10-28,auto-subtyped
e03127,08XXXXXX31. My Etisalat number. Please send 1Gb. You said its 950 right? Thanks you.,legitimate,other_legit,exais,2015-10-28,auto-subtyped
e03134,"Y'ello ! Mr 2Kay is back with a BANG. Enjoy his latest hit song ""Moniegram ft Timaya""as your caller tune, Text 0023314 to 4100 to subscribe @ N50/month only.",legitimate,promo_marketing,exais,2015-11-16,auto: relabelled marketing
e03135,I did it around 12 u should have gotten it. I did 7k o. I'll balance u by weekend,legitimate,other_legit,exais,2015-12-02,auto-subtyped
e03136,01XXXXXX09 gtbank,legitimate,other_legit,exais,2015-11-18,auto-subtyped
e03137,Check out( injoo halo).Brand new for 17k. Good camera. backup is to giv u min n u can wipe my bbm n watsap.Bt I'll collect bck wen urs is ready.txt or Cal bck,legitimate,other_legit,exais,2015-11-17,auto-subtyped
e03138,Whats up? Reply via sms,legitimate,other_legit,exais,2015-11-16,auto-subtyped
e03139,On my way to Ogba to see that Taylor,legitimate,other_legit,exais,2015-11-12,auto-subtyped
e03140,Where r u,legitimate,other_legit,exais,2015-11-01,auto-subtyped
e03141,On my way to Ogba from Maryland ...can we see briefly? Be there in like 30mins,legitimate,other_legit,exais,2015-10-29,auto-subtyped
e03143,Email: <EMAIL> The domain I want to transfer to star host is <URL>,legitimate,other_legit,exais,2015-12-01,auto-subtyped
e03144,This is to Thank every1 who shared with us in our Joy especially those who supported us in prayers & kind.We pray that God Almighty blesses U all.Mr&Mrs Okomah,legitimate,other_legit,exais,2015-12-01,auto-subtyped
e03145,Wassup help me load this on your mom's phone please <ACCT>. That iPhone the cheapest I got is 40k,legitimate,debit_alert,exais,2015-11-29,auto-subtyped
e03146,Use 7601138 as your One Time Password. Expires 11/29/2015 4:29:07 AM,legitimate,otp,exais,2015-11-29,auto-subtyped
e03147,"Welcome to NairaBET.com,\r\nWe are glad to have you as customer. If you need help with using our site, pls call 070XXXXXX38 or email <EMAIL>",legitimate,promo_marketing,exais,2015-11-29,auto: relabelled marketing
e03148,"Your first transaction from Zenith Mobile Banking is a transfer of N10000.0 to ABIODUN , ELIZABETH SUBUSOLA. Dial *966*1*66950# from your alertz number",legitimate,promo_marketing,exais,2015-11-27,auto: relabelled marketing
e03149,"Get more value on data with 2015MB at N2015 to browse, chat, download for a whole month. Simply text SPB to 131 to activate.",legitimate,promo_marketing,exais,2015-11-25,auto: relabelled marketing
e03151,"Hello, your Jumia Nigeria Marketplace package 309547957-M6236 is ready for pickup between 10AM-4PM. For issues, call 08XXXXXX645",legitimate,other_legit,exais,2015-11-24,auto-subtyped
e03152,Teamvier. I'd: 531 812 529. PW: 8vx52q,legitimate,other_legit,exais,2015-10-12,auto-subtyped
e03153,Speedtest 1.75down 0.94 up. Telnet to port 25 no reply.,legitimate,other_legit,exais,2015-10-12,auto-subtyped
e03156,Get all latest News and Gist for just N1. Text AFB to 700. Service will be renewed at N50/week.,legitimate,promo_marketing,exais,2015-11-20,auto: relabelled marketing
e03157,<PHONE> amalahu Joyce gtbank tnks,legitimate,other_legit,exais,2015-11-19,auto-subtyped
e03158,Congratulations! Kanu has sellected your number to get a free subscription for a week to his service! Send KANU to 38255 & increase your possibilities to more!,scam,promo_win,exais,2015-11-18,auto: fraud
e03159,id:<ACCT> sub:001 dlvrd:001 submit date:<ACCT> done date:<ACCT> stat:DELIVRD err:000 text:,legitimate,debit_alert,exais,2015-11-18,auto-subtyped
e03160,Get advice on management of HIV/AIDS and prevention of mother-child transmission; call 6222 now absolutely free! Etisalat - supporting a healthier nation,legitimate,promo_marketing,exais,2015-11-17,auto: relabelled marketing
e03161,greenredmedia.com,legitimate,other_legit,exais,2015-11-17,auto-subtyped
e03163,"Website: <URL> email addresses: <EMAIL>, band promised whog.com.ng, <EMAIL>, text NO to 38321",legitimate,other_legit,exais,2015-11-13,auto-subtyped
e03164,"Website: <URL> you can check now its active.,,, passwords:thanks123",legitimate,other_legit,exais,2015-11-12,auto-subtyped
e03165,Paul I Waited What Is Over There Tell Me So That I Will Keep Waiting Frm Babat,legitimate,other_legit,exais,2015-11-04,auto-subtyped
e03166,Hi Paul The Mismtmmtaken I Told U Page 13 National To Nation The Second One Page 14 Testament To Jerusalem If Not Correct Pls Correct It,legitimate,other_legit,exais,2015-10-27,auto-subtyped
e03170,Thanks so much Wale. God bless you too,legitimate,other_legit,exais,2015-11-13,auto-subtyped
e03171,Happy birthday to you sir. God bless your days and keep you long for us sir. Wale.,legitimate,other_legit,exais,2015-11-11,auto-subtyped
e03173,Bros happy birthday to you. God bless your days. LLNP bro. God's gat you. Oluwole Paul,legitimate,other_legit,exais,2015-11-11,auto-subtyped
e03174,Thank you,legitimate,other_legit,exais,2015-11-11,auto-subtyped
e03175,08XXXXXXX10 from paul,legitimate,other_legit,exais,2015-11-11,auto-subtyped
e03176,80XXXXXXX47,legitimate,other_legit,exais,2015-10-25,auto-subtyped
e03177,You have used up your SME Share Data quota; Browsing now costs 5k per kb. Auto renewal applies at validity. Text help to 229 for more info,legitimate,promo_marketing,exais,2015-11-10,auto: relabelled marketing
e03178,In d middle of something....I'll call u,legitimate,other_legit,exais,2015-11-08,auto-subtyped
e03179,Dollar point mall 6th avenue 13th road by 64 road junction wisdom generators world. festac town <EMAIL>,legitimate,other_legit,exais,2015-11-04,auto-subtyped
e03180,I'm invigilating an international exam. I calld u while I was on break. I can't really talk nw. I calld that my guy in d mornin he didn't pick up.I'll try again,legitimate,appointment,exais,2015-10-31,auto-subtyped
e03181,Y'ello! Text STATE OF ORIGIN LGA. Choose .,legitimate,promo_marketing,exais,2015-10-31,auto: relabelled marketing
e03189,Don't have airtime to call back. Goodnight dear,legitimate,recharge,exais,2015-10-25,auto-subtyped
e03190,Trying to call you back your no isn't reachable. Is this your line?,legitimate,other_legit,exais,2015-10-22,auto-subtyped
e03191,"Jane I didnt go To my own place, I got to Lagos 8:15 and I went to my brothers place, I got there 11pm. Don't want to disturb your sleep. Thanks for your care.",legitimate,other_legit,exais,2015-10-23,auto-subtyped
e03192,I just passed in front of your school now. Heading back to Lagos.been in Abuja for few days. Sorry I was too busy would have called.,legitimate,other_legit,exais,2015-10-23,auto-subtyped
e03193,"Encounter Jesus as Pastor J.T Kalejaiye ministers at an Anointing Service this Sat. 24th Oct by 8am at RCCG,Faith City,Nov-15",legitimate,other_legit,exais,2015-10-23,auto-subtyped
e03194,"Good morning friends. Please be informed that there will be a meeting of volunteers towards SOCTECH 2015 on Monday,26th Oct by 10am at the IWFI office on,,Kosoko Str",legitimate,other_legit,exais,2015-10-22,auto-subtyped
e03195,Thoburn no 13,legitimate,other_legit,exais,2015-10-20,auto-subtyped
e03196,"Bros mornin . me and isaac De work out Bach eve for tope. We thinking next Friday at a club in Ikeja. But it will be all man for himself, we no De gather cash.",legitimate,other_legit,exais,2015-10-17,auto-subtyped
e03197,Youre welcome Sir. Joe is right there as we speak.,legitimate,other_legit,exais,2015-10-13,auto-subtyped
e03198,"Good morning Sir,I believe you had a blissful night rest. I want to thank you & your team for the effort on the Citiserve project. I pray that God will inspire you to get it resolved. I await the goodnews on this project.ThanksAneyo",legitimate,other_legit,exais,2015-10-13,auto-subtyped
e03199,Mighty man I celebrate you sir. Just discovered today is your day. God renew your strength sir. Go and prosper. Happy birthday sir,legitimate,other_legit,exais,2015-10-12,auto-subtyped
e03200,Please reconnect to team viewer. I've been having challenges creating a new gmail on outlook,legitimate,other_legit,exais,2015-10-12,auto-subtyped
e03211,"Good evening sir,thank you sir.,,,,,,,,,,,,,,,,ham",legitimate,other_legit,exais,2014-31-08,auto-subtyped
e03212,"fine,thank u sir,,,,,,,,,,,,,,,,ham",legitimate,other_legit,exais,2014-26-08,auto-subtyped
e03213,"OK. Pls sit down for ur exam. take care. How is Azeez? Cheers,,,,,,,,,,,,,,,,,ham",legitimate,appointment,exais,2014-26-08,auto-subtyped
e03214,"Thanks for ur advice and thanks always be there for me.Am so grateful sir.,,,,,,,,,,,,,,,,,ham",legitimate,other_legit,exais,2014-26-08,auto-subtyped
e03215,"WISHING U ALL D BEST IN UR EXAM. GUD LUCK & VICTORY. CHEERS. OLAOYE.,,,,,,,,,,,,,,,,,ham",legitimate,appointment,exais,2014-31-08,auto-subtyped
e03216,"Am sry,I thaught u ar there reading ni.E wo de ni fumble.So ara e o,,,,,,,,,,,,,,,,ham",legitimate,other_legit,exais,2014-29-08,auto-subtyped
e03217,"Y na av told u dat am in the church we ar doin program.,,,,,,,,,,,,,,,,,ham",legitimate,other_legit,exais,2014-29-08,auto-subtyped
e03218,"Weldone oooo and continue,,,,,,,,,,,,,,,,,ham",legitimate,other_legit,exais,2014-25-08,auto-subtyped
e03219,"<ACCT>,,,,,,,,,,,,,,,,,ham",legitimate,debit_alert,exais,2014-14-07,auto-subtyped
e03220,"Good afternoon ma,ave been always call you ma bt it always not respondin.How is Canada ma.Hope the weather there is not to cold ma.Just to check on you.Bolanle.,,,,,,,,,,,,,,,,ham",legitimate,other_legit,exais,2014-28-08,auto-subtyped
e03221,"thank u ma,,,,,,,,,,,,,,,,,ham",legitimate,other_legit,exais,2014-13-08,auto-subtyped
e03222,"Prayer of victory for 3 daysExodus 14:13, Acts 16:17, psalm 109:3-4, matt 6:30, Luke 17:6, job 14:14, psalm 91:1-2Pls call me later,,,,,,,,,,,ham",legitimate,other_legit,exais,2014-13-08,auto-subtyped
e03223,"fine ma,I've been calling you since afternoon ma,,,,,,,,,,,,,,,,ham",legitimate,other_legit,exais,2014-04-08,auto-subtyped
e03224,"How far?,,,,,,,,,,,,,,,,,ham",legitimate,other_legit,exais,2014-04-08,auto-subtyped
e03225,"Good evening ma,,,,,,,,,,,,,,,,,ham",legitimate,other_legit,exais,2014-04-08,auto-subtyped
e03226,"Ok ma,thanks ma.,,,,,,,,,,,,,,,,ham",legitimate,other_legit,exais,2014-02-08,auto-subtyped
e03227,"I did not write it any other place, cool yourself down and search n as u are searching be calling Holy Spirit to help u find them,,,,,,,,,,,,,,,,ham",legitimate,other_legit,exais,2014-02-08,auto-subtyped
e03228,"Good evening ma,pls ma in the name of God ogun aye ko nibo ori ma.And God will always be with u,provide and support you by his grace.Ma,oro yin ko ni su olorun se.Ma I can't find my own paper massage again(the deliverance own)as I want write it down on my phone and I kept the two inside bible.Pls ma help me out.I know it was because my problem as a solution why it happen.Devil wil not overcome you ma.Thank you ma.,,,,,,,,,,,,,,ham",legitimate,other_legit,exais,2014-02-08,auto-subtyped
e03229,"Thanks alot ma,may God continue support you and your family ma.Am so grateful ma.,,,,,,,,,,,,,,,,ham",legitimate,other_legit,exais,2014-01-08,auto-subtyped
e03230,"Alright ma,just want ask what time can I come ma,,,,,,,,,,,,,,,,ham",legitimate,other_legit,exais,2014-01-08,auto-subtyped
e03231,"Am in d PG Schl attending to student's defence,,,,,,,,,,,,,,,,,ham",legitimate,other_legit,exais,2014-01-08,auto-subtyped
e03232,"Good afternoon sir,I was unable to call out.Am in PG since waiting for you sir.,,,,,,,,,,,,,,,,ham",legitimate,other_legit,exais,2014-26-08,auto-subtyped
e03233,"Yes sir,It was even #5000 you gave me.Thank you sir.I've sent message to you on whatapp.,,,,,,,,,,,,,,,,ham",legitimate,other_legit,exais,2014-19-08,auto-subtyped
e03234,"Is d money correct,,,,,,,,,,,,,,,,,ham",legitimate,other_legit,exais,2014-19-08,auto-subtyped
e03235,"Good afternoon sir,pls I need your assistance sir,,,,,,,,,,,,,,,,ham",legitimate,other_legit,exais,2014-18-08,auto-subtyped
e03236,"Thank you so much for yesterday,may God continue to help you sir.some one help me check my result and told me I had fis 507 and 505.,,,,,,,,,,,,,,,,ham",legitimate,other_legit,exais,2014-16-07,auto-subtyped
e03237,"Good night sir and have a nice dream,,,,,,,,,,,,,,,,,ham",legitimate,other_legit,exais,2014-25-08,auto-subtyped
e03238,"Thanks so much for always been there for me,,,,,,,,,,,,,,,,,ham",legitimate,other_legit,exais,2014-25-08,auto-subtyped
e03239,"Good evening sir,how was your day?thanks for today.May almighty God have mercy on you and continue blessing you.Thanks alot.,,,,,,,,,,,,,,,,ham",legitimate,other_legit,exais,2014-15-08,auto-subtyped
e03240,"Ok, I am doing my best so that some money could be send to you by tomorrow.,,,,,,,,,,,,,,,,ham",legitimate,other_legit,exais,2014-07-07,auto-subtyped
e03241,"Hello,am dropping my tecno phone to sales girl inorder to assure her that i wil come back to pay because i can just leave him like that since saturday.,,,,,,,,,,,,,,,,ham",legitimate,other_legit,exais,2014-07-07,auto-subtyped
e03242,"Hello, I am low on credit, I will call u tomorrow once I have credit.,,,,,,,,,,,,,,,ham",legitimate,credit_alert,exais,2014-20-06,auto-subtyped
e03243,"Mind u,no amount money u sent 4 my sch it ws always writtn by me too wit a witnes.I wil pay u bck it a promise.""Not pockt mny""atleast i shd b entitle for that.,,,,,,,,,,,,,,,,ham",legitimate,other_legit,exais,2014-18-06,auto-subtyped
e03244,I Knew it was because you among those who are responsible for my sch things that was the major problem you are havin wit me and there is notting new about it because you are not the only man doing such on earth.Just give me little I will pay you back.,legitimate,other_legit,exais,2014-18-06,auto-subtyped
e03245,"When know that i will be denial later.why don't u let me go on my way before u said u want to marry me.I was disgrace all because of you.,,,,,,,,,,,,,,,,,ham",legitimate,other_legit,exais,2014-04-06,auto-subtyped
e03246,"Daniel mercy oluwaseun <PHONE> gtb,,,,,,,,,,,,,,,,,ham",legitimate,other_legit,exais,2014-25-08,auto-subtyped
e03247,"incase u come back am in jackie's room,,,,,,,,,,,,,,,,,ham",legitimate,other_legit,exais,2014-11-08,auto-subtyped
e03248,"I said u shd buy cemetine tab,i wil giv d mny when u com back,,,,,,,,,,,,,,,,ham",legitimate,other_legit,exais,2014-08-08,auto-subtyped
e03249,"Aunty,u no wan stay at home mo abi.Why r u nah?,,,,,,,,,,,,,,,,ham",legitimate,other_legit,exais,2014-02-08,auto-subtyped
e03250,"flash wen u r thru,i want to send u sometin in camp,,,,,,,,,,,,,,,,ham",legitimate,other_legit,exais,2014-01-08,auto-subtyped
e03251,"Rise with the word of the Lord this blessed Sunday morning! Reply BIBLE or PRAYER for Daily Bible Verses or Prayer Tonic @N100/Mnt. Text STOP to 33111 to OptOut,,,,,,,,,,,,,,,,,spam",legitimate,other_legit,exais,2014-24-08,auto-subtyped
e03252,"Y.ello Peeps!Watch the exciting MTN Project Fame 7.0 Elimination Show on Sat: NTA(5:30-6:30pm),Soundcity(8-9pm),ONTV(7-8pm),GETTV(5-7pm),MITV(7-8pm)& STV(9-10pm,,,,,,,,,,,,,spam",legitimate,promo_marketing,exais,2014-21-08,auto: relabelled marketing
e03255,"Its Yello Friday! Get useful tips for a healthier you. Text HEALTH to 700 @ a discounted rate of N10 for a 7 day offer,,,,,,,,,,,,,,,,,spam",legitimate,promo_marketing,exais,2014-09-08,auto: relabelled marketing
e03258,"Get the new MTN Android Smartphones for as low as N8,000 only and enjoy BBM, Whatsapp & access to over 1 Mill apps & games. Visit MTN Stores to get yours now ,,,,,,,,,,,,,,,spam",legitimate,promo_marketing,exais,2014-07-08,auto: relabelled marketing
e03259,"Get the new MTN Android Smartphones for as low as N8,000 only and enjoy BBM, Whatsapp & access to over 1 Mill apps & games. Visit MTN Stores to get yours now,,,,,,,,,,,,,,,spam",legitimate,promo_marketing,exais,2014-05-08,auto: relabelled marketing
e03260,"Get 60mins voice calls, 30SMS, 100MB data and daily business Tips for just N1, 000 with MTN SmartBiz. Dial *460*1# to migrate and *460*2*1# to buy,,,,,,,,,,,,,,spam",legitimate,promo_marketing,exais,2014-25-07,auto: relabelled marketing
e03261,"Y'ello Peeps! Watch MTN Project Fame 7.0 on the following stations from Mon-Fri on Soundcity (7:30-8pm), ONTV (8:30-9pm), STV (9:30-9pm) & NTA (5:30-6pm),,,,,,,,,,,,,,,spam",legitimate,promo_marketing,exais,2014-24-07,auto: relabelled marketing
e03264,"am arnd,,,,,,,,,,,,,,,,,ham",legitimate,other_legit,exais,2014-17-08,auto-subtyped
e03265,"Pls show,,,,,,,,,,,,,,,,,ham",legitimate,other_legit,exais,2014-09-08,auto-subtyped
e03266,"If you are at home send me call me I love you bt if u are jst send me pls call me,,,,,,,,,,,,,,,,,ham",legitimate,other_legit,exais,2014-03-08,auto-subtyped
e03267,"Are now at home?,,,,,,,,,,,,,,,,,ham",legitimate,other_legit,exais,2014-03-08,auto-subtyped
e03268,"Dami,pls help me to till search ur room very well.She said she doesn't write anyway.Joor gba mi ooo omo iya mi.Thanks.Luv uuu.,,,,,,,,,,,,,,,,ham",legitimate,other_legit,exais,2014-02-08,auto-subtyped
e03269,"Am reli down....i wll xplain tins 2 u beta 2mrw....wil cum c u in d mrn...am reli nt apy....am at a frnds place,,,,,,,,,,,,,,,,,ham",legitimate,other_legit,exais,2014-22-07,auto-subtyped
e03270,"ewo,am sry nt ur own wale.I want to call my classmate,,,,,,,,,,,,,,,,ham",legitimate,other_legit,exais,2014-15-08,auto-subtyped
e03271,"1.20E+11,,,,,,,,,,,,,,,,,ham",legitimate,other_legit,exais,2014-09-07,auto-subtyped
e03273,"TEXT A, B, C, D, E, F, G, H or I to 131 for Details: A. MTN PLAN;B. MTN BUNDLE;C. ADD SERVICE;D. VIEW/CHANGE SERVICE;E. MISCELLANEOUS;F. MTN FASTLINK PLANS;G. MTN MOBILE INTERNET PLANS;H. MTN TOPUP;I. MTN SIMPLE SURF;,,,,,,,,,,spam",legitimate,promo_marketing,exais,2014-15-08,auto: relabelled marketing
e03274,"Y'ello! Your request has been received and is being processed. You will receive a response shortly. Please do not resend your request. Thank you!,,,,,,,,,,,,,,,,,spam",legitimate,promo_marketing,exais,2014-15-08,auto: relabelled marketing
e03276,"TEXT TO 131 TO BUY A SIMPLE SURF PLAN2H to 131=2HRS/2DAYS-N25020H to 131=20HRS/7DAYS-N1,500100H to 131=100HRS/30DAYS-N5,000300H to 131=300HRS/90DAYS-N13,000MORE to 131 for other MTN Products,,,,,,,,,,,,,,spam",legitimate,promo_marketing,exais,2014-15-08,auto: relabelled marketing
e03278,"Sorry you do not have any MTN Happy Hour Data Plus Plan. Thank you.,,,,,,,,,,,,,,,,,spam",legitimate,promo_marketing,exais,2014-13-08,auto: relabelled marketing
e03279,"Sorry, you currently have no active Data Bundle. Subscribe to a data plan now! Text HELP to 131 for a list of available data plans.,,,,,,,,,,,,,,,,spam",legitimate,promo_marketing,exais,2014-13-08,auto: relabelled marketing
e03281,"Please call me. Get 100% bonus when you recharge with *885*RechargePin# on SmoothTalk and Trutalk. Bonus expires daily @ 11:59pm.,,,,,,,,,,,,,,,,,spam",legitimate,recharge,exais,2014-15-08,auto-subtyped
e03282,"30XXXXXX10 Ayandiran Bolanle Khadijat(first bank),,,,,,,,,,,,,,,,,ham",legitimate,other_legit,exais,2014-12-08,auto-subtyped
e03283,"Ok, don't worry. ,,,,,,,,,,,,,,,,ham",legitimate,other_legit,exais,2014-05-08,auto-subtyped
e03284,"Morning sir,just to remind about thing.Thankds,,,,,,,,,,,,,,,,ham",legitimate,other_legit,exais,2014-05-08,auto-subtyped
e03286,"Y'hello! You can now play BRAIN-WAVE and get instant MTN airtime by answering 3 questions only. N10/SMS. To get started, Text WAVE to 5032,,,,,,,,,,,,,,,,spam",legitimate,promo_marketing,exais,2014-05-08,auto: relabelled marketing
e03287,"Welcome to BRAIN-WAVE easy Trivia.Answer three questions only and get instant MTN Airtime. To get started now N10/SMSText WAVE to 5032,,,,,,,,,,,,,,,,,spam",legitimate,promo_marketing,exais,2014-22-07,auto: relabelled marketing
e03288,"Please call me. A week of miracles starts with prayers and confessions; start with prayers from Rhapsody of Realities, text ROR to 5031,,,,,,,,,,,,,,,,spam",legitimate,other_legit,exais,2014-10-08,auto-subtyped
e03289,"Aburo mii,there is party in Ibadan dis comin saturday.Big b'day party.Dad Abdulazeez elder bro is d 1 doing.Cn u com,,,,,,,,,,,,,,,,ham",legitimate,other_legit,exais,2014-02-06,auto-subtyped
e03290,"pin no(<ACCT>)serial no(341952021),,,,,,,,,,,,,,,,,ham",legitimate,debit_alert,exais,2014-29-05,auto-subtyped
e03291,"Babe,who win in osun?,,,,,,,,,,,,,,,,ham",legitimate,other_legit,exais,2014-10-08,auto-subtyped
e03292,"Whr r u?I've tryin callin u.,,,,,,,,,,,,,,,,,ham",legitimate,other_legit,exais,2014-09-08,auto-subtyped
e03294,"Good evening ma,pls call me back ma.I've been callin ur no and it wasn't reacheable.Thanks ma.,,,,,,,,,,,,,,,,ham",legitimate,other_legit,exais,2014-05-08,auto-subtyped
e03295,"Eecli 4 verse 9-6,gen 9 verse 1,eecl 9verse 9-11,eph 5 verse 22,23 & 25,isiah 55 verse 12,philip 4verse7,john 3 verse23,,,,,,,,,,ham",legitimate,other_legit,exais,2014-04-08,auto-subtyped
e03296,"Thanks ma,,,,,,,,,,,,,,,,,ham",legitimate,other_legit,exais,2014-04-08,auto-subtyped
e03297,"Morning. Am on it. Thks,,,,,,,,,,,,,,,,,ham",legitimate,other_legit,exais,2014-04-08,auto-subtyped
e03298,"Good morning ma,dnt forget today fasting,,,,,,,,,,,,,,,,ham",legitimate,other_legit,exais,2014-04-08,auto-subtyped
e03299,"Eecli 4 verse 9-6,gen 9 verse 1,eecl 9verse 9-11,eph 5 verse 22,23 & 24,isiah 55 verse 12,philip 4verse7,john 3 verse23,,,,,,,,,,ham",legitimate,other_legit,exais,2014-01-08,auto-subtyped
e03300,"This is Bola Muda sir,,,,,,,,,,,,,,,,,ham",legitimate,other_legit,exais,2014-03-08,auto-subtyped
e03301,"Good afternoon sir,aku oro alhaja.May almighty God forgive all her sin and let her rest in pest.My greetings to mummy Anita sir.,,,,,,,,,,,,,,,,ham",legitimate,other_legit,exais,2014-03-08,auto-subtyped
e03302,"Good afternoon sir,this is Bolanle Muda.Thanks for the other time sir.May God continue to enrich ur purse and pocket sir,my greeting to Ore,Ridwan and there mother.A deku oro alhaja sir.May God forgive all her sin.Thank u sir,,,,,,,,,,,,,,ham",legitimate,other_legit,exais,2014-03-08,auto-subtyped
e03303,"Pls 4 d sake of Allah,help me bring all your note 2morrw.I want to do d photocopy.Jo sha nu mi.I wanted to come yesterday b4,dats I called bt I wasn't my self.Olorun ko ni da oju ti e.Thanks,,,,,,,,,,,,,,,ham",legitimate,other_legit,exais,2014-03-08,auto-subtyped
e03304,"Good afternoon ma,aku weekend e de ku holiday.How is everybody at home and my Aina too,so ti n ginmu dada(smiles):-D.Just tell you that the eight of alhaja is thursday.Thanks for your love and caring.Miss uuuuuuu.kissess,,,,,,,,,,,,,,,ham",legitimate,other_legit,exais,2014-03-08,auto-subtyped
e03305,"Iya Bola;call me back,,,,,,,,,,,,,,,,,ham",legitimate,other_legit,exais,2014-03-08,auto-subtyped
e03306,"30XXXXXX10 Ayandiran Bolanle khadijat.first bank,,,,,,,,,,,,,,,,,ham",legitimate,other_legit,exais,2014-04-07,auto-subtyped
e03307,"thank uuuu,,,,,,,,,,,,,,,,,ham",legitimate,other_legit,exais,2014-01-08,auto-subtyped
e03308,"Sup? On dx special dae meant 4a special being, I solely wish yuh fruitful api bufdae anniversary n I pray dt may yuh livlong 2witnes many more in lyf happily..,,,,,,,,,,,,,,,,ham",legitimate,other_legit,exais,2014-01-08,auto-subtyped
e03309,"In a soft voice wif a standin ovation, I welkum u 2anoda 365days of greater achievements, undiluted joy n undisrupted break2ru. Kip enjoyn coz yhu r an achiever,,,,,,,,,,,,,,,ham",legitimate,other_legit,exais,2014-01-08,auto-subtyped
e03310,"Try out today the LOVE METER to calculate whether you two are the perfect match! Send your name + your partner name to 33550. N50 Ex: Bello + Passion,,,,,,,,,,,,,,,,,spam",legitimate,other_legit,exais,2014-23-07,auto-subtyped
e03311,"How far,hw Azeez body,hop getin beta. Just checking on u pole. Take care ,,,,,,,,,,,,,,,ham",legitimate,other_legit,exais,2014-19-07,auto-subtyped
e03312,"Discover an easier way to top up your mobile phone from GTBank account using GTBank's 1-Click Top Up. Simply dial *737*AMOUNT# e.g *737*1000# for N1,000 airtime,,,,,,,,,,,,,,,,spam",legitimate,promo_marketing,exais,2014-28-06,auto: relabelled marketing
e03313,"Ayandiran bolanle khadijat(09/0787),,,,,,,,,,,,,,,,,ham",legitimate,other_legit,exais,2014-26-06,auto-subtyped
e03314,"The password is horpybee and seminar on Ayandiran/bola print out,,,,,,,,,,,,,,,,,ham",legitimate,other_legit,exais,2014-05-06,auto-subtyped
e03316,"Mama Ridwan 08XXXXXX751 nd sis fadeke +78XXXXX34 ,,,,,,,,,,,,,,,,,ham",legitimate,other_legit,exais,2014-03-06,auto-subtyped
e03317,"Send mama Ridwan and sis fadeke no to me,,,,,,,,,,,,,,,,,ham",legitimate,other_legit,exais,2014-03-06,auto-subtyped
e03318,"4 N1000 monthly plan, BBC to 21600, 4 N499 weekly plan, BBCWEEK to 21600, 4 N100 daily plan, BBCDAY to 21600. All 4 mtn blackberry plan,,,,,,,,,,,,spam",legitimate,promo_marketing,exais,2014-30-05,auto: relabelled marketing
e03319,"Monthly plan *499*3# N1000, weekly plan *449*1# N500, daily plan *449*2*3 N100. All 4 etisalat blackberry plan.,,,,,,,,,,,,,,,spam",legitimate,promo_marketing,exais,2014-30-05,auto: relabelled marketing
e03320,"Seen before 4 I'll send it I'll call you when I do,,,,,,,,,,,,,,,,,ham",legitimate,other_legit,exais,2014-30-05,auto-subtyped
e03321,"3XXXXXXX10 Ayandiran Bolanle k first bank,,,,,,,,,,,,,,,,,ham",legitimate,other_legit,exais,2014-30-05,auto-subtyped
e03322,"Greetings ma, I know you are kind hearted, plz forgive and forget. May God bless you in return 4m Becca",legitimate,other_legit,exais,2016-02-28,auto-subtyped
e03323,"Get ""Ari Belema"" as your Callertune. Text 3 to 4100.Tune/service Cost N50 monthly.",legitimate,promo_marketing,exais,2016-02-28,auto: relabelled marketing
e03325,"Y’ello, Welcome to 25MB Whatsapp Monthly . Expires 2016-03-28. Dial *599*25# to check your data.",legitimate,promo_marketing,exais,2016-02-27,auto: relabelled marketing
e03326,Your recharge of NGN100.00 was successful. You have received NGN 10.00 Bonus for calls to all networks. This is valid for 7 days. To view your bonus please Dial *559*4#,legitimate,promo_marketing,exais,2016-02-27,auto: relabelled marketing
e03327,Yello! You have used up your BB10 data plan but you will now continue enjoying data at N0.004882813 kobo/KB until the data plan expires on 2016-03-03,legitimate,promo_marketing,exais,2016-02-25,auto: relabelled marketing
e03328,"Yello! you have used 75% of your BB10 data plan, when exhausted, click <URL> to buy another bundle or text RESET to 131 to browse ¡ 5kobo/KB.",legitimate,promo_marketing,exais,2016-02-25,auto: relabelled marketing
e03329,"Yello! you have used 50% of your BB10 data plan, when exhausted, click <URL> to buy another bundle or text RESET to 131 to browse ¡ 5kobo/KB.",legitimate,promo_marketing,exais,2016-02-25,auto: relabelled marketing
e03330,"Y'ello! Please note that your MTN BlackBerry BBLITED service will be renewed on Wed 10:52 PM, 24 Feb 2016 and N70.0 will be deducted from your account.Ignore this message to renew, or text NO to 21600 to cancel the service. Thank you!",legitimate,promo_marketing,exais,2016-02-23,auto: relabelled marketing
e03331,Ref: 661711383 27/02 15:29:25 Bonus Acc: Dial *559*4# Amt: N100.00 Prev bal: N6.57 Bal: N106.57 From: MTN VTU TopUp,legitimate,debit_alert,exais,2016-02-27,auto: relabelled bank alert
e03333,Do ensure you subscribe to an MTN Data Bundle to avoid being charged out of bundle rates for browsing or for mobile app updates on your new smart phone. Visit <URL> for tips to help you avoid extra charges due to your smart phone.,legitimate,promo_marketing,exais,2016-02-24,auto: relabelled marketing
e03334,"Yello welcome to MTN please SAVE the setup information that will be sent shortly, to enable data services on your phone.Security code <CODE>.Thank you.",legitimate,promo_marketing,exais,2016-02-24,auto: relabelled marketing
e03335,Your Balances are BB Absolute/Complete: 1637MB till 16-Mar. BB Plan: 0MB till 24-Feb. BB Plan: 0MB till 24-Feb.,legitimate,promo_marketing,exais,2016-02-24,auto: relabelled marketing
e03336,"Dear customer, you have used up 100% of your FUP limit. Your BlackBerry UNLIMITED plan expires on Feb 24 2016.",legitimate,promo_marketing,exais,2016-02-24,auto: relabelled marketing
e03337,Your Balances are BB Absolute/Complete: 1637MB till 16-Mar. BB Plan: 29MB till 24-Feb. BB Plan: 10MB till 24-Feb.,legitimate,promo_marketing,exais,2016-02-24,auto: relabelled marketing
e03338,"Dear subscriber, your current Airtel Unlimited same day service expires on Thu 25 Feb,2016. To disable auto renewal, please send stopautorenew to 440",legitimate,promo_marketing,exais,2016-02-24,auto: relabelled marketing
e03340,Your Airtel Unlimited plan is active. Re-insert your battery. This plan is usable on Blackberry devices and other device type.,legitimate,promo_marketing,exais,2016-02-24,auto: relabelled marketing
e03341,Your Balances are BB Absolute/Complete: 1637MB till 16-Mar.,legitimate,promo_marketing,exais,2016-02-24,auto: relabelled marketing
e03343,"Y'ello!, you are not eligible for this offer. Please subscribe to any other MTN data plan to enjoy cheaper rates.",legitimate,promo_marketing,exais,2014-08-27,auto: relabelled marketing
e03344,Welcome to Enhance MTN Pulse! N5 daily access fee has been deducted and you have received free 5MB data. Your access fee expires at 11.59pm on 22/07/14.,legitimate,promo_marketing,exais,2014-07-22,auto: relabelled marketing
e03347,"You have successfully opted out of Enhanced Pulse. To opt in again, simply dial *406*1# to continue receiving free 5MB data daily. Thank you!!",legitimate,promo_marketing,exais,2014-07-22,auto: relabelled marketing
e03349,"Yello welcome to MTN! Please SAVE the setup information that will be sent shortly, to enable data service on your phone. Thank you.",legitimate,promo_marketing,exais,2014-08-09,auto: relabelled marketing
e03354,Your call to 08XXXXX15 for 8 secs cost NGN 3.20. Your balance is NGN 11.62.Dial *0805*25# for Jolof bundle of 2 onnet+1 offnet Min+3 Onnet SMS for N25 only,legitimate,promo_marketing,exais,2014-09-05,auto: relabelled marketing
e03355,Your call to 09XXXXX5275 for 15 secs cost NGN 6.00. Your balance is NGN 112.58.Dial *0805*25# for Jolof bundle of 2 onnet+1 offnet Min+3 Onnet SMS for N25 only,legitimate,promo_marketing,exais,2014-08-31,auto: relabelled marketing
e03356,Your call to 08XXXXXXX33 for 221 secs cost NGN 38.49. Your balance is NGN 162.39.Dial *0805*25# for Jolof bundle of 2 onnet+1 offnet Min+3 Onnet SMS for N25 only,legitimate,promo_marketing,exais,2014-08-29,auto: relabelled marketing
e03357,Your SMS bundle has been granted a bonus of 1 SMS valid until 05/09/2014,legitimate,promo_marketing,exais,2014-09-04,auto: relabelled marketing
e03358,"200.00NGN has been credited. Main Bal:N 200.88. Enjoy 9K/s on Bounce2Bounce,campus zone calls,free 30MB. Dial #122# to check data bonus",legitimate,credit_alert,exais,2014-08-29,auto: relabelled bank alert
e03360,CNT MAK IT TO COME OVA ANYLNGA... TAKE CARE,legitimate,other_legit,exais,2014-09-04,auto-subtyped
e03361,"on ur way or not? it's getting dark, let me know. pls",legitimate,other_legit,exais,2014-09-04,auto-subtyped
e03362,"SWEETIE.... told me u wil be ahome ni now, bt stil din meet u 4 house. But i sha don dey go my house.",legitimate,other_legit,exais,2014-09-04,auto-subtyped
e03363,"A/SALAM.... am sorry i wnt b able 2 come ova anylnga, stil in sku avnt colected my exam pass. Pls bear with me.",legitimate,appointment,exais,2014-09-01,auto-subtyped
e03364,"As u are abt 2 strt ur exams may Allah swt increase ur rate of accimilatn, favours U & grant U a glitering sucex. Barakallahu fihi (AAMINA). Gudmorni... :HNM:",legitimate,other_legit,exais,2014-09-01,auto-subtyped
e03365,70XXXXXX881,legitimate,other_legit,exais,2014-07-04,auto-subtyped
e03370,"Congratulations Salami Afusat, you have successfully activated your GTBank Mobile Money account for <ACCT>. Enjoy banking at your finger tips. For more info, please call <PHONE>,<PHONE>. TRANS ID 17062362",scam,promo_win,exais,2014-08-29,auto: fraud
e03371,"Congratulations Dear Salami Afusat, You have been successfully registered for GTBank Mobile Money services. Please use your Activation Code <CODE> to activate your account.",scam,promo_win,exais,2014-08-29,auto: fraud
e03372,Pls if u hv a enof mny on u to pay for d clth for bth kndly .i ws hvng headache dt ws why i submitd qukly to cm n rst,legitimate,other_legit,exais,2014-09-02,auto-subtyped
e03373,Please call me. Keep your MTN number for one year and avoid being disconnected. Simply dial *365*1# or send KMN to 36500. Costs N500/yr,legitimate,promo_marketing,exais,2014-09-01,auto-subtyped
e03374,Pls text prof Ezeri asgmnt to me thks,legitimate,other_legit,exais,2014-08-12,auto-subtyped
e03375,Be cmng o once u gt to sub flash me or if u are dere wait,legitimate,other_legit,exais,2014-08-11,auto-subtyped
e03376,Sp116username pw david pls is henry code don't wnt hm to knw,legitimate,other_legit,exais,2014-06-27,auto-subtyped
e03377,Henry jst told me dt is ready to colet d bld sample so i wil leave d klas soon.,legitimate,other_legit,exais,2014-06-24,auto-subtyped
e03378,"GOOD SUCCESS is d reward of hard work. Forget d past, study hard & rely on God 4 d best. My prayers are wit u all through d exams. Happy New Month. Jane cares",legitimate,other_legit,exais,2014-09-02,auto-subtyped
e03379,"Dear SALAMI AFUSAT IYABO, The balance on your account 307XXXX056 as at end of AUG 2014 is NGN1,988.52. Thank you for banking with us. FirstBank",legitimate,other_legit,exais,2014-09-01,auto-subtyped
e03380,"Dear SALAMI AFUSAT IYABO, The balance on your account 307XXXX056 as at end of JUL 2014 is NGN1,154.52. Thank you for banking with us. FirstBank",legitimate,other_legit,exais,2014-09-01,auto-subtyped
e03381,"Dear SALAMI AFUSAT IYABO, The balance on your account <ACCT> as at end of JUN 2014 is NGN1,994.52. Thank you for banking with us. FirstBank",legitimate,debit_alert,exais,2014-07-03,auto-subtyped
e03382,"Hi honey, what are our plans for tonight??? Plzz let me know asap! +32XXXXXX79",legitimate,other_legit,exais,2014-09-01,auto-subtyped
e03384,"In dis month of Sep, u shall exprience a turn around in evri areas of ur lyf dat is workin right.. API NEW MONTH! And it is nt of him dat willeth nor of him dat runneth but is of dat showeth mercy, his mercy & grace wl b sufficient 4 u 2ruout ur exams, GO & SUCCEED IJN...",legitimate,other_legit,exais,2014-09-01,auto-subtyped
e03385,"As d new MNT blossoms, may d jony of ur life b fragrant wt new oportnitis, ur days b brit wt new hpes &ur @ b hapi wit love Hapi Nw Mnt&sucex in ya xam.Aphsoh",legitimate,other_legit,exais,2014-09-01,auto-subtyped
e03386,Happy New Year to U. I wish u God's blessing throughout 2014. May the Lord's blessings never cease in ur life. Watever u touch dis year shall be fruiful.,legitimate,other_legit,exais,2014-01-01,auto-subtyped
e03387,Amen thanks. Hope ull come around?,legitimate,other_legit,exais,2014-09-01,auto-subtyped
e03388,"As u step in2 anoda yr of ur lif,may u plnt&rip fa4,sik &fnd,knck&wil b open un2 u,u'l nt xpir b4 u acquir ur @dsirs,I wsh u many mor yrs in gd hlth.HBD Afusat",legitimate,other_legit,exais,2014-09-01,auto-subtyped
e03389,"I pray 4 mercy of God ova urlife dis mont,u wil find f4 evriwre &may this mth of septemba..Bring u a lot of gudtins& Happiness.i wish u succex in al ur exams.",legitimate,other_legit,exais,2014-09-01,auto-subtyped
e03390,"A praya 2bless ur way,a wish 2lighten ur moment,cheer 2 perfect ur day,text 2 say hw ar u&hw is evritins.HAPPY EID-EL-FITRI 2 U AND UR FAMILY.",legitimate,other_legit,exais,2014-07-28,auto-subtyped
e03391,"Y'ello! Your data balance is 8.47MB, Expires: 29/Apr/2014 11:49. Your subscription will be auto renewed and all unused data rolled over after renewal.",legitimate,promo_marketing,exais,2014-04-20,auto: relabelled marketing
e03392,"Y'ello! Your data balance is 56.23MB, Expires: 29/Apr/2014 11:49. Your subscription will be auto renewed and all unused data rolled over after renewal.",legitimate,promo_marketing,exais,2014-04-16,auto: relabelled marketing
e03393,"Y'ello! Your data balance is 82.83MB, Expires: 29/Apr/2014 11:49. Your subscription will be auto renewed and all unused data rolled over after renewal.",legitimate,promo_marketing,exais,2014-04-15,auto: relabelled marketing
e03395,Write your own review on MTN Data Services. Follow us on Twitter <URL> and Facebook <URL>,legitimate,promo_marketing,exais,2014-03-28,auto: relabelled marketing
e03396,"Y'ello! Please note that your 100MB Mobile Data plan will be renewed and N1000 will be deducted from your account. Ignore this message to renew, or text NO to 131 to cancel the service. Thank you!",legitimate,promo_marketing,exais,2014-03-28,auto: relabelled marketing
e03397,Y'ello! You have received 100MB extra data. Valid for 30Days. Dial *559*2# for balance on extra data. Enjoy!,legitimate,promo_marketing,exais,2014-03-28,auto: relabelled marketing
e03398,"Welcome to 100MB Mobile Data plan, expires 29/Apr/2014 11:49. Text 2 to 131 to view balance. You will be charged bundle rate at data bundle exhaustion within subscription validity.",legitimate,promo_marketing,exais,2014-03-28,auto: relabelled marketing
e03399,"gud morning big bro, I av alittle problem with the system with me.I tried to on it buh not booting. don't know wats wrong",legitimate,other_legit,exais,2014-08-30,auto-subtyped
e03404,"Dear Customer,your unused 0 MB data plan has expired on 2014-08-29.Please recharge your account to continue to enjoy the service.",legitimate,promo_marketing,exais,2014-08-29,auto: relabelled marketing
e03405,Please call me. Get 100% bonus when you recharge with *885*RechargePin# on SmoothTalk and Trutalk. Bonus expires daily @ 11:59pm.,legitimate,promo_marketing,exais,2014-08-22,auto: relabelled marketing
e03406,aunty Aminat born o,legitimate,other_legit,exais,2014-08-27,auto-subtyped
e03407,You transferred N100.00 to 23481XXXXXX02. Your new account balance is N75.49. Thanks for using share n sell service.,legitimate,other_legit,exais,2014-08-25,auto-subtyped
e03408,You transferred N100.00 to 23480XXXXXX64. Your new account balance is N184.09. Thanks for using share n sell service.,legitimate,other_legit,exais,2014-08-25,auto-subtyped
e03409,You transferred N800.00 to 2348XXXXXX025. Your new account balance is N284.09. Thanks for using share n sell service.,legitimate,other_legit,exais,2014-08-25,auto-subtyped
e03410,"Inspire your callers with callertunez Isaiah 43:18&19, Remember ye not the former things.... Behold, I will do a new thing;... Send 026077 to 4100 at N50.",legitimate,other_legit,exais,2014-08-25,auto-subtyped
e03411,Yello! Prayer is rewarding n life enhancing conversation with God. God wants us to call Him so that He can answer our prayers. Call 450122 for MTN Daily prayers,legitimate,promo_marketing,exais,2014-08-25,auto: relabelled marketing
e03413,"Ref: 448423310 24/08 21:29:15 Bonus: Dial*559*1# Amt: N1,000.00 Prev bal: N223.89 Bal: N1,223.89 Visit: <URL> From: OneCard Nigeria",legitimate,debit_alert,exais,2014-08-24,auto: relabelled bank alert
e03414,"just say amin, may Allah accept ur prayer as i wish for myself, we re still unlawful to ourselve bt may Allah make us lawful to ourselve & 4give us.i luv u.",legitimate,other_legit,exais,2014-08-24,auto-subtyped
e03415,<ACCT>. Manage it to do wat i askd u do.,legitimate,debit_alert,exais,2014-08-07,auto-subtyped
e03416,3.33E+11,legitimate,other_legit,exais,2014-08-21,auto-subtyped
e03417,"Etisalat 200,6.87E+14,6.81E+14,3.54E+14,7.96E+14, Glo 200,1.12E+14,1.12E+14",legitimate,other_legit,exais,2014-08-21,auto-subtyped
e03418,Please send me credit. Get 100% bonus when you recharge with *885*RechargePin# on SmoothTalk and Trutalk. Bonus expires daily @ 11:59pm.,legitimate,credit_alert,exais,2014-08-18,auto-subtyped
e03419,"No disease/plague shal com near ur dwelling place; Allah wil kp u frm evil @ all times. Babi, i had bn awake all alone 4 d pst 1 hour bein sorrwful of who is goin 2 b my 2nd half, pls com bk 2 me, I luv u, Hozain.",legitimate,other_legit,exais,2014-08-11,auto-subtyped
e03420,"I was on way comin bt u said u ar in class, i waited 4 ur call bt no rsponc, so am on my way 2 ijebu bye.",legitimate,other_legit,exais,2014-08-04,auto-subtyped
e03421,"I'm sorry for breaking ma promise by calling u, I only want to know y u didn't come again yesterday as u av said earlier.",legitimate,other_legit,exais,2014-08-02,auto-subtyped
e03422,Salami Afusat 00XXXXXX33Gtb,legitimate,other_legit,exais,2014-08-15,auto-subtyped
e03423,First bank acc;No: 30XXXXXX56Name: Salami AFUSAT,legitimate,other_legit,exais,2014-06-30,auto-subtyped
e03424,First bank acc;No: 30XXXXXX056Name: Salami AFUSAT,legitimate,other_legit,exais,2014-06-26,auto-subtyped
e03425,First bank acc;No: 30XXXXXX056Name: Salami AFUSATGTBank acc;No: <ACCT>Name: Salami AFUSAT,legitimate,debit_alert,exais,2014-02-13,auto-subtyped
e03426,Please call me. I Love you. Get 100% bonus when you recharge with *885*RechargePin# on SmoothTalk and Trutalk. Bonus expires daily @ 11:59pm.,legitimate,recharge,exais,2014-08-14,auto-subtyped
e03427,Aldo i dnt knw wah i did 2u but wateva t may am xowi. av missed ur presnce in ma hrt n i wnt ma fwend bak. No 1can rplace ur place in my hrt.I care n stil luv u,legitimate,other_legit,exais,2014-05-12,auto-subtyped
e03428,"I wsh u d bst of d bst tin in lif,As u step in2 anda yr of ur lif,may u plnt &rip fa4,sik &fnd,knck&wil b open un2 u,u'l nt xpir b4 u acquir ur @dsirs,HAPI BDAY,,1.12E+14,1.12E+14",legitimate,other_legit,exais,2014-05-12,auto-subtyped
e03429,Tanks. Wish u all da v.best too,legitimate,other_legit,exais,2014-04-29,auto-subtyped
e03430,"Dis exam wl mark d last semi final exam in ds degree 4u,u shal b resucitated 2greater height 2ru a divine speed n ur expectatn shal nt b cut short.SUCES dearie",legitimate,appointment,exais,2014-04-29,auto-subtyped
e03431,Gud a.m dearie....pls hlp me bring ur 501note to skul and beep me wen u are in skul.takia,legitimate,other_legit,exais,2014-04-25,auto-subtyped
e03432,don't come again. I don c key,legitimate,other_legit,exais,2014-08-13,auto-subtyped
e03433,Life is a game and true love is a trophy. Come play with me. C.a.l.l me: +<ACCT>,legitimate,debit_alert,exais,2014-08-07,auto-subtyped
e03434,"Dial *662# on ur phone & follow d options, enter for facebook plan, it cost #65 only per month.pls dnt tell any body. Den lets chat.",legitimate,promo_marketing,exais,2014-08-05,auto-subtyped
e03435,Just arvd. Tak care,legitimate,other_legit,exais,2014-08-04,auto-subtyped
e03436,Am stil waiyx to see ur sallah outluk even though u dd nt request for anythx.,legitimate,other_legit,exais,2014-07-30,auto-subtyped
e03437,"Pls 4 d sake of Allah,help me bring all your note 2morrw.I want to do d photocopy.Jo sha nu mi.I wanted to come yesterday b4,dats I called bt I wasn't my self.Olorun ko ni da oju ti e.Thanks",legitimate,other_legit,exais,2014-08-03,auto-subtyped
e03438,"Bro.... <ACCT>, <ACCT> abeg quickly credit d data 2 dis numba fasts. plz no dulling.... 1luv bro.",legitimate,debit_alert,exais,2014-07-30,auto-subtyped
e03439,May you be guided by your faith in Allah and shine in his divine blessings! Eid Mubarak.,legitimate,other_legit,exais,2014-07-29,auto-subtyped
e03440,"As the holy month of Ramadan ends, may Allah bless you with happiness and grace your home with warmth and peace.",legitimate,other_legit,exais,2014-07-24,auto-subtyped
e03441,"Recite Quran for blessings and recite your prayers, the Merciful will give you more than your heart desires.",legitimate,other_legit,exais,2014-07-24,auto-subtyped
e03442,Salami Afusat070XXXXXX60,legitimate,other_legit,exais,2014-07-12,auto-subtyped
e03443,<ACCT>(400)<ACCT>(100)Phone number: 070XXXXXX860,legitimate,debit_alert,exais,2014-07-04,auto-subtyped
e03444,"Good morning, been scared of what? Don't you respect people's felling, am a free, because I've off-load the heavy load of felling from my heart, so if you have anything to discuss, be free to discuss wit me. Still always by your side my angel.",legitimate,other_legit,exais,2014-07-08,auto-subtyped
e03445,I'm now bin scared to open up and to talk to u even wen I av tins to talk about. Anyway hope u r good?,legitimate,other_legit,exais,2014-07-08,auto-subtyped
e03446,I'm in class,legitimate,other_legit,exais,2014-02-06,auto-subtyped
e03447,(<ACCT>). (<ACCT>). (<ACCT>) Each is MTN #750,legitimate,debit_alert,exais,2014-02-06,auto-subtyped
e03448,Patience keeps hope alive. Hope keeps faith alive and Faith keeps you alive.PatienceHopeFaith These three virtues moves you from your experience to,legitimate,other_legit,exais,2013-11-05,auto-subtyped
e03449,"Am sorry for not picking ur calls, you never offended me in anyway, and even if you do, I can't be angry wit u. I must confess, am addicted to you. Love",legitimate,other_legit,exais,2013-11-01,auto-subtyped
e03450,"Gud morning Sir, tanx for the other day. I really appreciate it. Hw is work family sir? Ma regards to dem. Tank youuu",legitimate,other_legit,exais,2014-07-08,auto-subtyped
e03451,#400=(<ACCT>) #200=<ACCT>#200=<ACCT>#200=<ACCT>,legitimate,debit_alert,exais,2014-07-04,auto-subtyped
e03452,"Dear Client, Thank you for subscribing to our data bundles. To check your balance text SHAREBALANCE to 131. For updates/promos Visit <URL>",legitimate,promo_marketing,exais,2014-07-04,auto: relabelled marketing
e03453,"Gud morning sir, tanx 4yestaday.I appreciate it sir. I tried calling u yesterday wen I got back in2 d school premise.pls sir I'll like 2 knw wen u r available.",legitimate,other_legit,exais,2014-06-27,auto-subtyped
e03454,May evrytin Hapi&Brit B urs on ur day Frm morning Til 9t&den.2ru d Year.May d same Tin hold True so dt each Day is Filed wit Life's Bst Tin 4u!Hapi Bday.Aphsoh,legitimate,other_legit,exais,2014-05-28,auto-subtyped
e03455,"It is a grt joy to witnes anoda yr in ur life today i pray dat watever u desire 4rm God wil b granted unto u, good health sha b ur potion, u sha b great, sucess in ur academics, ur family sha bles & songs of joy sha flow 4rm mouth til d end of dis year. Hapi Birthday to u LLNP",legitimate,other_legit,exais,2014-02-02,auto-subtyped
e03456,081XXXXX256,legitimate,other_legit,exais,2014-05-18,auto-subtyped
e03457,"As u step in2 anoda yr of ur lif,may u plnt &rip fa4,sik &fnd,knck&wil b open un2 u,u'l nt xpir b4 u acquir ur @dsirs,HAPI BDAY,I wsh u many mor yrs in gd hlth",legitimate,other_legit,exais,2014-05-07,auto-subtyped
e03458,May Everything Happy And Everything Bright Be Yours On Your Birthday From Morning Till Night. And Then Through The Year May The Same Thing Hold True So That Each Day Is Filled With Life’s Best Things For You!HAPI B'DAY,legitimate,other_legit,exais,2014-02-02,auto-subtyped
e03459,Salami Afusat 00XXXXXX33,legitimate,other_legit,exais,2014-05-05,auto-subtyped
e03460,"Cisse gud morning, pls help me with card any amount, ma exam stating on Monday, and no money on me. Baba Hassan no gri send anything. Afusat",legitimate,appointment,exais,2014-04-24,auto-subtyped
e03461,Salami Afusat Gtbank no: 00XXXXXX33,legitimate,other_legit,exais,2014-02-21,auto-subtyped
e03462,At ikorodu plz help me baba,legitimate,other_legit,exais,2013-12-27,auto-subtyped
e03463,"Av2nun hw is work, baba said u shoul give me 1000 n help me greet br ismail very well",legitimate,other_legit,exais,2013-12-08,auto-subtyped
e03464,"D ultimat mesur of a man s nt whr he stnds in momnts of cm4t,bt whr he stnds @tyms of chaleng.Stnd up nw&join d tim of chmpion in ur exm,u shl excel BY HIS GRCE",legitimate,other_legit,exais,2014-04-29,auto-subtyped
e03465,"I wish you heaven's best as u start ur exams today, favour,grace n mercy will be sufficient for yu. Your labour will be highly favoured.see yu at d top.",legitimate,other_legit,exais,2014-04-29,auto-subtyped
e03466,"D Lord is d effort crowner,may he crown ur effort 2 yield a greater success as u ar writin ur exams dis semester,u wil be d head,i wish u d best in ur exams!",legitimate,other_legit,exais,2014-04-28,auto-subtyped
e03467,"Hapi bday sis, wullnp.many more years in gud health, wealth nd sound mind BY HIS GRACE. AMIN. Enjoy ur day",legitimate,promo_marketing,exais,2014-04-21,auto-subtyped
e03468,"Tanx, I wish u all the best u desire. Dis mnt shall b a month of fulfillment and happiness for everyone of us by HIS GRACE",legitimate,other_legit,exais,2014-04-01,auto-subtyped
e03469,"Happy new month,wishing you the best this month has to offer.pray that this month brings favour and joy to you.have a wonderful month.",legitimate,promo_marketing,exais,2014-04-01,auto-subtyped
e03470,"Dear SALAMI, school fee Ref: FUN/FEE/RSG/201314/1/76543 Bank: GTBANK Date: 10/03/14 14:14:19 Amt:15,850.00. Go online to complete your course registration and print receipt.",legitimate,other_legit,exais,2014-03-10,auto-subtyped
e03471,"As u step in2 anoda year of ur life may u plant & reap favor,dig & find water,evry door u knock wil b open unto u,u'l nt xpire b4 u acquire ur @desires,HAPI B'DAY sir,I wsh u many more years in gud health INSHA ALLAH,AMIN",legitimate,other_legit,exais,2014-03-03,auto-subtyped
e03472,Many thanks,legitimate,other_legit,exais,2014-02-19,auto-subtyped
e03473,"Gudmawni, hw was nite Salami Azeez O. GTB 01XXXXXX68",legitimate,other_legit,exais,2014-02-17,auto-subtyped
e03474,"Asalam alaykum sir. I appreciate u.I don't know Hw to tank u enof buh I know Almighty Allah will help me tank u. He'l surprise u beyond ur expectations,He'l lift u up abov ur enemies,u shall av d course to say ALHAMDULILAH always Insha Allah. I say Jaza kum llahu khairan. Tanks",legitimate,other_legit,exais,2014-02-08,auto-subtyped
e03475,"Hapi bday sis, wullnp.many more years in gud health, wealth nd sound mind in sha Allah..roshidat",legitimate,other_legit,exais,2014-02-02,auto-subtyped
e03476,"The unforgetable day in my life is d date of ur birthday,ur memories will forever linger in my heart, HAPPY BIRTHDAY 2 U.",legitimate,other_legit,exais,2014-02-02,auto-subtyped
e03477,"Wishing u not just a smile but laught,nt just hapines bt joy,nt just riches bt wealth nd most of all luv nd peace of mind.HAPI BIRTHDAY.",legitimate,other_legit,exais,2014-01-02,auto-subtyped
e03478,"When you're lonely,i wish you luv!When you're down,I wish you joy!When you're troubled,I wish you peace!When things seem empty,i wish you hope! HAPPY BORNDAY 2 U",legitimate,other_legit,exais,2014-02-02,auto-subtyped
e03479,"May d yr 2014 brngs joy, appiness, mercy, prosperity 2 our lif, nd as our country nigeria is celebratin 100 yrs in 2014 let ur blesin upon our lif b ova 100's U shal arise nd shine. appy nw year.",legitimate,other_legit,exais,2014-01-01,auto-subtyped
e03480,"We wish 2 say a BIG thk u 4 patnering with us over d past yrs...also,in anticipation of ur continued support and patronage ds New yr.Wishing U every Success!!",legitimate,other_legit,exais,2014-01-01,auto-subtyped
e03481,"As the new year blossoms, may the journey of your life be fragrant with new opportunities, your days be bright with new hopes and your heart be happy with love! Happy New Year!",legitimate,other_legit,exais,2013-12-31,auto-subtyped
e03482,"AS 2013 IS GOING 2 D END, U MAY NOT END WITH IT.2014 D BEGINING OF NEW LIFE, BLESSING, MERCIES, FAVOUR AND TOTAL BREAKTHROUGH 4 U.MERRY XMAS AND HAPPY NEW YEAR IN ADVANCE.",legitimate,other_legit,exais,2013-12-30,auto-subtyped
e03483,I luv u,legitimate,other_legit,exais,2013-12-14,auto-subtyped
e03484,Kindnez is a sign of man.D most xclent act iz 2gladen d @ of doz dear 2us.We seek Allah in His infinite mercy 2blez uz wif a kind @...Stay blezd & Jum@ karim!!!,legitimate,other_legit,exais,2012-11-23,auto-subtyped
e03485,"May u b stolen by peacful slp,kidnap by swt drmz,just 2wakup 2maow mawin n fnd ur h@ fild by joy n apynez... Swt drmz n grt skulin wk ahead!",legitimate,other_legit,exais,2012-11-18,auto-subtyped
e03486,Finkn of a luvly 9te lyk diz wen i wl walk u down wif ur handz in mine 2a beautiful gardern just 2ask ow did ur day went?... Hopn u ar gud? Splndid 9te rest...,legitimate,other_legit,exais,2012-11-12,auto-subtyped
e03487,"It's time 2 put dat adorable head of urs on ur pillor, close dose lovely eyes,wipe dat mischievous smile off ur cute face,give dat body a rest.sweet dream.",legitimate,other_legit,exais,2011-12-14,auto-subtyped
e03488,"All mornin r lyk paintin,u nid a lil inspiratn 2 get u goin,a lil smile 2 brighten it,n a msg 4rm a frnd 2 color ur day.So get up guy,join d train of CHAMPIONS.",legitimate,other_legit,exais,2011-01-20,auto-subtyped
e03489,Ramadhan has come and gone may Allah accept our fast and continue to instill the virtues of the blessed mth in us.Amin Happy id el fitri celebration,legitimate,other_legit,exais,2010-09-10,auto-subtyped
e03490,"Wen u clos ur eyz...u c somtin difrent, u can feel somtin difrent & u can achiev somtin difrent...Close ur eyz & achiev SuCcesS! Barka Lahu fi in ur exams.",legitimate,other_legit,exais,2010-06-28,auto-subtyped
e03491,Your call to 081XXXXXX72 for 54 secs cost NGN 10.80. Your balance is NGN 5.72.Dial *0805*25# for Jolof bundle of 2 onnet+1 offnet Min+3 Onnet SMS for N25 only,legitimate,promo_marketing,exais,2014-08-28,auto: relabelled marketing
e03492,"Baby, where u ryt now.i am stil in school",legitimate,other_legit,exais,2014-08-28,auto-subtyped
e03493,A special smile: a special faceMy special M.J i cant replace...,legitimate,other_legit,exais,2014-08-27,auto-subtyped
e03494,"Sup cutest,i saw ur missed call very late @night ma binu for not pickg up. U get paper 2dai, ryt? jes lyk me too.4m d bottom of ma hrt, i wish u d best",legitimate,other_legit,exais,2014-08-26,auto-subtyped
e03495,"i wanna tak my bath and giv an hints relatin to tomorrow's paper to my colleagues @ school.its lyk am even late alredy, ...cal u later",legitimate,other_legit,exais,2014-08-25,auto-subtyped
e03496,"Never say goodbye to someone who loves you,Never say thanks to who realy needs you,Neva blame a person who realy trusts you,Neva forget that guy who thinks of you as life.best of luck in your endeavours,and do av a splendid day prinxess",legitimate,other_legit,exais,2014-08-25,auto-subtyped
e03497,"...i'll call you around 9post meridian tonight,stay tuned",legitimate,other_legit,exais,2014-08-23,auto-subtyped
e03498,"Tak a very gud kia of ursef,remi cares",legitimate,other_legit,exais,2014-08-22,auto-subtyped
e03499,"It is more than pen+brain,it is knowledge.It is more than read+pass,it is understanding.It is more than cram+pour,it is retentive memory.i wish u d gifts of knowledge,understanding,wisdom and luck throughout ur exam period.Go and excel,M.J my lil cinderella",legitimate,appointment,exais,2014-08-21,auto-subtyped
e03500,"i kno sey even if na crawl u dey crawl all d way 4m ijebu,u go don land 4 abk.buh u dnt wanna cal cuz of ma packages that ar stil in ur possession...lolz.op u ad a 9ice trip,Princess?",legitimate,other_legit,exais,2014-08-17,auto-subtyped
e03501,"i dunno ma credit iz abt 2b exhausted.wot i av left on ma phone iznt up to #20 agan n thats y i cudnt 're-call'.i'll surely dream of M.J,d most sumptuos starlet on ds planet n its nt bad if u alxo mak me awake in ur dream too.slip tyt",legitimate,credit_alert,exais,2014-08-15,auto-subtyped
e03502,yeye guy....tnks xo much n top of d morning to u.M.J,legitimate,other_legit,exais,2014-08-15,auto-subtyped
e03503,"Mrs Cold-catcher,i just wanna say hi and know you are doing great.today's weather report says that ogun state shares 26deg celsius,so take hot tea this morning and hold on tight to your cardigan.Remi cares",legitimate,other_legit,exais,2014-08-15,auto-subtyped
e03504,"Dear Valued Subscriber, recharge N800 within next 3 days and get 50% bonus talktime Glo to Glo, Glo Unlimited",legitimate,promo_marketing,exais,2014-08-27,auto: relabelled marketing
e03505,9.25E+14,legitimate,other_legit,exais,2014-08-26,auto-subtyped
e03506,<ACCT>. ukulu jane. gtb,legitimate,debit_alert,exais,2014-07-31,auto-subtyped
e03507,Open the eyes of ur heart and see how lovely the love that i share with u. All of me love all of u.,legitimate,other_legit,exais,2014-07-12,auto-subtyped
e03508,You mean a lot to me Angel. I can't hide my feeling for loving u.,legitimate,other_legit,exais,2014-07-12,auto-subtyped
e03509,You mean a lot to me Angel. I can hide my feeling for loving u.,legitimate,other_legit,exais,2014-07-12,auto-subtyped
e03511,00XXXXXX4 obeka adakole christian gtbank,legitimate,other_legit,exais,2014-07-10,auto-subtyped
e03512,If the sun refuses to shine the rain wont fall; and the northern stars wil remain constant like my love for u. love u with my whole heart. each moment without u always seems like eternity,legitimate,other_legit,exais,2014-07-07,auto-subtyped
e03514,"Beloved, as u continue dis exams, b of gud courage bcos God will help U! Neither b afraid 4 thy end shal b Glorious & Beta dan ur beginning. Haggai 2:9. SHALOM",legitimate,other_legit,exais,2014-08-25,auto-subtyped
e03515,Thanks alot for today. God bless u much,legitimate,other_legit,exais,2014-08-24,auto-subtyped
e03516,"Welcom2Sept.,d mont 2 b rememberd4gud!even as u go 4th in dz mont, relent nt in prayas,neither fear, 4 he is wit u[EMMANUEL]Word aglow-Ps16vs8.HNMWe r 1",legitimate,other_legit,exais,2014-08-24,auto-subtyped
e03517,Gdevnin blvd.Subzon servic coms up 2moro @MAPOLY.We r 2 converge @TAC Camp ass.by 7:00am wit a token of #200PLS NOTE:der wil b no a€¿AFRICAN TIMEa€¿!we ar 1,legitimate,other_legit,exais,2014-08-09,auto-subtyped
e03518,An ordnary stone in David's hand had an xtra-ordnay efect on Goliath.May d ordnary tinz u do hens4th result 2 an extra-ordnary brk2rus.Success in ur xams,legitimate,other_legit,exais,2014-08-24,auto-subtyped
e03519,"GOOD SUCCESS is d reward of hard work. Forget d past, study hard & rely on God 4 d best. My prayers are wit u all through d exams. Happy New Month.'Seyi ADEBOTE",legitimate,other_legit,exais,2014-08-24,auto-subtyped
e03520,"Beloved, I earnestly wish above all things that thou mayest prosper in ur forthcoming exams. My best wishes with you as u prepare. Success Ahead! 'Seyi ADEBOTE.",legitimate,other_legit,exais,2014-08-19,auto-subtyped
e03521,As u prep for dis xam may doors of wisdom undastndin knwldg gwd health n sound mind b opend unto u. Fear not 4 d Lord ll gv u gr8 sucess... Lov u! Olu~vickey,legitimate,other_legit,exais,2014-08-18,auto-subtyped
e03522,He is beside me nio,legitimate,other_legit,exais,2014-08-18,auto-subtyped
e03523,"Blvd, all glory 2 God 4 d success of d snt4t, we wud b having a mting dis Saturday by 5pm in camp ass 2 conclude plans on Dinar/yrbook ur presence is important",legitimate,other_legit,exais,2014-08-13,auto-subtyped
e03524,"Guday, hw av u bn? As a plan 2 actualize our preptn 2wards d FYB Snt4t, we wud b Avin an ovanyte mtin 2moro wed by 10pm at camp ass. Ur presence is Importnt.",legitimate,other_legit,exais,2014-08-05,auto-subtyped
e03525,"Gudday blvd, as d day forges ahead, a season approaches, in harness expectatn of FYB snd4t, we wud b mtin at camp ass 2day by 6pm, don't b left out. Luv You.",legitimate,other_legit,exais,2014-07-30,auto-subtyped
e03526,"Gudday blvd, & hw av u bn, pls b in4md dat as a plan 2 actualize our preptn 2wards d FYB Snt4t, we wud b Avin our mtin 2moro fri by 5pm at camp ass.Luv u",legitimate,other_legit,exais,2014-07-10,auto-subtyped
e03527,BRING UR FLASH TO SCHOOL TOMOROW. DR ODULATE,legitimate,other_legit,exais,2014-08-12,auto-subtyped
e03528,"WE SELL cheap MTN data 4 all ur devices & gadgets..250MB-#400500MB-#750750MB-#10001GB-#120Its nt a cheat,Contact MyT enterprise <PHONE>,<ACCT>",legitimate,debit_alert,exais,2014-08-10,auto-subtyped
e03529,"check out the latest laptops Softwares & games from our office. @no2 camp alabata road Funaab, beside brightcafe Funaab Ogun state. MyT ENTERPRISE",legitimate,other_legit,exais,2014-08-07,auto-subtyped
e03530,"vikky I cnt just express my feelins,d news is seriously shockin me till now,pls I nid u to b v.strong,God undastnds al dat z apnin.dearie pls stay strong again,n pls encouhmminrage mum too,God wl alwas b wf u I bliv dat.i wl check on u wen am bak todai....Luv u(tears!!!)",legitimate,other_legit,exais,2014-08-10,auto-subtyped
e03531,2.65E+14,legitimate,other_legit,exais,2014-08-07,auto-subtyped
e03532,"As d nw mont blosoms, may your jorney of life b fragrant with new oportunities, ur days b bright wit nw hopes and ur hrt b hapy wit luv HAPPY NEW MONTH.",legitimate,other_legit,exais,2014-08-01,auto-subtyped
e03533,"diwo ma sis,pls I really nid ur hlp financially.I dnt av any kobo on me nt even cash to buy kerosene to cuk.pls just hlp me wt any amt even if it is #500. my system is also givin me problems,I cnt do anything on ma project n am ask to brng ma chapter 1 to 3.am xo discouraged here. Tnks",legitimate,other_legit,exais,2014-07-31,auto-subtyped
e03534,Gudam&hw r u feelin nw?Pls take gud care of urself.sori i didnt call 2 ask last nite.wish u a quick recovery&a splendid day.,legitimate,other_legit,exais,2014-07-22,auto-subtyped
e03535,Jane am doomed baba return 507;509.ayemi ti baje jane!!!,legitimate,other_legit,exais,2014-07-15,auto-subtyped
e03536,"Attend 5 HOURS WITH GOD on Sat 12/07/2014, 7am-12noon. Theme FROM GLORY TO GLORY. Ministering: Psts Adenle, Olowookere, Elusie & Folorunso",legitimate,other_legit,exais,2014-07-10,auto-subtyped
e03537,This is 2 inform u that there wld b a female football training on tuesday @sport centre by 3pm in oda 2 grow our team 2wards inter-collegiate. COLERMSA SPORT,legitimate,other_legit,exais,2014-07-06,auto-subtyped
e03538,"Gud eveni sir, d prayer point i gave u during excos retreat,u will take it tomorrow sir during excos prayer",legitimate,other_legit,exais,2016-02-21,auto-subtyped
e03539,As God adds another year to your years may God increase you on all sides and may you live a fruitful and fulfilled life. HBD sir,legitimate,other_legit,exais,2016-02-19,auto-subtyped
e03540,"Gud evng ma, u r to follow Adeoye (08XXXXXXX81) up nd giv report concerning him. Tnx nd God bless.",legitimate,other_legit,exais,2016-02-18,auto-subtyped
e03541,"Gud day sir,u will anchor intercessory prayer tomorrow",legitimate,other_legit,exais,2016-02-13,auto-subtyped
e03542,"Its true dat u r prayerful.Thank God for ur life, but you also need to be infused with mighty power in your inner man by God's spirit.that is wat we do wen we come together to pray,we strenghten ourselves tru prayers.prayer unit meeting is 6p.m today@MCF,gate.abk.be punctual",legitimate,other_legit,exais,2016-02-12,auto-subtyped
e03543,caleb08XXXXXX00 bukunmi081XXXXXXX00 adeoye 081XXXXXX81 tosin07XXXXXX98 feranmi08XXXXX20 olayinka08XXXXXX22 Olasupo08XXXXXX27 Modupe08XXXXXXX61,legitimate,other_legit,exais,2016-02-20,auto-subtyped
e03544,"Gud evng ma, u r to follow Olayinka (08XXXXXXX22) up nd giv report concerning him. Tnx nd God bless.",legitimate,other_legit,exais,2016-02-18,auto-subtyped
e03545,"Today..in less than 2 hours,campus leaders from all over gathers for a summit..KINGDOM ROUNDTABLE..prepare 2 b part of it|8am sharp@the Eden,Metro,Camp.b der",legitimate,other_legit,exais,2016-02-20,auto-subtyped
e03546,"dear leader..prepare 2 attend ds prophetic edition of KINGDOM ROUNDTABLE.ds Sat|8am@the Eden,metro garden,camp.wen leadas get it ryt.our generatn wil get it ryt",legitimate,other_legit,exais,2016-02-18,auto-subtyped
e03547,"gud pm omo olojo ibi oni,pls can we see tomorrow evening?",legitimate,other_legit,exais,2016-02-19,auto-subtyped
e03548,"hapi birthday in advance,may d lord increase u in every ramification,may u live to fulfill destiny,more of it in good health and wealth.",legitimate,other_legit,exais,2016-02-18,auto-subtyped
e03550,GLOFT GameloftOrder P7JH96GB3PFB8MKQR8F1HSE6MVVGEGJ4T1TF9KCA70S624PP8HV53EE7RC======,legitimate,promo_marketing,exais,2016-02-19,auto: relabelled marketing
e03551,D typ of ur previous laptop dey. 40k hoc,legitimate,other_legit,exais,2016-02-19,auto-subtyped
e03552,"The Lord will bless u indeed and make all things easy at dis time for u, God's divine favour will speak for u... Happy Birthday love....",legitimate,other_legit,exais,2016-02-19,auto-subtyped
e03553,"Acct: ******1594Amt: NGN31,000.00 DrDesc: FASTTRACK CASH WDL-PINPAD-30630742-906/7871 CASH WITHDRAWAL BY ODULUSI, GBENGA PETERAvail Bal: NGN154.23",legitimate,debit_alert,exais,2016-02-19,auto-subtyped
e03554,"Dear Odulusi, Gbenga Peter we realize how important today is to you. Birthdays come once in a year, so we celebrate you today. Happy birthday, and have an amazing year.",legitimate,other_legit,exais,2016-02-19,auto-subtyped
e03555,"Acct: ******1594Amt: NGN150.00 CrDesc: TRANSFER BETWEEN CUSTOMERS-USSD GTBank Transfer from : <PHONE> from AKANBI JOSHUA OLALEKAN to ODULUSI, GB",legitimate,debit_alert,exais,2016-02-18,auto-subtyped
e03556,"Its a grt day indeed dat ppl wil cme 2geda2wish u wel,2pt smile on ur face by toastin 2u many mre years, nd sharing ur joy on thz special day dat makes ur worldgreat. Happy birthday.long life n prosperity.God bless u",legitimate,other_legit,exais,2016-02-19,auto-subtyped
e03558,"Healthwise, in finances,in career, as a person, a covenant friend & evri personalty u represent, may God enlarge ur coast & make ur successes limitless. HBD bro",legitimate,other_legit,exais,2016-02-19,auto-subtyped
e03559,"Happy birthday bro, May the good Lord bless you, He will enlarge your coast, make your enemies ur footstool, you shall dominate, ur generatn will be blessed 2ru you. You are a success manifesting in ur family, LLNP bro. Thank God i no forget",legitimate,other_legit,exais,2016-02-19,auto-subtyped
e03560,This is 2 inform us that there wil b an emergency sitting 2moro 20th feb 2016 @ d congress hall sub by 10am. Clerk,legitimate,other_legit,exais,2016-02-19,auto-subtyped
e03561,"Dis is 2 inform us dat our inaugural sitting 4 d 2015/2016 legislative yr is cumin up on d 17th feb,2016 @ coleng auditorium by 1pm. Be punctual pls",legitimate,other_legit,exais,2016-02-15,auto-subtyped
e03562,"There are three things life brings us: tears, smiles and memories. Tears gets wipe away. A smile fades away. But memories last a lifetime. With d little memories we've shared, I've discovered DAT ur presence on earth is surely 4 a reason. Therefore, am so happy 2 witness ur day. I pray DAT God almighty will continue to keep and protect u @ all tyms. Happy birthday dear! Wish dat all ur hrt desires cum true... LLNP! *Sukiyo*",legitimate,other_legit,exais,2016-02-19,auto-subtyped
e03563,I wanna use dis medium 2 tel u DAT u mean a lot 2 me. I love u ...Hapi Valentine's day,legitimate,other_legit,exais,2016-02-14,auto-subtyped
e03565,"Make calls to EVERYONE in Nigeria @ 11k/s & @ 20k/s to US, UK landlines, India, Canada & China. Dial *100*6*1# to enjoy. N5 daily fee applies on 1st call only",legitimate,promo_marketing,exais,2016-02-16,auto: relabelled marketing
e03566,"BEST DATA OFFER from Glo! Get 4.5GB of internet for just N2500 valid for 30 days. Chat, Surf, Stream & much more ! Dial *777# & start fun on Internet",legitimate,promo_marketing,exais,2016-02-15,auto: relabelled marketing
e03567,"As you add anoda year, may u search God n find Him, u'll be lifted above ur imagination, may u manifest & operate in unending glory. Happy Birthday. LLNP.",legitimate,other_legit,exais,2016-02-19,auto-subtyped
e03568,Gudmornin 2u oh comrade of d Cross. Ao was our night? trust it was revealing? It is well.=>Sorry 4 dis short notice.But i bliv u wl undastnd.=>Dea is goin 2b a prayer metin on Saturday 4 All d evang.sec and dea Asst.Time:-10am. 20/02/2016Venue:- BSF <EMAIL>! 4rm: ICJCF EVANG.UNIT,legitimate,other_legit,exais,2016-02-19,auto-subtyped
e03569,"Dear MR ODULUSI, we wish you a world filled with joy & laughter. Happy Birthday, from all of us at Leadway Pensure PFA! (TEL:01xxxxxx00)",legitimate,other_legit,exais,2016-02-19,auto-subtyped
e03570,This is a home line 01XXXXXX94,legitimate,other_legit,exais,2016-02-18,auto-subtyped
e03571,Please call me. Strengthen your faith as you fast with Amen Praise. Text 026077 to 4100 as your callertune at N50/Month.,legitimate,other_legit,exais,2016-02-18,auto-subtyped
e03572,"Gud evng ma, u r to follow Olasupo (08XXXXXX27) up nd giv report concerning him. Tnx nd God bless.",legitimate,other_legit,exais,2016-02-18,auto-subtyped
e03573,"Gud evng ma, u r to follow Feranmi (08XXXXXXX20) up nd giv report concerning her. Tnx nd God bless.",legitimate,other_legit,exais,2016-02-18,auto-subtyped
e03574,"Gud evng ma, u r to follow Tosin (07XXXXXX98) up nd giv report concerning her. Tnx nd God bless.",legitimate,other_legit,exais,2016-02-18,auto-subtyped
e03575,"Gud evng ma, u r to follow Bukunmi (08XXXXXXX00) up nd giv report concerning her. Tnx nd God bless.",legitimate,other_legit,exais,2016-02-18,auto-subtyped
e03576,"Plz, help me to coordinate d meeting......I wil join u by 4pm ma. Tnx",legitimate,other_legit,exais,2016-02-17,auto-subtyped
e03577,"Gud afternoon ma, I wil nt b able 2b @bible study preview diz evnin. I hv an emergency meeting dat I hv to attend by 6pm. Say me I to d house nd God bless",legitimate,other_legit,exais,2016-02-09,auto-subtyped
e03578,Gud pm. Aw has ur day been? Dis is to remind u of d bible study preview wc will take place tomorrow on our land. D time is 6:00pm. Pls let's b punctual. Shalom,legitimate,other_legit,exais,2016-02-08,auto-subtyped
e03579,08xxxxxx96...ZHORD,legitimate,other_legit,exais,2016-02-18,auto-subtyped
e03580,"Gud day Blvd, d reunion program 4 d fellwshp holds this Sat, 20 Feb. 11pm & Sun, 21 Feb. @ 8pm. Stay blessed.",legitimate,other_legit,exais,2016-02-18,auto-subtyped
e03581,"Dear sir/ma, diz z to notify u dt we r to wait immediately after bible study today. May God honour u as u make urself available today!",legitimate,other_legit,exais,2016-02-17,auto-subtyped
e03582,Ikede Pataki!!! Eyi ni lati ran gbogbo awa omo egbe dirama leti wipe ipade wa ni dede ago kan osan oni fun igbaradi lati ye awon akeko ti ile-mawuko si ni ola,legitimate,other_legit,exais,2016-02-13,auto-subtyped
e03583,"Yes!!! Anoda gr8 opotunity has cum 2wrk in His vineyard. We r 2prayafuli prepare 4a ministratn dt goes inline wit""D VESSEL OF LIGHT""as we luk forward 2welcum dose in mawuko on sunday(feb14). PLZ, endavour 2wait on God nd receive sumtn new cncerng d topic. Time&venu to rehaz ""dz sat by 1pm @felwshp"" Gud 9t",legitimate,other_legit,exais,2016-02-11,auto-subtyped
e03584,Ungrateful bitch,legitimate,other_legit,exais,2016-02-16,auto-subtyped
e03587,Gud evenin fellow Hons.....dis is 2 inform u dat SRA inaugural sitting is cumin up on wed. 17/02/15 by 1pm @COLENG AUD......plz b punctual,legitimate,other_legit,exais,2016-02-15,auto-subtyped
e03588,CONGRATS ! Your 200% BONUS account credited with N75.00 valid till 22/02/2016.To check bonus dial #122*2#.,legitimate,promo_marketing,exais,2016-02-15,auto: relabelled marketing
e03590,"beloved..D pathway 2 kingdom effectiveness is UNITY..prepare 2 attend KINGDOM ROUNTABLE.feb 20..8am@the eden,metro garden,camp.its a breakfast meeting..b there.",legitimate,other_legit,exais,2016-02-14,auto-subtyped
e03591,"Dear Customer,Your N200 plan has expired. Please buy a plan by Dialing *777# or <URL> or send PAYU to 127 to use data @ N51.2/MB.",legitimate,promo_marketing,exais,2016-02-13,auto: relabelled marketing
e03592,She said she has sent d form just now dat u shud PLEASE fill it b4 2moro morning. Tnx a lot sir,legitimate,other_legit,exais,2016-02-11,auto-subtyped
e03593,"Gud aftanu sir, she said dt d mistake dt was made by Mr. Lawal in my logbook wil affect my mark.Plz, help me to put Gud recommendation in d form to meet up sir",legitimate,other_legit,exais,2016-02-11,auto-subtyped
e03594,"Gud morng, hope u had a splndid 9t rest? Diz z a vital info dat we shud all ""PLEASE"" adhere to. We r 2wait 4a brief meetin immediately afta bible study 2day.Tnx",legitimate,other_legit,exais,2016-02-10,auto-subtyped
e03595,"Odulusi Gbenga Peter, Matric no:2012/2685, I did my IT @dotsict, Supervisor name: Mr Durosinmi Kunle, e-mail:<EMAIL>",legitimate,other_legit,exais,2016-02-08,auto-subtyped
e03597,"Gud morng sir, am presently @hospital....I was called dat my sister was rushed down to hospital..... I tot I wud leave der early...I wil explain beta wen I cum",legitimate,other_legit,exais,2016-02-07,auto-subtyped
e03599,"CONGRATULATIONS! JUST RECHARGE TODAY AND TALK FOR FREE! DEAR <ACCT>, YOU'VE JUST BEEN SELECTED TO GET INSTANTLY 100% FREE CREDIT! RECHARGE NOW!",legitimate,debit_alert,exais,2014-09-03,auto-subtyped
e03600,"Airtel Service just got closer as our mobile service bus will be at Ilaro-28th Aug, Ijebuode-29th Aug & Abeokuta-30th Aug. Get ur Andriod bundles and awoof recharge with plenty giveaways!",legitimate,recharge,exais,2014-08-27,auto-subtyped
e03601,Enjoy 80MB BB bundle today. Call 14165 for FREE to get yours Now,legitimate,promo_marketing,exais,2014-07-09,auto-subtyped
e03602,Great News! Enjoy N60 AIRTIME this WEEKEND! Call 14127 to get yours Now!,legitimate,recharge,exais,2014-07-04,auto-subtyped
e03603,"Enjoy our Top Naija Caller tunes today, Dial 1418 now to get started!",legitimate,promo_marketing,exais,2014-07-02,auto-subtyped
e03604,"Dear Customer,Do you know you can back-up your phone contacts & other data for free?Simply send 'mybackup' to 522 for more details.Thank you for choosing Airtel",legitimate,other_legit,exais,2014-06-23,auto-subtyped
e03606,Get your callers listening to Shoki by Orezi on Etisalat Easytunez. Text 82158 to 251 for Shoki or text NEW to 251 for a list of tunes. N50/tune,legitimate,promo_marketing,exais,2014-08-28,auto: relabelled marketing
e03608,Dear Customer you recharged 500.00 naira and you have been rewarded with 500.00 naira for national calls.,legitimate,other_legit,exais,2014-09-04,auto-subtyped
e03609,"5 MB free data valid till 2014-09-11,you have 10 MB free data valid till 2014-09-11,Thank you.",legitimate,other_legit,exais,2014-09-04,auto-subtyped
e03610,"Dear Customer,you have 2 free SMS to etisalat numbers.",legitimate,other_legit,exais,2014-09-04,auto-subtyped
e03611,Your main data balance as at 2014-08-19 9:17 is 148 MB valid till 2014-09-12 01:28.Dial *229*0# to stop auto-renewal.Enjoy 100%extra data,legitimate,promo_marketing,exais,2014-08-19,auto-subtyped
e03612,between 1AM &5AM for 7days.Text ON to 229 @N100.,legitimate,other_legit,exais,2014-08-19,auto-subtyped
e03613,"Dear Customer,you have 5 free SMS to etisalat numbers. 84 seconds free airtime.",legitimate,recharge,exais,2014-08-19,auto-subtyped
e03614,"Dear Customer,you have 5 free SMS to etisalat numbers. 10 free MMS to all etisalat lines. 84 seconds free airtime.",legitimate,recharge,exais,2014-08-16,auto-subtyped
e03615,"You have used up your data.Browsing now costs 5k/KB.To buy any of the data plans,text HELP to 229 for more information.",legitimate,other_legit,exais,2014-08-13,auto-subtyped
e03616,"have 5 MB free data valid till 2014-08-19,you have 10 MB free data valid till 2014-08-19,Thank you.",legitimate,other_legit,exais,2014-08-12,auto-subtyped
e03617,"Dear Customer you recharged 1000.00 naira and you have been rewarded with 1000.00 naira for national calls.For recharging this week,you",legitimate,other_legit,exais,2014-08-12,auto-subtyped
e03618,"Dear customer,you are on the Monthly data plan.Your balance as at 2014-08-12 22:18 is 15 MB valid till 2014-08-19 00:00.Text HELP to 229 for",legitimate,recharge,exais,2014-08-12,auto-subtyped
e03619,.Enjoy 100%extra data between 1AM &5AM for 7days.Text ON to 229 @N100.,legitimate,promo_marketing,exais,2014-08-12,auto-subtyped
e03620,more information.Your main data balance as at 2014-08-12 22:18 is 269 MB valid till 2014-09-12 10:14.Dial *229*0# to stop auto-renewal,legitimate,promo_marketing,exais,2014-08-12,auto-subtyped
e03621,"Dear Customer,you have 3 free SMS to etisalat numbers.",legitimate,other_legit,exais,2014-08-12,auto-subtyped
e03622,"Dear Customer,you have 3 free SMS to etisalat numbers. 43 seconds free airtime.",legitimate,recharge,exais,2014-07-26,auto-subtyped
e03623,"Dear customer,you are on the Monthly data plan.Your balance as at 2014-07-20 14:38 is 15 MB valid till 2014-07-26 00:00.Text HELP to 229 for",legitimate,recharge,exais,2014-07-20,auto-subtyped
e03624,more information.Your main data balance as at 2014-07-20 14:38 is 260 MB valid till 2014-08-19 10:04.Dial *229*0# to stop auto-renewal,legitimate,promo_marketing,exais,2014-07-20,auto-subtyped
e03625,U can call me now pls...ad 2 pick mum's call.I'm sorry,legitimate,other_legit,exais,2014-09-03,auto-subtyped
e03626,Where u dey na,legitimate,other_legit,exais,2014-08-20,auto-subtyped
e03627,Pls call me,legitimate,other_legit,exais,2014-08-20,auto-subtyped
e03628,I'm coming n d next 30min...reply if it is OK by uu,legitimate,other_legit,exais,2014-08-15,auto-subtyped
e03639,"EPL Wk 3 Burn v Manu,Manc v Stoke,Eve v Che,Lies v Ars.Get club news & goal alerts as it happens.Text club name to 38747.Service will auto-renew N100/5days",legitimate,promo_marketing,exais,2014-08-26,auto: relabelled marketing
e03640,Straight from cupid himself. Get 3 days FREE daily relationship health tips that would keep you both falling in love over and over with each other. Subscribe by sending RH to 4949,legitimate,promo_marketing,exais,2014-08-26,auto-subtyped
e03641,Please call me. I love you.Download Spinlet App & enjoy the hottest songs. txt SUB to 7455,legitimate,promo_marketing,exais,2014-08-23,auto-subtyped
e03642,EPL Week 2 Get Manchester Utd news & goal alerts as it happens.Text MU to 38400 & get 5Days free.Service will auto-renew N50/5days.,legitimate,promo_marketing,exais,2014-08-23,auto: relabelled marketing
e03646,"Spanish priest with Ebola treated with experimental serum, Zmapp.For more news Text NAIJA to 38547 & get News 5Days free.Service will auto-renew N50/5days",legitimate,promo_marketing,exais,2014-08-14,auto: relabelled marketing
e03647,Rihanna Disses Drake & Chris Brown:Eminem?s a real man.For more entertainment news Text ENT to 38547 & get News 5Days free.Service will auto-renew N50/5days,legitimate,promo_marketing,exais,2014-08-14,auto: relabelled marketing
e03648,FREE FOR 5 DAYS! Get all football club's transfer news alerts as it happens in your favourite club.Text TRA to 38400. Service will auto-renew N50/7days.,legitimate,promo_marketing,exais,2014-08-14,auto: relabelled marketing
e03650,Khloe Kardashian says Lamar Didnt Care About Our Divorce.For more entertainment news Text ENT to 38547 & get News 5Days free.Service will auto-renew N50/5days,legitimate,promo_marketing,exais,2014-08-14,auto: relabelled marketing
e03651,"Colombia V Cote d'Ivoire 5PM,Uruguay V England 8PM,Japan V Greece 11PM,Text WC to and get 3 Days free,txt STOP to Opt-Out.Service will auto-renew N50/3days.",legitimate,promo_marketing,exais,2014-06-19,auto: relabelled marketing
e03652,"TGIF!!! 2 days to go till your special offer runs out. Recharge N100 Mon - Sun, get 50% bonus for calls to Airtel Nos. To check bonus, dial *123*69#.",legitimate,recharge,exais,2014-08-22,auto-subtyped
e03653,Recharge Now to get 50% extra airtime when you recharge upto N100 this week(Mon to Sun). Bonus for calls to Airtel Nos.,legitimate,recharge,exais,2014-08-20,auto-subtyped
e03654,"Recharge with N100 this week (Mon to Sun) and get 50% extra airtime to call Airtel numbers; Bonus valid for 3days. Recharge Now. To check bonus, dial *123*69#.",legitimate,recharge,exais,2014-08-18,auto-subtyped
e03655,Visits of up to 3 nights to the hospital could be paid for in part by Airtel. Dial *259# to register for Airtel Insurance and recharge with N5000 or more.,legitimate,recharge,exais,2014-08-07,auto-subtyped
e03656,Have you registered for your FREE life insurance and hospital cash today? Simply dial *259# to register. Recharge up to N5000 monthly to qualify.,legitimate,recharge,exais,2014-08-06,auto-subtyped
e03657,"Dear Customer,get 50% bonus on ALL recharge of N200 & above this week. This bonus is valid for Airtel-Airtel call for 3 days. Call 141 for more details",legitimate,recharge,exais,2014-05-06,auto-subtyped
e03658,Prevent the spread of Ebola. Try not to touch sick people & report suspected cases immediately to a health facility to help them and protect yourself,legitimate,other_legit,exais,2014-08-21,auto-subtyped
e03659,Do not ignore/hide Ebola. The best way to stop its spread and to survive it is to get medical help quickly. For more information visit <URL>,legitimate,other_legit,exais,2014-08-20,auto-subtyped
e03660,Dis is folashade.let's make it 6pm.and pls let's meet at d front of d library cos Ill b waiting 4 u der.i'm sorry.call me wen u get der.God bless,legitimate,other_legit,exais,2014-08-21,auto-subtyped
e03662,Check your May/June 2014 WAEC results easily via your phone. Text WAEC*EXAMNO*PIN <CODE> NOW. NGN30 per SMS,legitimate,other_legit,exais,2014-08-17,auto-subtyped
e03663,"Dear Customer,you have 4 free SMS to etisalat numbers. 10 free MMS to all etisalat lines. 60 seconds free airtime.",legitimate,recharge,exais,2014-08-15,auto-subtyped
e03664,Free Browsing on Easy Cliq! Recharge N100 Now and Get 5MB FREE to Browse Your Favorite Sites From Your etisalat Line.Recharge Another N100 and Get 10MB MORE,legitimate,recharge,exais,2014-08-04,auto-subtyped
e03674,Bunkyy...wasupp...p.josh send rice 2 uu nw.and pple dey hungry here gann...sod we eat it??B-).fanks so much dear.luv uuu,legitimate,other_legit,exais,2014-08-15,auto-subtyped
e03675,Pls I 4got 2 spread d underwears i washd .its inside d bucket in d room.pls help me wit it,legitimate,other_legit,exais,2014-02-01,auto-subtyped
e03676,Plsss...dis is folashade...I'm n colamurud.I'll need d note.vsory I didn't pick up my fone was inside d rum just coming back 4rm d rum nw.aw will I get it??,legitimate,other_legit,exais,2014-08-15,auto-subtyped
e03677,"Get 100% bonus credit on your airtime if you recharge quickly from Quickteller.com, ATM or *356# now! Dial *123*69# to view bonus. T&C apply",legitimate,promo_marketing,exais,2014-08-14,auto: relabelled marketing
e03678,"I've already paid 4 d stuff and...I'm sorry i CNT leave it,...folashade.",legitimate,other_legit,exais,2014-08-13,auto-subtyped
e03679,Kunle Afolayan says he was isolated from others in Seychelles.For more news Text NAIJA to 38547 & get News 5Days free.Service will auto-renew N50/5days,legitimate,promo_marketing,exais,2014-08-11,auto: relabelled marketing
e03680,"Extension of subscription! 7 Health Wellness tips will be yours at a cost of N100! Bonus tip: ""Scrabble game stimulates the mind"". For details text INFO to 7804",legitimate,promo_marketing,exais,2014-08-10,auto: relabelled marketing
e03682,"Govt action against Ebola: Identifying &monitoring exposed persons,air/seaports &land borders.Report cases to <PHONE>,<PHONE>. <EMAIL>",legitimate,other_legit,exais,2014-08-03,auto-subtyped
e03685,"Welcome to Magicball. Enjoy 5 free days of funny answers to your life's questions. To unsubscribe text STOP to38454 or dial *845#. for help text ""help"" to 38454.",legitimate,promo_marketing,exais,2014-07-30,auto: relabelled marketing
e03687,Taiwo fst...<PHONE>,legitimate,other_legit,exais,2014-07-20,auto-subtyped
e03688,"pls am in a serious financial mess..i nid a sum of 5k 2 be balance,....can i get it 4rm u nd i wil return it b4 friday.",legitimate,other_legit,exais,2014-07-14,auto-subtyped
e03689,Welcome to Islamic service ONE SIM PACKAGE. Enjoy 5 free days of Douaa Service kindly confirm by sending 1 to 786.,legitimate,promo_marketing,exais,2014-07-11,auto: relabelled marketing
e03690,Watever u wana cook..i go chop o..,legitimate,other_legit,exais,2014-07-08,auto-subtyped
e03691,Pls stop d shit...tankx,legitimate,other_legit,exais,2014-07-07,auto-subtyped
e03692,Helooooo Sir.... I need the stuff nw!!!,legitimate,other_legit,exais,2014-07-06,auto-subtyped
e03693,Bring ma plates now plsssss.by d way....y did u hang up on me yday???:-(,legitimate,other_legit,exais,2014-06-30,auto-subtyped
e03694,TANKX 4 being a calumniator and besmirchous nd also a sully.by denigrating nd slandering me.despite d erotic love i depicted 2 u..i just dnt knw ao 2 evince my dissapointment.nd nw i want u 2 knw dat i dnt want 2 be in lov bcoz u are beautiful nd i knw it wil soon evanesce.nd knw dis dat i dnt commove people bcoz ur reply is veridical. i may be eldritich but i actually opt 2 b. so ave make clean breast of ma mistake.move wif ur klas dat do fleece u!.,legitimate,other_legit,exais,2014-05-20,auto-subtyped
e03695,HELO..MAWNI..wat of d fella i told u about?.. pls i nid ans 2 dat...nd i dnt want u 2 see dat offer as a mere 1..nd dnt fink of it in terms of present situations bur fink of it in a futurely manner...U MAY NT JUST IMAGINE DAT..BUR IT IS 4 OUR BENEFIT!!,legitimate,promo_marketing,exais,2014-05-20,auto-subtyped
e03696,helo...ao do u do?...ao va about wat i told u..?. i want u 2 reasn wif me...pls sade i nid u in moi lyf...kindly reply nw...,legitimate,other_legit,exais,2014-05-18,auto-subtyped
e03697,M ABOUT 2 SLIP NW,legitimate,other_legit,exais,2014-05-18,auto-subtyped
e03698,lolx..disapointing?.. me too small 4 u?. or tu big?.or becos i ask 4 her d oda tym.. i just ask her nd ask her bcos i want u 2 knw ao i deal wif dos that i lov...or did u fink it is a sin? dn ask GOD about it..or did u fink it s tu early...remember it only comes but once. or u fink it is nt godly?PAIT!!.,legitimate,other_legit,exais,2014-05-18,auto-subtyped
e03699,Haaaaa....dats so disappointing:-X...I can't just imagin DAT!!!!u f gannn,legitimate,other_legit,exais,2014-05-18,auto-subtyped
e03700,HELO..AO U DOIN?.?I TOLD U D ODA TYM DAT IF MA PLANS WORKS NT..I WLL GONNA WORK ON PLAN B...WICH IS U!.CHECK IT AND REPLY NW!.,legitimate,other_legit,exais,2014-05-18,auto-subtyped
e03701,M.D.W.U.I.U.BN...MEDOO..IN DEO'S SPARAMUS!!!,legitimate,other_legit,exais,2014-04-06,auto-subtyped
e03702,He just told me u wanna see me.....just mind d way u express ur self...BE HAPPY!!!,legitimate,other_legit,exais,2014-04-05,auto-subtyped
e03703,I just told him he sod tel u d bring d stuff...I didn't tel him anyfin...wat did he say???I dnt av card again,legitimate,other_legit,exais,2014-04-05,auto-subtyped
e03704,U WANNA REALLY FALL MA HAND???....B. C.limicious?.,legitimate,other_legit,exais,2014-04-05,auto-subtyped
e03705,Saw ur missed cal...watsup,legitimate,other_legit,exais,2014-03-13,auto-subtyped
e03706,I'm owk...don't worry.I've eaten..fanks,legitimate,other_legit,exais,2014-03-12,auto-subtyped
e03707,ME NT COM4TABLE WITHOUT U COLECTIN D RECEIT OR BEANX...pls reply me..,legitimate,other_legit,exais,2014-03-12,auto-subtyped
e03708,Pls bring d cooler....or bring d ewa...pls call me,legitimate,other_legit,exais,2014-03-12,auto-subtyped
e03709,Wasup....I saw ya missed call yday...HP no p:-) ...call me nw pls,legitimate,other_legit,exais,2014-03-09,auto-subtyped
e03710,I'm n chm 231 class..:-) vvv tired.wasup wit u???HP u gud.God bless u,legitimate,other_legit,exais,2014-03-04,auto-subtyped
e03714,"Free Gift! <PHONE> in one of the few lucky winners to receive 7 FREE days of ""History Facts"" & then N100/week! Text OK to 7803 at no cost!",scam,promo_win,exais,2014-06-24,auto: fraud
e03715,9.06E+14,legitimate,other_legit,exais,2014-06-24,auto-subtyped
e03716,70XXXXXX51,legitimate,other_legit,exais,2014-06-19,auto-subtyped
e03718,"Stand out to grasp the second half of the year.Joy unequalled never ending is your portion.Welcome to June.Ps.30:5,126:05:00,Isa.12:3,62:1-8.Past. Taju(<PHONE>)",legitimate,other_legit,exais,2014-06-01,auto-subtyped
e03719,"Dear MU student..just to inform YOU of an instruction from rev WARD..all sons & daughters are to give btw 2k & 5k as we resume..this is to ensure effective operations in the Kingdom Community..do something deliberate..before the end of JUNE..it is a seed that surely has an harvest!Yours,T++",legitimate,other_legit,exais,2014-05-30,auto-subtyped
e03720,We'll talk lata .....I'm busy nw,legitimate,other_legit,exais,2014-05-29,auto-subtyped
e03721,I'll call u wen its 12.30am with ma Mtn....don't sleep oo,legitimate,other_legit,exais,2014-05-28,auto-subtyped
e03722,"Pls...bring my jotter,I wrote chm 231 in it...and pen 4 me pls I can't find d 1 here.thanks so much luv;-o:-/:-*.ure a blessing",legitimate,other_legit,exais,2014-05-10,auto-subtyped
e03723,<PHONE>...Adedotun folashade...gtb,legitimate,other_legit,exais,2014-05-28,auto-subtyped
e03724,TOBI SEND UR ACCT NO AND PLS TEL OTHERS T.T PLAYAS,legitimate,debit_alert,exais,2014-05-28,auto-subtyped
e03725,"Helo dearest general! hw has bin ur brk?hop it'bin gr8? pls b reminded dat we shal b leavin 4 d vilage on thurs morni.it's d lord's busines,pls avail urself.ur presenc is highly impotant.stay blsd.luv u...briefly...",legitimate,other_legit,exais,2014-05-27,auto-subtyped
e03726,Happy children day.,legitimate,other_legit,exais,2014-05-27,auto-subtyped
e03727,"Hi babe how was ur day,hope evrtin work 4gud 4 u 2day.Just want 2 say helo 2 u",legitimate,other_legit,exais,2014-05-26,auto-subtyped
e03738,"3.69E+14,3.22E+13",legitimate,other_legit,exais,2014-05-26,auto-subtyped
e03739,9.81E+11,legitimate,other_legit,exais,2014-05-25,auto-subtyped
e03740,"Gudday,ows ur break?just cheacking on u nd ur faith?pls be strong in da lord.dis is nt d best of u crave more for Him",legitimate,other_legit,exais,2014-05-26,auto-subtyped
e03741,Pin- 332F22E9......Bless U̶̲̥̅̊ ma,legitimate,other_legit,exais,2014-05-24,auto-subtyped
e03742,"Download hot singles as callertunez! to use RAINBOW REMIX ft T-PAIN by 2FACE, text 70519 to 251; to use I CELEBRATE by WACONZY, text 70556 to 251 Cost: N50/tune",legitimate,promo_marketing,exais,2014-05-22,auto: relabelled marketing
e03743,Am at colarmrud incase u wnt 2 cum pls help bring water.,legitimate,other_legit,exais,2014-05-10,auto-subtyped
e03744,Will the Current UEFA champions move to the Final? Get live match updates as Bayern Munchen battles Real Madrid today. Dial *244#. Service cost N20 daily.,legitimate,promo_marketing,exais,2014-04-29,auto: relabelled marketing
e03745,"Add me to BBM! On BlackBerry, click pin:7a51909a and select ""Invite to BBM"". On Android or iPhone, click <URL> to add me or download BBM.",legitimate,appointment,exais,2014-04-25,auto-subtyped
e03746,Dia has always bin alot of anger in me &loneliness weneva i tink of aw i was maltreated but ur care & guidance 2wards me change my feelings dat dia is stil u whose style of relationship is worth emulating. Thanks 4 being there,legitimate,other_legit,exais,2014-03-18,auto-subtyped
e03747,"Even though distance has aalready kept us aside, u wil always remain a substantial and consistent cjounsellor in my lyf, my feelin 2wards u is mind bloggling.",legitimate,other_legit,exais,2014-03-18,auto-subtyped
e03748,Hapi new mth....dis is ur mth of new beginning ....u'll not lack any good thing in Jesus name.it is well with everything DAT concerns u,legitimate,other_legit,exais,2014-03-01,auto-subtyped
e03749,I'm n petrochemical class n chm lab n mp here...looked for u BT didn't see u.lecturer is in class,legitimate,other_legit,exais,2014-02-27,auto-subtyped
e03750,Gmawnin...pls cm 4 Sunday skool...hapi new mth,legitimate,other_legit,exais,2014-02-02,auto-subtyped
e03751,"Gud evening. Pls send me Mtn airtym, I need make some calls and i don't ve call card and cnt get wia I am. Thanks. Esther waiting",legitimate,other_legit,exais,2014-04-18,auto-subtyped
e03752,Pls I nid all d definitions n sts.pls help me wit d photocopy ...sory 4 disturbing u;-o,legitimate,other_legit,exais,2014-04-08,auto-subtyped
e03753,Hmmm...OK ooooo.extend my gritns 2 Solomon and medo,legitimate,other_legit,exais,2014-04-08,auto-subtyped
e03754,I'll collect it later jare... don't disturb urself.,legitimate,other_legit,exais,2014-04-08,auto-subtyped
e03755,G.evening....pls dis is folashade...aw am I going 2 give u d money pls.cal me nw pls.,legitimate,other_legit,exais,2014-04-08,auto-subtyped
e03756,"Stay blessed today. For Biblical Quotes text 1 to 38459,for Daily Blessings text 2 to 38459,For Daily Prayer text 3 to 38459.Service cost N20 for 3 days",legitimate,other_legit,exais,2014-04-07,auto-subtyped
e03757,"Hey, misd u gaaaan. Hope u're fyn, add me on fcbk, <EMAIL> . Av a pleasant nyt rest dear",legitimate,other_legit,exais,2014-03-01,auto-subtyped
e03758,Opeyemi...081XXXXX797,legitimate,other_legit,exais,2014-03-01,auto-subtyped
e03759,Gideon Jtr...081XXXXXX26,legitimate,other_legit,exais,2014-03-01,auto-subtyped
e03761,Take my eyes but let me see U.Take my mind but let me Think about U. But don't try to take my Heart coz its already with U. I LOVE U! Send to a loved one 2dy!,legitimate,other_legit,exais,2014-02-11,auto-subtyped
e03762,"Your FREE Airtel Football Service expires today, you will be unsubscribed from the service.To continue enjoying service,Text GO to 244 or Dial *244# at N20daily",legitimate,promo_marketing,exais,2014-02-08,auto: relabelled marketing
e03766,"Get daily alerts on health tips, info on common diseases and precautions. Dial *303# NOW. Service cost N10 per alert!",legitimate,promo_marketing,exais,2014-01-29,auto: relabelled marketing
e03767,FUN/HOS/FIN/20132014/1/47890,legitimate,other_legit,exais,2014-01-15,auto-subtyped
e03768,081XXXXXX17 called you on 05/09/2014 at 9:44 .Recharge N200 to get N500 worth of Airtime & 5MB data weekly on Easy Starter.,legitimate,promo_marketing,exais,2014-09-05,auto: relabelled marketing
e03769,081XXXXXX317 called you 2 times from 04/09/2014 20:08 to 04/09/2014 21:58.Recharge N200 to get N500 worth of Airtime & 5MB data weekly on Easy Starter.,legitimate,promo_marketing,exais,2014-09-04,auto: relabelled marketing
e03770,081XXXXXX317 called you on 04/09/2014 at 20:07 .Recharge N200 to get N500 worth of Airtime & 5MB data weekly on Easy Starter.,legitimate,promo_marketing,exais,2014-09-04,auto: relabelled marketing
e03771,081XXXXXX17 called you on 03/09/2014 at 7:57 .Recharge N200 to get N500 worth of Airtime & 5MB data weekly on Easy Starter.,legitimate,promo_marketing,exais,2014-09-03,auto: relabelled marketing
e03772,Get 5MB Free& N300 Free Credit To Call 2 Special Numbers Every Week. Simply Recharge With N200 Weekly. Dial*233*1*Etisalatnumber# To Register Ur special Num,legitimate,promo_marketing,exais,2014-08-30,auto: relabelled marketing
e03773,Dial *5995*2# to Get 1GB data plan to browse your favourite sites for just N1000. Data valid till 11:59PM Sunday,legitimate,promo_marketing,exais,2014-08-24,auto: relabelled marketing
e03776,hbd kenny many more yrs in good health and sucess sorry its cumij late tak care,legitimate,other_legit,exais,2014-08-11,auto-subtyped
e03777,Noooo I can't do dat now! Come on!,legitimate,other_legit,exais,2014-07-06,auto-subtyped
e03779,"10MB valid for 1 day at N100 only, dial 14154 for your daily internet tonic",legitimate,promo_marketing,exais,2014-06-17,auto: relabelled marketing
e03780,"Morning is silent,morning is calm,morning is beautifil,but morning is not completewithout wishing u good and wonderful day.",legitimate,other_legit,exais,2014-06-02,auto-subtyped
e03781,"i wish i could bethere to care 4 u,instead of sayingthis loving good nite.",legitimate,other_legit,exais,2014-06-01,auto-subtyped
e03782,The first sunlight to touch your face is My wishper to GOD to take care pf you.and to make ur day a PLEASANT 1.GOOD MORNING,legitimate,other_legit,exais,2014-05-31,auto-subtyped
e03783,"My nxt girlfriend iyaf 4get me..wel, i no vex o.. Hp u gud nd u enjoyin d brk?? Jst checkin on u nd takia of ursef..ciao",legitimate,other_legit,exais,2014-05-27,auto-subtyped
e03784,"tomorrow,Gues u kno d initial writer. M sorry bt i do love you",legitimate,other_legit,exais,2014-05-21,auto-subtyped
e03785,Night is designed to end the worries and fear of d day it signifies to leave it all to God and prepare for anoda to come av a peaceful nite and a blessed,legitimate,other_legit,exais,2014-05-21,auto-subtyped
e03786,"Av been tryin to reach u bt ur no has nt been going. Anyway guess u had a great day , nd am realy glad we had a lengthy talk today. Av a nice rest dear. SODEEQ",legitimate,other_legit,exais,2014-03-12,auto-subtyped
e03787,"Hi, I just gt bk Om afta tireless search 4 credit buh ws unable 2 gt one. I wishd 2 chat wit u more b4 goin 2 bed. Do av a blissful 9t rest... Swt dreams",legitimate,credit_alert,exais,2014-05-20,auto-subtyped
e03788,Good morning dear... I couldn't come bcos of d rain dat fell yesterday evening.. I'll see u after class 2mrw.. Thanks for helping me out.. See u soon,legitimate,other_legit,exais,2014-03-17,auto-subtyped
e03790,"Asww Kafayat, I hope u had a busy schedule 2day wch make u slp early though i gt ur no late 2wards Isha prayer. Av bin so thirsty nd eager 2 hear ur sweet voice. I'l i aprc8 a prompt reply afta readin diz so as 2 make my intentiön knwn 2 ... With lots of love 4rm: OLABODE <DAYO'S FRND> XOXO",legitimate,other_legit,exais,2014-03-15,auto-subtyped
e03791,"If i were u, i'd listen to wht i av to say. Nt a must tho. Nice day.",legitimate,other_legit,exais,2014-03-15,auto-subtyped
e03792,3k paid into ur a/c u must have $een,legitimate,other_legit,exais,2014-03-11,auto-subtyped
e03793,Akinyemi. Kafayat. Olamide gtbank. A/c no 01XXXXXX74,legitimate,other_legit,exais,2014-03-10,auto-subtyped
e03794,"Kiffy,mancot is nt yet workin,pls let meet at d coleng pls.",legitimate,other_legit,exais,2014-03-07,auto-subtyped
e03795,Wt my supervisor. Am doin my IT defence tomoro so we ar doin mini presentatn nw. Tried ur number wen am less busy bt nt goin.,legitimate,other_legit,exais,2014-03-04,auto-subtyped
e03796,"Txn Id R140905.0740.210100 to recharge 90 NGN from <ACCT> is successful. New balance is 90.17 NGN, validity till 0 & grace till 0.To see Airtime Bonus,pls call *223#.",legitimate,debit_alert,exais,2014-09-05,auto-subtyped
e03797,"Txn Id R140903.1941.210206 to recharge 90 NGN from <ACCT> is successful. New balance is 90.23 NGN, validity till 0 & grace till 0.To see Airtime Bonu",legitimate,debit_alert,exais,2014-09-03,auto-subtyped
e03798,"Txn Id R140902.2010.210293 to recharge 90 NGN from <ACCT> is successful. New balance is 91.19 NGN, validity till 0 & grace till 0.To see Airtime Bonus,pls call *223#.",legitimate,debit_alert,exais,2014-09-02,auto-subtyped
e03799,"Txn Id R140902.0846.210119 to recharge 90 NGN from <ACCT> is successful. New balance is 91.51 NGN, validity till 0 & grace till 0.To see Airtime Bonus,pls call *223#.",legitimate,debit_alert,exais,2014-09-02,auto-subtyped
e03800,"Txn Id R140901.1329.220035 to recharge 90 NGN from <ACCT> is successful. New balance is 90.01 NGN, validity till 0 & grace till 0.To see Airtime Bonus,pls call *223#.",legitimate,debit_alert,exais,2014-09-01,auto-subtyped
e03801,"Dear Customer, you have been credited with 90N. Please recharge by 08/09/2014 to repay this amount.",legitimate,recharge,exais,2014-09-05,auto-subtyped
e03802,"Dear Customer, you have been credited with 90N. Please recharge by 05/09/2014 to repay this amount.",legitimate,recharge,exais,2014-09-02,auto-subtyped
e03803,"Dear Customer, you have been credited with 90N. Please recharge by 04/09/2014 to repay this amount.",legitimate,recharge,exais,2014-09-01,auto-subtyped
e03805,"It won't sound good at all if I didn't inform him before giving his contact out. Its better for me to tell him first and he called me in d morning,so I believe he will still call me later",legitimate,other_legit,exais,2014-09-02,auto-subtyped
e03806,"Plz send me d numba of d man,very urgent plz",legitimate,other_legit,exais,2014-09-02,auto-subtyped
e03807,"CHECK D NOTICE BOARD. UR EXAM BEGINS WED 3, 2O14. INFORM OTHERS. DR ODULATE.",legitimate,appointment,exais,2014-09-01,auto-subtyped
e03809,"Am very worried,plz get back to me asa u get this msg,ild leave my airtel on all thru d night,hope ur ohk coz all ur lines are off,can't sleep plz.",legitimate,other_legit,exais,2014-08-31,auto-subtyped
e03810,"Baby what's happening,tried calling but not reachable. How u love and home? Miss u much honey",legitimate,other_legit,exais,2014-08-31,auto-subtyped
e03811,Your Padi4Life benefit of half a million naira is renewed. You have paid (0) Days this week. Fees N20/day. To opt-out text STOP to 45433.,legitimate,promo_marketing,exais,2014-08-31,auto: relabelled marketing
